id,nama,jenis_sumber,produsen,satuan_saji,takaran_saji,sajian_per_kemasan,bdd_persen,energi_kkal,karbohidrat_total_g,protein_g,lemak_total_g,natrium_mg,serat_pangan_g,kalsium_mg,besi_mg,vitamin_a_mcg,vitamin_c_mg,kalium_mg,seng_mg,vitamin_b2_mg,vitamin_b1_mg,air_g,fosfor_mg,b_karoten_mcg,tembaga_mcg,vitamin_b3_mg,abu_g,gula_g,kolesterol_mg,lemak_jenuh_g,energi_dari_lemak_kkal,lemak_trans_g,lemak_tidak_jenuh_ganda_g,energi_dari_lemak_jenuh_kkal,folat_mcg,vitamin_b6_mg,magnesium_mg,vitamin_e_mg,karoten_total
1,"Beras giling, mentah",Bahan alami,,g,100.0,,100.0,357.0,77.1,8.4,1.7,27.0,0.2,147.0,1.8,0.0,0.0,71.0,0.5,0.08,0.2,12.0,81.0,0.0,100.0,2.6,0.8,,,,,,,,,,,,
2,"Beras giling var pelita,mentah",Bahan alami,,g,100.0,,100.0,369.0,77.1,9.5,1.4,34.0,0.4,68.0,1.4,0.0,0.0,0.0,0.0,0.0,0.26,11.4,171.0,0.0,0.0,0.0,0.6,,,,,,,,,,,,
3,"Beras giling var rojolele, mentah",Bahan alami,,g,100.0,,100.0,357.0,77.1,8.4,1.7,34.0,0.2,147.0,1.8,0.0,0.0,112.9,0.1,0.02,0.2,12.0,81.0,0.0,140.0,1.5,0.8,,,,,,,,,,,,
4,"Beras hitam, mentah",Bahan alami,,g,100.0,,100.0,351.0,76.9,8.0,1.3,15.0,20.1,6.0,0.1,0.0,0.0,105.0,1.6,0.06,0.21,12.9,198.0,0.0,100.0,0.0,0.9,,,,,,,,,,,,
5,"Beras jagung kuning kering, mentah",Bahan alami,,g,100.0,,100.0,358.0,82.7,5.5,0.1,1.0,10.0,20.0,1.4,0.0,3.0,80.0,4.1,0.08,0.12,10.8,90.0,641.0,1100.0,1.0,0.9,,,,,,,,,,,,
6,"Beras jagung putih, kering, mentah",Bahan alami,,g,100.0,,100.0,307.0,71.8,4.8,0.1,1.0,10.0,17.0,1.2,0.0,0.0,70.0,3.5,0.07,0.15,22.5,78.0,301.0,1100.0,0.9,0.8,,,,,,,,,,,,
7,"Beras ketan hitam tumbuk, mentah",Bahan alami,,g,100.0,,100.0,360.0,74.5,8.0,2.3,11.0,1.0,10.0,6.2,0.0,0.0,288.0,2.2,0.1,0.24,13.7,347.0,0.0,280.0,2.0,1.5,,,,,,,,,,,,
8,"Beras ketan putih tumbuk, mentah",Bahan alami,,g,100.0,,100.0,361.0,78.4,7.4,0.8,3.0,0.4,13.0,3.4,0.0,0.0,282.0,2.2,0.0,0.28,12.9,157.0,0.0,280.0,1.4,0.5,,,,,,,,,,,,
9,"Beras ladang, mentah",Bahan alami,,g,100.0,,100.0,376.0,78.0,7.5,3.8,10.0,5.9,20.0,0.8,0.0,0.0,70.0,1.4,0.2,0.2,9.8,110.0,0.0,100.0,5.1,0.9,,,,,,,,,,,,
10,"Beras menir, mentah",Bahan alami,,g,100.0,,100.0,362.0,73.0,7.7,4.4,90.0,0.2,22.0,3.7,0.0,0.0,201.0,0.5,0.0,0.55,12.0,272.0,0.0,1100.0,1.9,0.2,,,,,,,,,,,,
11,Beras parboiled,Bahan alami,,g,100.0,,100.0,353.0,80.0,6.8,0.6,2.0,0.5,5.0,0.8,0.0,0.0,46.0,1.0,0.11,0.22,10.0,142.0,0.0,280.0,3.4,2.5,,,,,,,,,,,,
12,"Beras tumbuk, mentah",Bahan alami,,g,100.0,,100.0,354.0,79.9,7.8,0.4,5.0,3.8,3.0,0.6,0.0,0.0,85.0,1.5,0.22,0.25,11.5,112.0,0.0,500.0,5.1,0.4,,,,,,,,,,,,
13,"Beras tumbuk merah, mentah",Bahan alami,,g,100.0,,100.0,352.0,76.2,7.3,0.9,10.0,0.8,15.0,4.2,0.0,0.0,202.0,1.9,0.0,0.34,14.6,257.0,0.0,360.0,3.3,1.0,,,,,,,,,,,,
14,"Cantel / sorgum, mentah",Bahan alami,,g,100.0,,100.0,366.0,73.0,11.0,3.3,7.0,1.2,28.0,4.4,0.0,0.0,249.0,0.0,0.14,0.09,11.0,287.0,0.0,0.0,2.8,1.7,,,,,,,,,,,,
15,"Jagung muda, kening, mentah",Bahan alami,,g,100.0,,100.0,147.0,31.5,5.1,0.7,5.0,1.3,6.0,1.1,0.0,9.0,33.6,0.9,0.1,0.24,61.8,122.0,113.0,130.0,0.8,0.9,,,,,,,,,,,,
16,"Jagung kuning pipil, kering, mentah",Bahan alami,,g,100.0,,100.0,366.0,69.1,9.8,7.3,5.0,2.2,30.0,2.3,0.0,3.0,79.4,4.1,0.12,0.12,11.5,538.0,636.0,100.0,1.8,2.4,,,,,,,,,,,,
17,"Jagung pipil var, harapan, mentah",Bahan alami,,g,100.0,,100.0,367.0,76.2,6.2,5.1,1.0,2.6,7.0,2.8,0.0,0.0,79.6,4.1,0.08,0.19,11.3,354.0,637.0,100.0,1.0,1.2,,,,,,,,,,,,
18,"Jagung pipil var, metro,kering",Bahan alami,,g,100.0,,100.0,368.0,78.0,5.5,4.6,1.0,2.9,7.0,2.4,0.0,0.0,80.2,4.1,0.08,0.16,10.6,300.0,642.0,100.0,1.0,1.3,,,,,,,,,,,,
19,"Jali, mentah",Bahan alami,,g,100.0,,90.0,324.0,61.0,11.0,4.0,24.0,3.1,213.0,11.0,0.0,0.0,0.0,0.4,0.08,0.14,23.0,176.0,0.0,100.0,1.8,1.0,,,,,,,,,,,,
20,"Jawawut,mentah",Bahan alami,,g,100.0,,100.0,364.0,73.4,9.7,3.5,7.0,8.2,28.0,5.3,0.0,0.0,255.1,1.5,0.28,0.33,11.9,311.0,33.0,450.0,4.5,1.5,,,,,,,,,,,,
21,"Jampang huma, mentah",Bahan alami,,g,100.0,,100.0,350.0,78.2,6.3,1.4,53.0,1.7,329.0,5.3,0.0,0.0,396.7,1.6,0.3,0.51,11.7,254.0,33.0,700.0,0.7,2.5,,,,,,,,,,,,
22,Nasi / Nasi Putih,Bahan alami,,g,100.0,,100.0,180.0,39.8,3.0,0.3,1.0,0.2,25.0,0.4,0.0,0.0,38.0,0.6,0.1,0.05,56.7,27.0,0.0,100.0,2.6,0.2,,,,,,,,,,,,
23,Nasi tim,Bahan alami,,g,100.0,,100.0,120.0,26.0,3.4,0.4,0.0,0.5,3.0,0.4,0.0,0.0,23.9,0.4,0.0,0.1,71.0,7.0,0.0,100.0,1.4,0.2,,,,,,,,,,,,
24,"Beras, tapai",Bahan alami,,g,100.0,,100.0,99.0,22.4,1.7,0.3,26.0,0.0,4.0,0.0,0.0,0.0,2.0,0.5,0.0,0.0,75.5,19.0,0.0,100.0,0.0,0.1,,,,,,,,,,,,
25,"Beras, tepung, mentah",Bahan alami,,g,100.0,,100.0,353.0,80.0,7.0,0.5,5.0,2.4,5.0,0.8,0.0,0.0,241.0,0.8,0.1,0.12,12.0,140.0,0.0,100.0,1.2,0.5,,,,,,,,,,,,
26,Nasi merah,Bahan alami,,g,100.0,,100.0,149.0,32.5,2.8,0.4,5.0,0.3,6.0,0.8,0.0,0.0,91.4,0.9,0.0,0.06,64.0,63.0,0.0,200.0,1.6,0.3,,,,,,,,,,,,
27,"Bihun, mentah",Bahan alami,,g,100.0,,100.0,348.0,82.1,4.7,0.1,12.0,1.2,6.0,1.8,0.0,0.0,5.0,0.7,0.0,0.0,12.9,35.0,0.0,80.0,0.2,0.2,,,,,,,,,,,,
28,Bihun goreng instan,Bahan alami,,g,100.0,,100.0,381.0,80.3,6.1,3.9,928.0,0.0,266.0,2.9,58.0,0.0,0.0,0.0,0.0,0.37,9.0,151.0,0.0,0.0,0.0,0.7,,,,,,,,,,,,
29,"Bihun jagung, mentah",Bahan alami,,g,100.0,,100.0,354.0,87.4,0.5,0.3,49.0,3.0,13.0,0.6,0.0,0.0,1.4,0.0,0.02,0.02,11.3,111.0,0.0,400.0,0.3,0.5,,,,,,,,,,,,
30,"Jagung nasi, mentah",Bahan alami,,g,100.0,,100.0,357.0,79.5,8.8,0.5,2.0,6.2,5.0,0.6,0.0,0.0,30.4,0.3,0.02,0.3,11.0,43.0,0.0,100.0,0.1,0.3,,,,,,,,,,,,
31,"Jagung muda,rebus",Bahan alami,,g,100.0,,100.0,142.0,30.3,5.0,0.7,5.0,0.8,5.0,0.8,0.0,0.0,24.3,0.9,0.0,0.15,53.2,105.0,145.0,200.0,0.7,0.8,,,,,,,,,,,,
32,"Jagung kuning, tepung",Bahan alami,,g,100.0,,100.0,355.0,73.7,9.2,3.9,11.0,7.2,10.0,2.4,0.0,0.0,24.4,1.7,0.02,0.38,12.0,256.0,0.0,230.0,0.3,1.2,,,,,,,,,,,,
33,"Jagung kuning pipil, rebus",Bahan alami,,g,100.0,,100.0,154.0,28.4,3.8,3.5,5.0,0.7,7.0,0.5,0.0,0.0,56.4,4.4,0.1,0.08,63.7,171.0,818.0,100.0,1.7,0.6,,,,,,,,,,,,
34,"Jagung, tepung putih",Bahan alami,,g,100.0,,100.0,355.0,73.7,9.2,3.9,11.0,7.2,10.0,2.4,0.0,0.0,24.4,1.7,0.02,0.38,12.0,256.0,0.0,230.0,0.3,1.2,,,,,,,,,,,,
35,"Ketan, ketupat",Bahan alami,,g,100.0,,100.0,212.0,38.6,4.0,4.6,0.0,0.2,8.0,1.0,0.0,0.0,0.0,0.0,0.0,0.07,52.0,46.0,0.0,0.0,0.2,0.9,,,,,,,,,,,,
36,"Ketan hitam, matang",Bahan alami,,g,100.0,,100.0,181.0,37.3,4.0,1.2,9.0,0.3,9.0,1.7,0.0,0.0,18.4,0.7,0.0,0.06,56.9,144.0,0.0,100.0,0.5,0.6,,,,,,,,,,,,
37,"Ketan hitam, tapai",Bahan alami,,g,100.0,,100.0,166.0,34.4,3.8,1.0,5.0,0.3,8.0,1.6,0.0,0.0,12.0,0.0,0.0,0.02,50.2,106.0,0.0,0.0,0.0,0.6,,,,,,,,,,,,
38,"Ketan putih, matang",Bahan alami,,g,100.0,,100.0,163.0,35.7,3.0,0.4,8.0,0.2,4.0,0.7,0.0,0.0,16.8,0.7,0.0,0.07,60.7,55.0,0.0,100.0,0.5,0.2,,,,,,,,,,,,
39,"Ketan putih, tapai",Bahan alami,,g,100.0,,100.0,172.0,37.5,3.0,0.5,1.0,0.6,6.0,0.5,0.0,0.0,0.0,0.0,0.0,0.04,58.9,35.0,0.0,0.0,0.2,0.1,,,,,,,,,,,,
40,"Maizena, tepung",Bahan alami,,g,100.0,,100.0,341.0,85.0,0.3,0.0,6.0,7.0,20.0,1.5,0.0,0.0,9.0,1.6,0.09,0.0,14.0,30.0,0.0,220.0,1.3,0.7,,,,,,,,,,,,
41,"Makaroni, mentah",Bahan alami,,g,100.0,,100.0,353.0,78.7,8.7,0.4,5.0,4.9,20.0,0.3,0.0,0.0,0.0,1.4,0.13,0.1,11.7,80.0,0.0,280.0,2.2,2.5,,,,,,,,,,,,
42,Mi basah,Bahan alami,,g,100.0,,100.0,88.0,14.0,0.6,3.3,63.0,0.1,14.0,6.8,0.0,0.0,13.5,0.4,0.0,0.0,80.0,13.0,0.0,60.0,0.0,2.1,,,,,,,,,,,,
43,Mi kering,Bahan alami,,g,100.0,,100.0,339.0,6.3,10.0,1.7,760.0,0.4,31.0,3.9,0.0,0.0,83.0,1.9,0.08,0.0,10.6,143.0,0.0,290.0,2.2,1.4,,,,,,,,,,,,
44,Misoa,Bahan alami,,g,100.0,,100.0,345.0,78.0,8.5,2.2,3064.0,0.5,52.0,8.7,0.0,0.0,44.0,0.0,0.02,0.0,10.0,120.0,0.0,80.0,0.2,1.3,,,,,,,,,,,,
45,Roti putih / roti tawar,Bahan alami,,g,100.0,,100.0,248.0,50.0,8.0,1.2,530.0,9.1,10.0,1.5,0.0,0.0,91.0,0.9,0.29,0.1,40.0,95.0,0.0,150.0,2.4,0.8,,,,,,,,,,,,
46,Tepung terigu,Bahan alami,,g,100.0,,100.0,333.0,77.2,9.0,1.0,2.0,0.3,22.0,1.3,0.0,0.0,0.0,2.8,0.07,0.1,11.8,150.0,0.0,0.0,1.0,1.0,,,,,,,,,,,,
47,"Amparan, tatak",Bahan alami,,g,100.0,,100.0,191.0,34.0,1.3,5.5,0.0,0.0,0.0,0.0,0.0,0.0,0.0,0.0,0.0,0.0,58.4,0.0,0.0,0.0,0.0,0.8,,,,,,,,,,,,
48,"Apang kukus, kue",Bahan alami,,g,100.0,,100.0,202.0,46.7,3.0,0.3,0.0,0.0,0.0,0.0,0.0,0.0,0.0,0.0,0.0,0.0,49.5,0.0,0.0,0.0,0.0,0.5,,,,,,,,,,,,
49,"Apem, kue",Bahan alami,,g,100.0,,100.0,148.0,33.9,2.0,0.5,0.0,0.0,0.0,0.0,0.0,0.0,0.0,0.0,0.0,0.0,63.1,0.0,0.0,0.0,0.0,0.5,,,,,,,,,,,,
50,Biskuit,Bahan alami,,g,100.0,,100.0,458.0,75.1,6.9,14.4,241.0,2.1,62.0,2.7,0.0,0.0,20.3,0.6,0.15,0.09,2.2,87.0,14.0,160.0,1.4,1.4,,,,,,,,,,,,
51,"Bakpia, kue",Bahan alami,,g,100.0,,100.0,272.0,44.1,8.7,6.7,0.0,0.9,194.0,4.5,0.0,0.0,0.0,0.0,1.0,0.31,38.9,117.0,0.0,0.0,2.9,1.6,,,,,,,,,,,,
52,Bakwan,Bahan alami,,g,100.0,,100.0,280.0,39.0,8.2,10.2,0.0,3.4,204.0,7.0,0.0,0.0,0.0,0.0,0.0,0.08,40.5,79.0,0.0,0.0,0.0,2.1,,,,,,,,,,,,
53,Bantal,Bahan alami,,g,100.0,,100.0,190.0,43.5,3.3,0.3,164.0,3.4,9.0,0.4,0.0,0.0,84.0,0.9,0.02,0.27,52.3,0.0,0.0,200.0,3.6,0.6,,,,,,,,,,,,
54,Baruasa,Bahan alami,,g,100.0,,100.0,417.0,79.3,6.5,8.2,0.0,0.0,0.0,0.0,0.0,0.0,0.0,0.0,0.0,0.0,5.3,0.0,0.0,0.0,0.0,0.7,,,,,,,,,,,,
55,Batar daan,Bahan alami,,g,100.0,,100.0,107.0,19.6,2.2,2.2,200.0,0.0,20.0,0.6,0.0,0.0,90.0,0.0,0.02,0.18,75.3,30.0,0.0,100.0,0.0,0.7,,,,,,,,,,,,
56,Bika ambon,Bahan alami,,g,100.0,,100.0,199.0,44.4,2.1,1.5,0.0,0.3,45.0,1.8,0.0,0.0,0.0,0.0,0.0,0.1,51.5,28.0,0.0,0.0,0.0,0.6,,,,,,,,,,,,
57,Bingka,Bahan alami,,g,100.0,,100.0,273.0,39.1,5.3,10.6,0.0,0.0,0.0,0.0,0.0,0.0,0.0,0.0,0.0,0.0,44.4,0.0,0.0,0.0,0.0,0.6,,,,,,,,,,,,
58,Bobengka,Bahan alami,,g,100.0,,100.0,225.0,45.2,5.3,2.6,0.0,0.0,0.0,0.0,0.0,0.0,0.0,0.0,0.0,0.0,46.3,0.0,0.0,0.0,0.0,0.6,,,,,,,,,,,,
59,Bolu peca,Bahan alami,,g,100.0,,100.0,197.0,35.6,3.3,4.6,0.0,0.0,0.0,0.0,0.0,0.0,0.0,0.0,0.0,0.0,55.6,0.0,0.0,0.0,0.0,0.9,,,,,,,,,,,,
60,Brem,Bahan alami,,g,100.0,,100.0,249.0,58.0,3.4,0.4,0.0,0.0,198.0,2.0,0.0,0.0,0.0,0.0,0.0,0.34,37.4,86.0,0.0,0.0,0.0,0.9,,,,,,,,,,,,
61,Bubur tinotuan (Manado),Bahan alami,,g,100.0,,100.0,156.0,15.6,2.3,0.2,486.0,8.2,41.0,0.4,0.0,15.0,164.0,0.4,0.04,0.1,80.9,20.0,1437.0,300.0,0.0,1.0,,,,,,,,,,,,
62,Cake tape,Bahan alami,,g,100.0,,100.0,323.0,50.1,4.9,11.5,0.0,1.4,131.0,2.6,26.0,0.0,0.0,0.0,0.16,0.38,32.2,83.0,0.0,0.0,0.3,1.4,,,,,,,,,,,,
63,Cangkuning,Bahan alami,,g,100.0,,100.0,204.0,31.4,2.8,7.5,0.0,0.0,0.0,0.0,0.0,0.0,0.0,0.0,0.0,0.0,57.5,0.0,0.0,0.0,0.0,0.8,,,,,,,,,,,,
64,Dodol bali,Bahan alami,,g,100.0,,100.0,298.0,65.9,3.7,2.1,0.0,0.4,70.0,2.5,0.0,0.0,0.0,0.0,0.0,0.28,26.5,76.0,0.0,0.0,2.5,1.8,,,,,,,,,,,,
65,Dodol galamai,Bahan alami,,g,100.0,,100.0,348.0,76.1,0.4,3.8,38.0,0.5,41.0,2.6,0.0,0.0,76.0,2.1,0.06,0.03,16.5,144.0,0.0,300.0,1.8,1.2,,,,,,,,,,,,
66,Dodol kedongdong,Bahan alami,,g,100.0,,100.0,331.0,63.8,1.9,7.6,0.0,1.0,90.0,2.3,0.0,5.0,0.0,0.0,0.0,0.11,26.4,55.0,0.0,0.0,0.8,0.4,,,,,,,,,,,,
67,Dodol manado,Bahan alami,,g,100.0,,100.0,373.0,51.9,4.3,16.5,35.0,0.4,41.0,2.4,0.0,0.0,72.0,2.1,0.06,0.04,26.1,142.0,0.0,300.0,2.1,1.2,,,,,,,,,,,,
68,Emping beras,Bahan alami,,g,100.0,,100.0,403.0,85.3,10.6,2.2,1.0,0.2,11.0,0.3,0.0,0.0,113.0,2.4,0.16,0.0,13.6,240.0,0.0,300.0,0.0,1.9,,,,,,,,,,,,
69,Gemblong,Bahan alami,,g,100.0,,100.0,274.0,55.5,1.7,5.4,0.0,2.2,69.0,3.3,0.0,0.0,0.0,0.0,0.0,0.0,36.2,55.0,0.0,0.0,0.0,1.2,,,,,,,,,,,,
70,Gendar goreng,Bahan alami,,g,100.0,,100.0,407.0,32.0,6.4,28.2,0.0,0.1,216.0,1.6,0.0,0.0,0.0,0.0,0.0,0.16,30.4,62.0,0.0,0.0,0.6,3.0,,,,,,,,,,,,
71,Intip goreng,Bahan alami,,g,100.0,,100.0,474.0,62.3,7.6,21.6,0.0,1.2,36.0,2.5,0.0,0.0,38.0,0.5,0.03,0.25,6.5,64.0,0.0,50.0,0.8,2.0,,,,,,,,,,,,
72,Jagung gerontol,Bahan alami,,g,100.0,,100.0,156.0,33.3,2.7,1.3,0.0,1.0,51.0,1.2,0.0,0.0,0.0,0.0,0.0,0.08,61.7,105.0,0.0,0.0,0.0,0.8,,,,,,,,,,,,
73,Jagung titi,Bahan alami,,g,100.0,,100.0,374.0,79.1,9.4,2.2,0.0,0.8,14.0,2.9,0.0,0.0,0.0,0.0,0.0,0.2,9.2,142.0,0.0,9000.0,0.0,0.1,,,,,,,,,,,,
74,Japilus,Bahan alami,,g,100.0,,100.0,500.0,67.3,1.2,25.1,0.0,0.4,186.0,4.9,0.0,0.0,0.0,0.0,0.03,0.17,3.8,29.0,0.0,0.0,0.4,2.7,,,,,,,,,,,,
75,Kakicak,Bahan alami,,g,100.0,,100.0,296.0,36.7,3.4,15.1,0.0,0.0,0.0,0.0,0.0,0.0,0.0,0.0,0.0,0.0,43.9,0.0,0.0,0.0,0.0,0.9,,,,,,,,,,,,
76,Kambose,Bahan alami,,g,100.0,,100.0,164.0,32.6,3.0,2.4,0.0,4.3,16.0,0.7,0.0,0.0,32.0,1.6,0.1,0.1,61.5,36.0,256.0,100.0,0.4,0.7,,,,,,,,,,,,
77,Kapusa,Bahan alami,,g,100.0,,100.0,158.0,27.8,4.4,3.2,104.0,5.3,79.0,1.2,0.0,0.0,149.0,1.1,0.05,0.06,63.5,115.0,1374.0,500.0,0.1,1.0,,,,,,,,,,,,
78,Keddo bodong,Bahan alami,,g,100.0,,100.0,290.0,55.2,4.6,5.7,0.0,0.0,0.0,0.0,0.0,0.0,0.0,0.0,0.0,0.0,33.9,0.0,0.0,0.0,0.0,1.0,,,,,,,,,,,,
79,Kue Kelepon,Bahan alami,,g,100.0,,100.0,215.0,41.8,3.7,3.7,0.0,1.0,232.0,3.3,0.0,0.0,0.0,0.0,0.07,0.09,49.6,45.0,0.0,0.0,0.2,1.2,,,,,,,,,,,,
80,Kereput,Bahan alami,,g,100.0,,100.0,580.0,51.1,4.8,39.6,0.0,0.0,0.0,0.0,0.0,0.0,0.0,0.0,0.0,0.0,3.5,0.0,0.0,0.0,0.0,1.0,,,,,,,,,,,,
81,Ketoprak,Bahan alami,,g,100.0,,100.0,153.0,13.0,7.9,7.7,0.0,2.9,153.0,3.4,3.0,0.0,0.0,0.0,0.0,0.05,69.1,134.0,0.0,0.0,0.0,2.6,,,,,,,,,,,,
82,Ketupat kandangan,Bahan alami,,g,100.0,,100.0,109.0,13.4,2.2,5.2,0.0,0.0,0.0,0.0,0.0,0.0,0.0,0.0,0.0,0.0,78.5,0.0,0.0,0.0,0.0,0.7,,,,,,,,,,,,
83,Koya,Bahan alami,,g,100.0,,100.0,366.0,77.5,4.2,4.3,0.0,0.8,153.0,7.0,0.0,0.0,0.0,0.0,0.0,0.0,13.2,222.0,0.0,0.0,0.0,0.8,,,,,,,,,,,,
84,Koya mirasa,Bahan alami,,g,100.0,,100.0,370.0,82.2,8.0,1.0,0.0,0.4,83.0,17.0,3.0,0.0,0.0,0.0,0.45,0.19,7.2,110.0,0.0,0.0,2.6,1.6,,,,,,,,,,,,
85,Koyabu,Bahan alami,,g,100.0,,100.0,241.0,47.2,3.4,4.3,0.0,0.0,0.0,0.0,0.0,0.0,0.0,0.0,0.0,0.0,44.2,0.0,0.0,0.0,0.0,0.9,,,,,,,,,,,,
86,Kue ali,Bahan alami,,g,100.0,,100.0,440.0,64.5,3.8,18.5,0.0,0.3,27.0,2.5,0.0,0.0,0.0,0.0,0.09,0.13,12.8,47.0,0.0,0.0,0.0,0.4,,,,,,,,,,,,
87,Kue bangen,Bahan alami,,g,100.0,,100.0,442.0,74.2,3.3,14.7,0.0,0.0,0.0,0.0,0.0,0.0,0.0,0.0,0.0,0.0,5.6,0.0,0.0,0.0,0.0,2.2,,,,,,,,,,,,
88,Kue gelang,Bahan alami,,g,100.0,,100.0,448.0,70.0,5.8,16.1,0.0,0.0,0.0,0.0,0.0,0.0,0.0,0.0,0.0,0.0,7.1,0.0,0.0,0.0,0.0,1.0,,,,,,,,,,,,
89,Kue jahe,Bahan alami,,g,100.0,,100.0,425.0,84.6,1.6,8.8,0.0,1.2,155.0,4.0,0.0,0.0,0.0,0.0,0.0,0.2,3.7,61.0,0.0,0.0,0.0,1.3,,,,,,,,,,,,
90,Kue kelapa,Bahan alami,,g,100.0,,100.0,591.0,47.5,5.6,42.1,33.0,0.0,32.0,1.6,0.0,0.0,443.0,1.1,0.0,0.0,3.3,180.0,0.0,500.0,0.0,1.5,,,,,,,,,,,,
91,Kue koa,Bahan alami,,g,100.0,,100.0,340.0,79.3,4.8,0.4,0.0,0.0,0.0,0.0,0.0,0.0,0.0,0.0,0.0,0.0,14.5,0.0,0.0,0.0,0.0,1.0,,,,,,,,,,,,
92,Kue ku temu,Bahan alami,,g,100.0,,100.0,214.0,49.6,3.5,0.2,0.0,0.0,0.0,0.0,0.0,0.0,0.0,0.0,0.0,0.0,46.2,0.0,0.0,0.0,0.0,0.5,,,,,,,,,,,,
93,Kue lumpur,Bahan alami,,g,100.0,,100.0,291.0,44.1,3.6,11.1,0.0,0.0,96.0,2.3,20.0,0.0,0.0,0.0,0.0,0.24,40.1,60.0,0.0,0.0,0.0,1.1,,,,,,,,,,,,
94,Kue pelita,Bahan alami,,g,100.0,,100.0,141.0,17.6,5.3,5.5,0.0,0.0,0.0,0.0,0.0,0.0,0.0,0.0,0.0,0.0,71.0,0.0,0.0,0.0,0.0,0.6,,,,,,,,,,,,
95,Kue putu cangkir,Bahan alami,,g,100.0,,100.0,304.0,54.9,5.3,7.0,0.0,0.9,18.0,4.0,0.0,0.0,0.0,0.0,0.0,0.06,32.6,193.0,0.0,0.0,0.0,0.2,,,,,,,,,,,,
96,Kue sus,Bahan alami,,g,100.0,,100.0,221.0,24.8,7.5,10.2,0.0,0.0,105.0,2.5,26.0,0.0,0.0,0.0,0.0,0.12,56.6,85.0,0.0,0.0,0.0,0.9,,,,,,,,,,,,
97,Kue thipan,Bahan alami,,g,100.0,,100.0,247.0,49.5,2.9,4.2,95.0,0.0,16.0,1.8,0.0,0.0,56.0,0.8,0.0,0.17,43.0,107.0,0.0,1300.0,0.0,0.4,,,,,,,,,,,,
98,Laksa/Putu mayang,Bahan alami,,g,100.0,,100.0,121.0,21.1,1.7,3.4,0.0,0.0,0.0,0.0,0.0,0.0,0.0,0.0,0.0,0.0,73.2,0.0,0.0,0.0,0.0,0.6,,,,,,,,,,,,
99,Lapis legit,Bahan alami,,g,100.0,,100.0,389.0,55.5,6.6,15.7,0.0,0.5,16.0,1.9,41.0,0.0,0.0,0.0,0.09,0.26,21.3,136.0,0.0,0.0,3.0,0.9,,,,,,,,,,,,
100,Lupis ketan,Bahan alami,,g,100.0,,100.0,164.0,34.5,1.8,2.1,0.0,0.7,119.0,1.5,0.0,0.0,0.0,0.0,0.0,0.09,61.0,31.0,0.0,0.0,0.2,0.6,,,,,,,,,,,,
101,Manan samin,Bahan alami,,g,100.0,,100.0,379.0,50.6,3.4,18.1,0.0,0.0,0.0,0.0,0.0,0.0,0.0,0.0,0.0,0.0,27.1,0.0,0.0,0.0,0.0,0.8,,,,,,,,,,,,
102,Martabak india,Bahan alami,,g,100.0,,100.0,153.0,24.3,4.5,4.2,240.0,0.0,14.0,2.4,0.0,0.0,112.0,0.5,0.0,0.0,65.8,108.0,0.0,400.0,0.0,1.2,,,,,,,,,,,,
103,Martabak mesir,Bahan alami,,g,100.0,,100.0,278.0,45.0,5.1,8.6,193.0,0.0,49.0,3.4,0.0,0.0,123.0,0.9,0.0,0.0,40.2,168.0,0.0,200.0,0.0,1.1,,,,,,,,,,,,
104,Masekat,Bahan alami,,g,100.0,,100.0,369.0,74.1,2.1,7.0,141.0,4.0,17.0,0.8,155.0,0.0,12.0,0.3,0.0,0.0,15.6,52.0,0.0,400.0,0.0,0.8,,,,,,,,,,,,
105,Mie aceh rebus,Bahan alami,,g,100.0,,100.0,113.0,18.1,3.0,3.2,191.0,0.0,22.0,1.4,0.0,0.0,36.0,0.3,0.0,0.0,74.6,44.0,0.0,200.0,0.0,1.1,,,,,,,,,,,,
106,Mie ayam,Bahan alami,,g,100.0,,100.0,102.0,10.5,6.2,3.9,279.0,0.0,262.0,1.8,39.0,0.0,0.0,0.0,0.0,0.85,78.6,51.0,0.0,0.0,0.0,0.8,,,,,,,,,,,,
107,Mie bakso,Bahan alami,,g,100.0,,100.0,114.0,16.4,5.3,3.0,760.0,0.1,286.0,1.9,17.0,0.0,0.0,0.0,0.0,0.16,74.5,53.0,0.0,0.0,0.0,0.8,,,,,,,,,,,,
108,Mie celon,Bahan alami,,g,100.0,,100.0,102.0,17.8,3.0,2.1,451.0,0.0,12.0,1.4,0.0,0.0,112.0,0.5,0.0,0.0,75.9,84.0,0.0,100.0,0.0,1.2,,,,,,,,,,,,
109,Mie pangsit basah,Bahan alami,,g,100.0,,100.0,105.0,9.4,5.9,4.9,530.0,0.0,208.0,2.0,25.0,0.0,0.0,0.0,0.0,0.46,79.2,48.0,0.0,0.0,0.0,0.7,,,,,,,,,,,,
110,Nasi gemuk,Bahan alami,,g,100.0,,100.0,192.0,24.4,3.8,8.8,355.0,0.7,15.0,1.0,0.0,0.0,63.0,1.4,0.05,0.19,61.4,74.0,0.0,200.0,2.0,1.6,,,,,,,,,,,,
111,Nasi gurih,Bahan alami,,g,100.0,,100.0,190.0,26.0,4.7,7.5,296.0,0.7,12.0,0.8,0.0,0.0,52.0,1.2,0.06,0.11,60.5,62.0,0.0,200.0,2.1,1.3,,,,,,,,,,,,
112,Nasi minyak,Bahan alami,,g,100.0,,100.0,207.0,37.1,3.5,5.0,74.0,0.8,26.0,1.5,0.0,0.0,174.0,2.2,0.07,0.14,53.3,100.0,0.0,200.0,2.6,1.1,,,,,,,,,,,,
113,Nasi rames,Bahan alami,,g,100.0,,100.0,155.0,19.1,10.3,4.2,265.0,0.0,239.0,1.8,96.0,0.0,0.0,0.0,0.0,0.59,65.8,62.0,0.0,0.0,0.0,0.6,,,,,,,,,,,,
114,Nopia spesial,Bahan alami,,g,100.0,,100.0,387.0,74.3,5.3,7.6,0.0,0.3,903.0,4.2,0.0,0.0,0.0,0.0,0.0,0.17,11.5,133.0,0.0,0.0,0.0,1.3,,,,,,,,,,,,
115,Onde-onde,Bahan alami,,g,100.0,,100.0,336.0,57.9,4.0,9.8,0.0,0.0,0.0,0.0,0.0,0.0,0.0,0.0,0.0,0.0,27.7,0.0,0.0,0.0,0.0,0.6,,,,,,,,,,,,
116,Padamaran,Bahan alami,,g,100.0,,100.0,171.0,18.8,3.9,8.9,0.0,0.0,0.0,0.0,0.0,0.0,0.0,0.0,0.0,0.0,67.6,0.0,0.0,0.0,0.0,0.8,,,,,,,,,,,,
117,Pastel,Bahan alami,,g,100.0,,100.0,307.0,42.4,4.5,13.3,0.0,0.0,296.0,2.5,0.0,0.0,0.0,0.0,0.0,0.15,38.3,53.0,0.0,0.0,0.0,1.5,,,,,,,,,,,,
118,Pulut,Bahan alami,,g,100.0,,100.0,216.0,44.4,2.6,3.1,100.0,0.0,6.0,3.8,0.0,0.0,22.0,1.3,0.0,0.14,49.1,70.0,0.0,400.0,0.0,0.8,,,,,,,,,,,,
119,Pundut nasi,Bahan alami,,g,100.0,,100.0,104.0,15.1,1.9,4.1,74.0,0.4,26.0,1.5,0.0,0.0,174.0,0.0,0.0,0.0,77.8,100.0,0.0,0.0,0.0,1.1,,,,,,,,,,,,
120,Putri hijau,Bahan alami,,g,100.0,,100.0,189.0,37.2,5.4,2.1,0.0,0.0,0.0,0.0,0.0,0.0,0.0,0.0,0.0,0.0,54.8,0.0,0.0,0.0,0.0,0.5,,,,,,,,,,,,
121,Putri selat,Bahan alami,,g,100.0,,100.0,163.0,13.8,2.2,6.5,6.0,0.0,72.0,4.0,0.0,0.0,68.0,0.0,0.0,0.0,66.6,3.0,0.0,0.0,0.0,0.9,,,,,,,,,,,,
122,Putu sopa,Bahan alami,,g,100.0,,100.0,215.0,41.1,3.3,4.1,0.0,0.0,0.0,0.0,0.0,0.0,0.0,0.0,0.0,0.0,50.7,0.0,0.0,0.0,0.0,0.8,,,,,,,,,,,,
123,Renggi Goreng,Bahan alami,,g,100.0,,100.0,471.0,64.1,4.7,21.8,126.0,6.4,4.0,1.1,0.0,0.0,29.0,1.3,0.05,0.53,8.8,80.0,0.0,900.0,8.2,0.6,,,,,,,,,,,,
124,Roti boong,Bahan alami,,g,100.0,,100.0,341.0,43.3,5.5,16.2,161.0,0.0,15.0,1.1,0.0,0.0,41.0,0.9,0.3,0.4,34.0,65.0,0.0,0.0,2.4,1.0,,,,,,,,,,,,
125,Roti warna sawo matang,Bahan alami,,g,100.0,,100.0,249.0,49.7,7.9,1.5,500.0,0.0,20.0,2.5,0.0,0.0,91.0,0.0,0.0,0.15,40.0,140.0,0.0,0.0,0.0,0.9,,,,,,,,,,,,
126,Sarimuka,Bahan alami,,g,100.0,,100.0,166.0,32.9,2.3,2.8,3.0,0.0,36.0,2.0,0.0,0.0,34.0,0.0,0.0,0.0,61.5,13.0,0.0,0.0,0.0,0.5,,,,,,,,,,,,
127,Spaghetti,Bahan alami,,g,100.0,,100.0,139.0,22.6,7.4,2.1,0.0,0.0,109.0,4.7,42.0,0.0,0.0,0.0,0.0,0.35,66.1,53.0,0.0,0.0,0.0,2.1,,,,,,,,,,,,
128,Srikaya ketan,Bahan alami,,g,100.0,,100.0,265.0,49.1,2.7,6.4,0.0,0.0,0.0,0.0,0.0,0.0,0.0,0.0,0.0,0.0,41.0,0.0,0.0,0.0,0.0,0.8,,,,,,,,,,,,
129,Sunduk lawang,Bahan alami,,g,100.0,,100.0,181.0,32.4,1.9,1.3,0.0,0.0,0.0,0.0,0.0,0.0,0.0,0.0,0.0,0.0,63.4,0.0,0.0,0.0,0.0,1.0,,,,,,,,,,,,
130,Suwir-suwir,Bahan alami,,g,100.0,,100.0,347.0,84.2,0.5,0.9,0.0,0.8,42.0,4.3,1.0,0.0,0.0,0.0,0.0,0.13,13.4,40.0,0.0,0.0,0.9,1.0,,,,,,,,,,,,
131,Tipa-tipa,Bahan alami,,g,100.0,,100.0,355.0,79.8,6.2,1.2,0.0,1.3,17.0,1.6,0.0,0.0,0.0,0.0,0.04,0.26,11.3,328.0,0.0,0.0,1.5,1.5,,,,,,,,,,,,
132,Wajit camilan,Bahan alami,,g,100.0,,100.0,303.0,63.3,6.3,2.7,0.0,6.9,61.0,5.5,0.0,0.0,0.0,0.0,0.0,0.03,27.1,302.0,0.0,0.0,0.0,0.6,,,,,,,,,,,,
133,Widaran,Bahan alami,,g,100.0,,100.0,424.0,80.7,1.3,10.7,0.0,0.2,49.0,2.5,21.0,0.0,0.0,0.0,0.2,0.13,7.0,88.0,0.0,0.0,2.2,0.3,,,,,,,,,,,,
134,Wingko babat,Bahan alami,,g,100.0,,100.0,355.0,51.4,3.2,15.1,0.0,2.4,47.0,1.1,0.0,0.0,0.0,0.0,0.08,0.08,29.7,63.0,0.0,0.0,0.0,0.7,,,,,,,,,,,,
135,Yangko,Bahan alami,,g,100.0,,100.0,254.0,58.1,3.0,1.1,0.0,0.8,184.0,2.6,0.0,0.0,0.0,0.0,0.0,0.15,37.4,24.0,0.0,0.0,0.0,0.4,,,,,,,,,,,,
136,"Arrowroot, segar",Bahan alami,,g,100.0,,100.0,102.0,24.1,1.0,0.2,36.0,1.7,28.0,1.7,0.0,2.0,626.6,0.8,0.1,0.06,73.5,35.0,15.0,200.0,2.2,1.2,,,,,,,,,,,,
137,"Batatas gembili, segar",Bahan alami,,g,100.0,,85.0,76.0,16.0,1.1,0.9,10.0,4.2,0.0,0.2,0.0,0.0,200.0,0.3,0.0,0.06,76.7,40.0,0.0,200.0,0.9,0.7,,,,,,,,,,,,
138,"Batatas kelapa, ubi, segar",Bahan alami,,g,100.0,,85.0,89.0,21.0,1.1,0.1,20.0,4.0,0.0,0.2,0.0,0.0,340.0,0.2,0.0,0.38,76.1,40.0,0.0,100.0,0.9,0.7,,,,,,,,,,,,
139,"Belitung, talas, segar",Bahan alami,,g,100.0,,85.0,145.0,34.2,1.2,0.4,6.0,1.5,26.0,1.4,0.0,2.0,536.1,0.9,0.1,0.1,63.1,54.0,0.0,200.0,2.3,1.1,,,,,,,,,,,,
140,"Bengkuang, segar",Bahan alami,,g,100.0,,84.0,59.0,12.8,1.4,0.2,2.0,1.0,15.0,0.6,0.0,20.0,244.3,0.3,0.1,0.04,85.1,18.0,0.0,100.0,0.2,0.5,,,,,,,,,,,,
141,"Bentul (Komba), talas, segar",Bahan alami,,g,100.0,,86.0,98.0,20.9,1.6,0.7,0.0,0.7,44.0,1.5,0.0,0.0,195.5,0.6,0.1,0.02,75.8,66.0,0.0,200.0,0.8,1.8,,,,,,,,,,,,
142,Gadeng / Gadung kering,Bahan alami,,g,100.0,,100.0,322.0,76.6,2.4,0.6,5.0,0.0,39.0,2.2,0.0,0.0,2.0,0.2,0.02,0.45,20.2,22.0,0.0,500.0,1.0,0.2,,,,,,,,,,,,
143,"Gadung , ubi, segar",Bahan alami,,g,100.0,,85.0,100.0,23.5,0.9,0.3,8.0,2.1,79.0,0.9,0.0,2.0,687.2,0.2,0.0,0.23,74.4,66.0,0.0,200.0,0.5,0.9,,,,,,,,,,,,
144,"Ganyong, segar",Bahan alami,,g,100.0,,65.0,77.0,18.4,0.6,0.2,0.0,0.8,15.0,1.0,0.0,9.0,0.0,0.0,0.0,0.1,79.9,67.0,0.0,0.0,0.0,0.9,,,,,,,,,,,,
145,"Gembili, ubi, segar",Bahan alami,,g,100.0,,85.0,131.0,31.3,1.1,0.2,10.0,1.1,14.0,0.6,0.0,4.0,200.0,0.3,0.0,0.08,66.4,56.0,0.0,200.0,0.9,1.0,,,,,,,,,,,,
146,"Hofa / Ubi hutan, segar",Bahan alami,,g,100.0,,85.0,127.0,29.5,1.2,0.5,3.0,3.4,30.0,0.7,0.0,0.0,4.0,0.2,0.05,0.3,67.9,8.0,0.0,100.0,0.6,0.9,,,,,,,,,,,,
147,"Kaburan, ubi, segar",Bahan alami,,g,100.0,,81.0,133.0,32.2,1.0,0.2,10.0,0.7,65.0,0.6,0.0,0.0,899.2,0.2,0.0,0.01,66.5,50.0,0.0,200.0,0.3,0.5,,,,,,,,,,,,
148,"Kentang, segar",Bahan alami,,g,100.0,,85.0,62.0,13.5,2.1,0.2,7.0,0.5,63.0,0.7,0.0,21.0,396.0,0.3,0.1,0.09,83.4,58.0,0.0,400.0,1.0,0.8,,,,,,,,,,,,
149,"Kentang hitam, segar",Bahan alami,,g,100.0,,75.0,142.0,33.7,0.9,0.4,22.0,5.4,34.0,0.2,0.0,38.0,890.3,0.6,0.1,0.02,64.0,75.0,0.0,900.0,2.2,1.0,,,,,,,,,,,,
150,"Keribang, ubi, segar",Bahan alami,,g,100.0,,83.0,137.0,29.8,1.3,1.1,10.0,0.6,45.0,0.8,0.0,0.0,885.8,0.3,0.0,0.0,67.0,56.0,0.0,200.0,0.7,0.8,,,,,,,,,,,,
151,"Ketela pohon / singkong, segar",Bahan alami,,g,100.0,,85.0,154.0,36.8,1.0,0.3,2.0,0.9,77.0,1.1,0.0,31.0,394.0,0.4,0.1,0.06,61.4,24.0,0.0,300.0,0.5,0.5,,,,,,,,,,,,
152,Lepok / Ubi rumput,Bahan alami,,g,100.0,,85.0,181.0,39.8,2.8,1.2,116.0,10.7,7.0,3.1,0.0,0.0,306.0,0.9,0.05,0.28,55.3,50.0,0.0,1600.0,1.5,0.9,,,,,,,,,,,,
153,Sagu aren kering,Bahan alami,,g,100.0,,100.0,355.0,85.6,0.6,1.1,2.0,0.3,91.0,2.2,0.0,0.0,200.0,0.3,0.1,0.04,11.9,167.0,0.0,0.0,0.5,0.8,,,,,,,,,,,,
154,Sagu aren segar,Bahan alami,,g,100.0,,100.0,231.0,56.6,0.6,0.2,7.0,3.2,20.0,0.1,0.0,0.0,0.0,0.1,0.0,0.2,42.5,20.0,0.0,100.0,0.0,0.1,,,,,,,,,,,,
155,Sagu kasbi segar,Bahan alami,,g,100.0,,100.0,230.0,56.5,0.6,0.2,100.0,3.0,20.0,0.3,0.0,0.0,410.0,0.2,0.0,0.2,42.5,1.0,0.0,100.0,0.0,0.2,,,,,,,,,,,,
156,Sagu lempeng,Bahan alami,,g,100.0,,100.0,347.0,85.2,0.9,0.3,11.0,4.7,30.0,0.2,0.0,0.0,0.0,0.1,0.0,0.3,13.5,30.0,0.0,100.0,0.0,0.1,,,,,,,,,,,,
157,Sagu singkong kering,Bahan alami,,g,100.0,,100.0,362.0,86.9,0.5,0.3,0.0,0.0,0.0,0.0,0.0,0.0,0.0,0.0,0.0,0.0,12.0,0.0,0.0,0.0,0.0,0.3,,,,,,,,,,,,
158,"Sante, talas, segar",Bahan alami,,g,100.0,,86.0,353.0,84.7,0.7,0.2,30.0,6.6,11.0,1.5,0.0,5.0,694.6,2.2,0.2,0.05,14.0,13.0,41.0,600.0,2.8,0.4,,,,,,,,,,,,
159,"Suweg, talas, segar",Bahan alami,,g,100.0,,86.0,74.0,17.2,1.4,0.1,7.0,1.4,42.0,1.3,0.0,2.0,400.0,0.1,0.0,0.04,80.1,46.0,24.0,100.0,0.4,1.2,,,,,,,,,,,,
160,"Talas bogor, segar",Bahan alami,,g,100.0,,85.0,108.0,25.0,1.4,0.4,10.0,0.9,47.0,0.7,0.0,4.0,448.0,0.7,0.07,0.06,72.4,67.0,0.0,200.0,1.0,0.8,,,,,,,,,,,,
161,"Talas pontianak, segar",Bahan alami,,g,100.0,,83.0,163.0,36.4,2.3,0.5,14.0,0.7,45.0,1.7,0.0,0.0,323.1,1.0,0.1,0.02,60.0,80.0,0.0,300.0,1.3,0.9,,,,,,,,,,,,
162,"Talas viqueque, segar",Bahan alami,,g,100.0,,85.0,115.0,25.9,1.8,0.5,1.0,8.6,50.0,0.9,0.0,0.0,70.0,1.0,0.1,0.08,70.6,220.0,0.0,300.0,0.9,1.2,,,,,,,,,,,,
163,"Ubi jalar kuning, segar",Bahan alami,,g,100.0,,85.0,119.0,25.1,0.5,0.4,3.0,4.2,30.0,0.4,0.0,21.0,1.0,0.2,0.07,0.06,72.6,40.0,794.0,100.0,0.7,1.0,,,,,,,,,,,,
164,"Ubi jalar manis, segar",Bahan alami,,g,100.0,,85.0,83.0,18.8,1.5,0.2,52.0,0.6,27.0,2.1,0.0,0.0,320.7,0.3,0.0,0.02,78.4,162.0,0.0,100.0,0.4,1.1,,,,,,,,,,,,
165,"Ubi jalar merah, segar",Bahan alami,,g,100.0,,86.0,151.0,35.4,1.6,0.3,92.0,0.7,29.0,0.7,0.0,11.0,565.6,0.5,0.08,0.13,61.9,74.0,0.0,300.0,0.7,0.6,,,,,,,,,,,,
166,"Ubi jalar putih, segar",Bahan alami,,g,100.0,,86.0,88.0,20.6,0.4,0.4,2.0,4.0,30.0,0.5,0.0,36.0,4.0,0.2,0.06,0.25,77.8,10.0,13.0,100.0,0.5,0.8,,,,,,,,,,,,
167,Ubi jalar tinta / kemayung,Bahan alami,,g,100.0,,85.0,108.0,25.6,0.5,0.4,1.0,4.2,30.0,0.5,0.0,24.0,1.0,0.2,0.06,0.09,72.5,40.0,13.0,100.0,0.6,1.0,,,,,,,,,,,,
168,"Umbi Uwi, segar",Bahan alami,,g,100.0,,86.0,120.0,82.3,2.8,0.5,12.0,2.6,9.0,1.3,0.0,4.0,412.0,0.6,0.5,0.02,69.7,42.0,0.0,300.0,0.2,0.9,,,,,,,,,,,,
169,Batatas kelapa bakar,Bahan alami,,g,100.0,,85.0,110.0,23.4,1.4,1.1,12.0,4.5,1.0,0.2,0.0,0.0,230.0,0.3,0.0,1.13,73.2,46.0,0.0,200.0,0.0,0.7,,,,,,,,,,,,
170,Batatas kelapa kukus,Bahan alami,,g,100.0,,100.0,92.0,21.0,1.2,0.3,10.0,4.1,0.0,0.2,0.0,0.0,209.0,0.3,0.0,0.28,75.7,42.0,0.0,200.0,0.7,1.8,,,,,,,,,,,,
171,Batatas tali rebus,Bahan alami,,g,100.0,,100.0,182.0,42.2,2.4,0.4,20.0,9.2,1.0,0.3,0.0,0.0,402.0,0.6,0.0,0.27,53.2,80.0,0.0,300.0,1.3,1.8,,,,,,,,,,,,
172,Belitung kukus,Bahan alami,,g,100.0,,100.0,145.0,34.2,1.2,0.4,7.0,1.0,21.0,0.9,0.0,1.0,552.6,0.9,0.1,0.08,63.1,48.0,0.0,200.0,2.3,1.1,,,,,,,,,,,,
173,Bentul kukus,Bahan alami,,g,100.0,,100.0,71.0,15.4,2.3,0.3,0.0,0.5,29.0,0.6,0.0,21.0,201.0,0.6,0.0,0.06,81.1,26.0,0.0,200.0,0.0,0.9,,,,,,,,,,,,
174,Gadung kukus,Bahan alami,,g,100.0,,100.0,88.0,20.9,0.6,0.3,6.0,0.9,26.0,0.4,0.0,0.0,584.0,0.2,0.0,0.03,77.4,47.0,0.0,200.0,0.4,0.8,,,,,,,,,,,,
175,Ganyong rebus,Bahan alami,,g,100.0,,100.0,100.0,23.8,0.8,0.2,0.0,0.9,15.0,0.9,0.0,6.0,0.0,0.0,0.0,0.04,74.1,65.0,0.0,0.0,0.0,1.1,,,,,,,,,,,,
176,Ketela pohon kukus,Bahan alami,,g,100.0,,100.0,153.0,36.4,1.2,0.3,2.0,1.3,56.0,0.4,0.0,20.0,345.3,0.1,0.0,0.0,61.5,22.0,0.0,300.0,0.3,0.6,,,,,,,,,,,,
177,Suweg kukus,Bahan alami,,g,100.0,,100.0,93.0,21.9,1.5,0.1,6.0,0.9,50.0,0.8,0.0,0.0,350.3,0.1,0.0,0.09,75.5,58.0,0.0,100.0,0.3,1.0,,,,,,,,,,,,
178,Talas bogor kukus,Bahan alami,,g,100.0,,100.0,120.0,28.2,1.5,0.3,11.0,0.7,31.0,0.7,0.0,2.0,498.0,0.6,0.6,0.05,69.2,63.0,0.0,200.0,0.8,0.8,,,,,,,,,,,,
179,Ubi jalar kuning kukus,Bahan alami,,g,100.0,,100.0,100.0,23.8,0.7,0.3,3.0,1.0,44.0,0.4,0.0,16.0,0.8,0.2,0.1,0.0,74.2,46.0,819.0,100.0,0.6,1.0,,,,,,,,,,,,
180,Ubi jalar tinta / kemayung kukus,Bahan alami,,g,100.0,,100.0,165.0,39.8,0.9,0.2,1.0,1.1,20.0,0.8,0.0,0.0,0.9,0.2,0.1,0.02,58.5,23.0,0.0,100.0,0.5,0.6,,,,,,,,,,,,
181,Bagea kelapa asin,Bahan alami,,g,100.0,,100.0,450.0,78.1,3.2,13.9,74.0,0.0,38.0,0.3,0.0,0.0,0.0,0.2,0.0,0.3,3.5,38.0,0.0,200.0,0.0,1.3,,,,,,,,,,,,
182,Bagea kelapa manis,Bahan alami,,g,100.0,,100.0,452.0,80.6,1.3,13.8,75.0,0.0,38.0,0.3,0.0,0.0,0.0,0.2,0.0,0.0,3.0,39.0,0.0,200.0,0.0,1.3,,,,,,,,,,,,
183,Bagea kenari asin,Bahan alami,,g,100.0,,100.0,529.0,63.6,3.2,29.1,74.0,0.0,38.0,0.4,0.0,0.0,0.0,0.2,0.0,0.3,2.8,40.0,0.0,200.0,0.0,1.3,,,,,,,,,,,,
184,Bagea kenari manis,Bahan alami,,g,100.0,,100.0,523.0,64.2,3.2,28.2,74.0,0.0,38.0,0.3,0.0,0.0,0.0,0.2,0.0,0.3,3.1,39.0,0.0,200.0,0.0,1.3,,,,,,,,,,,,
185,Bagea kw 1,Bahan alami,,g,100.0,,100.0,416.0,76.3,6.5,9.4,0.0,0.4,49.0,4.9,13.0,0.0,0.0,0.0,0.0,0.08,7.2,77.0,0.0,0.0,2.6,0.6,,,,,,,,,,,,
186,Bagea kw 2,Bahan alami,,g,100.0,,100.0,382.0,87.2,0.3,3.5,0.0,0.9,172.0,7.6,0.0,0.0,0.0,0.0,0.0,0.02,7.9,120.0,0.0,0.0,0.0,1.1,,,,,,,,,,,,
187,Beras cerdas,Bahan alami,,g,100.0,,100.0,350.0,82.3,2.7,1.1,358.0,6.2,28.0,2.9,0.0,0.0,568.0,0.9,0.2,0.02,11.3,351.0,0.0,200.0,0.3,2.6,,,,,,,,,,,,
188,Beras ganyong,Bahan alami,,g,100.0,,100.0,364.0,86.3,3.4,0.7,4.0,4.7,4.0,5.0,0.0,0.0,72.2,0.6,0.02,0.02,9.3,47.0,1.0,200.0,0.3,0.5,,,,,,,,,,,,
189,Beras siger,Bahan alami,,g,100.0,,100.0,344.0,28.3,1.1,0.2,106.0,5.6,32.0,5.6,0.0,0.0,77.9,0.5,0.1,0.02,13.5,22.0,0.0,100.0,0.2,0.7,,,,,,,,,,,,
190,Biji nangka / Biji salak,Bahan alami,,g,100.0,,100.0,262.0,51.1,2.3,5.4,10.0,8.0,60.0,0.8,0.0,10.0,2.0,2.0,1.0,0.1,40.5,80.0,1667.0,600.0,0.0,0.7,,,,,,,,,,,,
191,Bubur sagu,Bahan alami,,g,100.0,,100.0,167.0,33.0,0.2,4.0,7.0,0.0,3.0,0.1,0.0,0.0,0.0,0.1,0.0,9.0,62.5,3.0,0.0,10000.0,0.1,0.3,,,,,,,,,,,,
192,Cassavastick,Bahan alami,,g,100.0,,100.0,460.0,17.2,0.8,18.7,0.0,1.6,144.0,7.5,0.0,0.0,0.0,0.0,0.07,0.19,5.6,58.0,0.0,0.0,0.1,2.7,,,,,,,,,,,,
193,Ceriping getuk singkong,Bahan alami,,g,100.0,,100.0,462.0,67.7,1.2,20.7,0.0,0.6,1248.0,8.8,0.0,0.0,0.0,0.0,0.02,0.29,7.2,172.0,0.0,0.0,0.5,3.2,,,,,,,,,,,,
194,Gatot,Bahan alami,,g,100.0,,100.0,347.0,83.8,1.3,0.7,28.0,5.8,78.0,17.1,0.0,0.0,242.0,0.7,0.1,0.02,12.8,44.0,0.0,200.0,0.4,1.4,,,,,,,,,,,,
195,Geblek,Bahan alami,,g,100.0,,100.0,195.0,44.4,0.4,1.7,353.0,3.6,35.0,0.6,0.0,0.0,125.0,0.3,0.0,0.02,52.1,13.0,0.0,300.0,0.1,1.4,,,,,,,,,,,,
196,Getuk goreng,Bahan alami,,g,100.0,,100.0,360.0,74.3,1.3,6.4,0.0,0.8,59.0,3.2,0.0,0.0,0.0,0.0,0.0,0.21,16.5,81.0,0.0,0.0,0.1,1.5,,,,,,,,,,,,
197,Getuk singkong,Bahan alami,,g,100.0,,100.0,204.0,47.4,0.5,1.4,0.0,0.8,97.0,1.5,0.0,0.0,0.0,0.0,0.0,0.08,49.8,52.0,0.0,0.0,0.1,1.1,,,,,,,,,,,,
198,Gurandil,Bahan alami,,g,100.0,,100.0,218.0,48.5,0.5,2.5,0.0,3.1,50.0,2.8,0.0,0.0,0.0,0.0,0.0,0.19,47.5,25.0,0.0,0.0,0.0,1.0,,,,,,,,,,,,
199,Kabuto,Bahan alami,,g,100.0,,100.0,250.0,35.4,2.6,2.5,2.0,1.8,35.0,1.1,0.0,0.0,218.0,0.0,0.1,0.1,58.9,49.0,0.0,0.0,0.6,0.6,,,,,,,,,,,,
200,Kapurung,Bahan alami,,g,100.0,,100.0,41.0,7.8,2.0,0.3,185.0,2.0,34.0,0.3,0.0,15.0,566.0,0.3,0.25,0.12,79.6,12.0,213.0,100.0,2.7,0.6,,,,,,,,,,,,
201,Kecimpring singkong goreng,Bahan alami,,g,100.0,,100.0,464.0,73.0,1.2,18.6,0.0,1.3,82.0,3.4,0.0,0.0,0.0,0.0,0.0,0.34,3.7,52.0,0.0,0.0,0.0,3.5,,,,,,,,,,,,
202,Keremes,Bahan alami,,g,100.0,,100.0,475.0,64.4,1.6,25.2,0.0,2.1,153.0,1.0,0.0,0.0,0.0,0.0,0.0,0.0,6.7,88.0,0.0,0.0,0.0,2.1,,,,,,,,,,,,
203,Keripik gadung,Bahan alami,,g,100.0,,100.0,446.0,76.0,2.8,14.5,0.0,1.7,147.0,1.9,0.0,0.0,0.0,0.0,0.0,0.95,4.0,52.0,0.0,0.0,0.0,2.8,,,,,,,,,,,,
204,Keripik kentang,Bahan alami,,g,100.0,,100.0,448.0,67.1,2.7,18.8,712.0,3.8,25.0,1.2,0.0,0.0,406.0,0.0,0.05,0.1,7.8,130.0,15.0,1100.0,2.8,3.6,,,,,,,,,,,,
205,Keripik singkong,Bahan alami,,g,100.0,,100.0,478.0,72.0,0.9,20.7,0.0,2.0,189.0,1.9,0.0,0.0,0.0,0.0,0.0,0.24,4.2,101.0,0.0,0.0,0.0,2.2,,,,,,,,,,,,
206,Keripik singkong bumbu,Bahan alami,,g,100.0,,100.0,481.0,73.6,2.2,19.7,0.0,1.6,156.0,1.6,0.0,0.0,0.0,0.0,0.0,0.31,2.2,103.0,0.0,0.0,0.0,2.3,,,,,,,,,,,,
207,Keripik ubi,Bahan alami,,g,100.0,,100.0,486.0,67.6,0.2,23.9,52.0,14.3,68.0,0.9,0.0,0.0,2.0,2.3,0.1,0.1,6.0,92.0,920.0,700.0,0.5,2.3,,,,,,,,,,,,
208,Kerupuk cumi goreng,Bahan alami,,g,100.0,,100.0,444.0,71.3,6.9,14.6,837.0,5.0,47.0,1.8,0.0,0.0,191.0,0.3,0.1,0.4,3.4,375.0,0.0,100.0,1.8,3.8,,,,,,,,,,,,
209,Kerupuk kemplang (ikan) mentah,Bahan alami,,g,100.0,,100.0,325.0,78.5,1.8,0.4,1123.0,4.5,59.0,2.3,32.0,0.0,273.0,0.5,0.1,0.6,14.2,268.0,0.0,200.0,2.3,5.1,,,,,,,,,,,,
210,Keripik kemplang goreng,Bahan alami,,g,100.0,,100.0,504.0,57.1,5.6,28.1,0.0,0.3,50.0,2.9,6.0,0.0,0.0,0.0,0.0,0.31,5.8,94.0,0.0,0.0,0.0,3.4,,,,,,,,,,,,
211,Kerupuk kemplang panggang,Bahan alami,,g,100.0,,100.0,356.0,76.9,9.7,1.1,0.0,1.0,62.0,2.9,7.0,0.0,0.0,0.0,0.0,0.36,9.4,129.0,0.0,0.0,0.0,3.0,,,,,,,,,,,,
212,Kerupuk mie kuning goreng,Bahan alami,,g,100.0,,100.0,476.0,71.3,0.1,21.1,0.0,4.2,57.0,4.6,0.0,0.0,109.0,0.0,0.0,0.22,7.2,36.0,0.0,100.0,0.0,0.3,,,,,,,,,,,,
213,Kerupuk udang goreng,Bahan alami,,g,100.0,,100.0,477.0,68.5,4.7,20.5,449.0,5.0,24.0,0.9,0.0,0.0,109.0,0.2,0.0,0.2,4.4,188.0,0.0,100.0,0.9,1.9,,,,,,,,,,,,
214,Kue bangket,Bahan alami,,g,100.0,,100.0,388.0,80.3,1.5,1.2,67.0,0.0,34.0,0.3,0.0,0.0,0.0,0.2,0.0,0.3,16.1,35.0,0.0,200.0,0.0,0.9,,,,,,,,,,,,
215,Kue putu singkong,Bahan alami,,g,100.0,,100.0,217.0,53.2,1.2,0.5,3.0,2.4,48.0,1.5,0.0,0.0,305.0,0.0,0.1,0.1,44.2,68.0,0.0,0.0,0.8,0.9,,,,,,,,,,,,
216,Lanting getuk,Bahan alami,,g,100.0,,100.0,422.0,80.4,0.9,10.8,0.0,1.4,206.0,3.6,0.0,0.0,0.0,0.0,0.0,0.43,4.2,104.0,0.0,0.0,0.0,3.8,,,,,,,,,,,,
217,Mi golosor,Bahan alami,,g,100.0,,100.0,71.0,15.9,0.2,0.8,0.0,0.1,117.0,0.2,0.0,0.0,0.0,0.0,0.02,0.05,82.9,5.0,0.0,0.0,0.0,0.2,,,,,,,,,,,,
218,Mie bendo,Bahan alami,,g,100.0,,100.0,353.0,88.0,0.3,0.0,9.0,2.4,28.0,2.8,0.0,0.0,49.2,0.1,0.0,0.02,11.5,14.0,2.0,500.0,0.1,0.2,,,,,,,,,,,,
219,Mie Sagu,Bahan alami,,g,100.0,,100.0,190.0,46.5,0.2,0.4,10.0,1.4,8.0,0.3,0.0,0.0,2.6,0.0,0.4,0.0,52.8,7.0,2.0,100.0,0.0,0.1,,,,,,,,,,,,
220,Ongol-ongol sagu,Bahan alami,,g,100.0,,100.0,111.0,21.2,0.3,2.7,0.0,0.3,79.0,1.7,0.0,0.0,0.0,0.0,0.0,0.06,75.3,15.0,0.0,0.0,0.0,0.5,,,,,,,,,,,,
221,Oyek,Bahan alami,,g,100.0,,100.0,351.0,84.9,0.9,0.9,5.0,4.3,60.0,2.1,0.0,0.0,229.0,0.5,0.02,0.02,12.6,36.0,0.0,100.0,0.5,0.7,,,,,,,,,,,,
222,Papeda,Bahan alami,,g,100.0,,100.0,61.0,14.9,0.2,0.1,4.0,0.5,3.0,0.2,0.0,0.0,20.0,0.1,0.0,0.06,84.8,1.0,0.0,100.0,0.0,0.1,,,,,,,,,,,,
223,Rasbi (Beras Ubi),Bahan alami,,g,100.0,,100.0,394.0,76.6,2.2,8.8,165.0,6.8,68.0,1.6,0.0,0.0,388.0,0.4,0.3,0.02,11.1,76.0,0.0,400.0,1.2,1.3,,,,,,,,,,,,
224,Rasi (Beras Singkong),Bahan alami,,g,100.0,,100.0,350.0,85.7,0.9,0.4,8.0,14.4,42.0,1.5,0.0,0.0,14.0,0.5,0.02,0.02,12.6,21.0,0.0,300.0,0.4,0.5,,,,,,,,,,,,
225,Sagu forno,Bahan alami,,g,100.0,,100.0,291.0,63.4,0.5,4.0,40.0,0.0,10.0,0.8,0.0,0.0,50.0,0.2,0.0,0.0,31.5,20.0,0.0,100.0,0.0,0.6,,,,,,,,,,,,
226,Sagu Lemak (Kue Sagon),Bahan alami,,g,100.0,,100.0,452.0,76.8,2.8,14.8,182.0,1.1,15.0,1.1,0.0,0.0,52.7,0.8,0.04,0.32,4.3,39.0,1220.0,40.0,0.1,0.7,,,,,,,,,,,,
227,Sagu manis,Bahan alami,,g,100.0,,100.0,287.0,62.4,0.5,3.9,34.0,0.0,8.0,0.7,0.0,0.0,42.0,0.2,0.0,0.0,32.6,17.0,0.0,100.0,0.0,0.6,,,,,,,,,,,,
228,Sagu rendang,Bahan alami,,g,100.0,,100.0,364.0,90.5,0.1,0.2,42.0,1.9,13.0,3.9,0.0,0.0,15.1,0.1,0.6,0.02,8.2,9.0,0.0,100.0,0.8,1.0,,,,,,,,,,,,
229,Sagu sinole,Bahan alami,,g,100.0,,100.0,354.0,68.9,0.8,8.3,30.0,0.0,10.0,0.8,0.0,0.0,11.0,0.3,0.0,0.0,22.0,30.0,0.0,200.0,0.0,0.1,,,,,,,,,,,,
230,Serimping talas kebumen,Bahan alami,,g,100.0,,100.0,478.0,69.2,2.5,21.2,0.0,1.7,112.0,2.3,0.0,0.0,0.0,0.0,0.0,0.25,4.8,118.0,0.0,0.0,0.0,2.3,,,,,,,,,,,,
231,Tapai singkong,Bahan alami,,g,100.0,,100.0,169.0,40.2,1.4,0.3,0.0,2.0,21.0,0.8,0.0,9.0,0.0,0.0,0.0,0.0,57.4,34.0,0.0,0.0,0.0,0.7,,,,,,,,,,,,
232,Tepung Arrowroot,Bahan alami,,g,100.0,,100.0,355.0,85.2,0.7,0.2,2.0,0.4,8.0,1.5,0.0,0.0,10.7,0.1,0.0,0.09,13.6,22.0,20.0,0.0,0.0,0.3,,,,,,,,,,,,
233,Tepung Ganyong,Bahan alami,,g,100.0,,100.0,353.0,83.6,0.8,1.7,3.0,0.7,4.0,3.3,0.0,1.0,63.5,0.3,0.0,0.02,13.6,31.0,0.0,100.0,0.9,0.3,,,,,,,,,,,,
234,Tepung Gaplek,Bahan alami,,g,100.0,,100.0,345.0,83.1,2.4,0.4,6.0,6.7,18.0,1.5,0.0,0.0,55.0,1.2,0.2,0.3,13.0,95.0,1.0,400.0,0.1,1.1,,,,,,,,,,,,
235,Tepung kentang,Bahan alami,,g,100.0,,100.0,347.0,85.6,0.3,0.1,51.0,0.4,20.0,0.5,0.0,0.0,156.3,0.5,0.0,0.04,13.0,30.0,0.0,200.0,0.4,1.0,,,,,,,,,,,,
236,Tepung Mocaf,Bahan alami,,g,100.0,,100.0,350.0,85.0,1.2,0.6,8.0,6.0,60.0,15.8,0.0,2.0,403.0,0.6,0.02,0.02,11.9,64.0,0.0,100.0,0.7,1.3,,,,,,,,,,,,
237,Tepung Sente,Bahan alami,,g,100.0,,100.0,326.0,76.7,4.0,0.4,14.0,8.5,41.0,3.5,0.0,0.0,1602.0,1.4,0.2,0.02,15.3,141.0,0.0,400.0,7.7,3.6,,,,,,,,,,,,
238,Tepung singkong / Tapioka,Bahan alami,,g,100.0,,100.0,363.0,88.2,1.1,0.5,1.0,0.9,84.0,1.0,0.0,0.0,7.1,0.1,0.0,0.04,9.1,125.0,0.0,0.0,0.4,1.1,,,,,,,,,,,,
239,Tepung Tales Banten,Bahan alami,,g,100.0,,100.0,332.0,76.1,5.7,0.6,7.0,12.2,59.0,10.7,0.0,0.0,1404.0,6.2,0.1,0.02,12.2,302.0,0.0,800.0,0.3,5.5,,,,,,,,,,,,
240,Tepung Ubi Ungu,Bahan alami,,g,100.0,,100.0,354.0,84.4,2.8,0.6,42.0,12.9,89.0,3.9,0.0,0.0,940.0,0.6,0.02,0.4,9.4,125.0,0.0,800.0,0.0,2.8,,,,,,,,,,,,
241,Tiwul,Bahan alami,,g,100.0,,100.0,353.0,83.4,2.4,1.1,5.0,6.5,55.0,4.7,0.0,3.0,670.0,0.8,0.02,0.02,11.2,95.0,0.0,200.0,0.1,1.6,,,,,,,,,,,,
242,Tiwul Instan,Bahan alami,,g,100.0,,100.0,395.0,76.5,3.2,8.5,377.0,4.2,81.0,5.8,0.0,4.0,469.0,1.2,0.2,0.4,9.1,81.0,0.0,2100.0,0.2,2.7,,,,,,,,,,,,
243,Ubi Cilembu,Bahan alami,,g,100.0,,90.0,186.0,44.3,1.9,0.2,1.0,3.4,37.0,0.6,0.0,0.0,61.9,0.2,0.2,0.02,52.7,51.0,26.0,100.0,0.0,0.9,,,,,,,,,,,,
244,Uli batatas,Bahan alami,,g,100.0,,100.0,150.0,27.4,1.1,4.0,6.0,0.0,0.0,0.1,0.0,0.0,112.0,0.2,0.0,0.53,66.5,23.0,0.0,100.0,1.3,1.0,,,,,,,,,,,,
245,"Kacang arab, kering",Bahan alami,,g,100.0,,100.0,330.0,60.2,23.8,1.4,24.0,17.4,57.0,4.7,0.0,2.0,874.3,3.4,0.21,0.77,11.6,388.0,40.0,850.0,1.5,3.0,,,,,,,,,,,,
246,"Kacang babi, kering",Bahan alami,,g,100.0,,80.0,341.0,51.3,30.4,3.2,13.0,4.5,178.0,6.8,0.0,0.0,1768.0,3.1,0.33,0.23,11.6,521.0,0.0,820.0,2.8,3.5,,,,,,,,,,,,
247,"Kacang belimbing (kecipir), kering",Bahan alami,,g,100.0,,100.0,400.0,34.1,34.4,16.9,37.0,10.7,468.0,6.8,0.0,0.0,955.0,2.0,0.44,0.3,10.4,182.0,0.0,2820.0,3.0,4.2,,,,,,,,,,,,
248,"Kacang beracun, segar",Bahan alami,,g,100.0,,,118.0,21.6,4.4,1.5,10.0,0.0,50.0,1.7,0.0,0.0,40.0,1.0,0.0,0.43,72.1,50.0,0.0,300.0,0.0,0.4,,,,,,,,,,,,
249,Kacang bogor kering,Bahan alami,,g,100.0,,100.0,370.0,65.0,16.0,6.0,44.0,26.3,85.0,4.2,0.0,0.0,868.8,2.7,0.26,0.18,10.0,264.0,0.0,1480.0,6.2,3.0,,,,,,,,,,,,
250,Kacang bogor segar,Bahan alami,,g,100.0,,100.0,165.0,27.4,7.7,3.1,6.0,2.5,96.0,5.3,0.0,0.0,537.0,1.2,0.35,0.32,60.8,126.0,29.0,410.0,2.7,1.0,,,,,,,,,,,,
251,"Kacang endel, biji",Bahan alami,,g,100.0,,95.0,331.0,58.0,25.0,1.0,12.0,23.6,80.0,5.0,0.0,0.0,1322.4,2.7,0.75,0.3,14.0,400.0,0.0,680.0,2.3,2.0,,,,,,,,,,,,
252,"Kacang ercis, segar",Bahan alami,,g,100.0,,45.0,129.0,18.3,12.4,0.7,4.0,28.6,40.0,2.3,0.0,0.0,310.0,2.1,0.05,0.29,67.6,130.0,212.0,300.0,2.7,1.0,,,,,,,,,,,,
253,"Kacang galing, segar",Bahan alami,,g,100.0,,95.0,336.0,59.5,23.1,1.7,0.0,0.0,80.0,5.0,0.0,0.0,0.0,0.0,0.0,0.6,12.0,400.0,0.0,0.0,0.0,3.8,,,,,,,,,,,,
254,"Kacang gude, biji kering",Bahan alami,,g,100.0,,100.0,316.0,58.0,20.7,1.0,16.0,4.6,146.0,4.7,0.0,0.0,1306.2,2.7,0.19,0.3,16.1,445.0,19.0,990.0,2.4,4.2,,,,,,,,,,,,
255,"Kacang gude, biji segar",Bahan alami,,g,100.0,,100.0,114.0,20.8,7.0,0.6,4.0,4.4,3.0,1.5,0.0,43.0,480.5,0.9,0.07,0.37,70.3,122.0,0.0,120.0,0.8,2.3,,,,,,,,,,,,
256,"Kacang hijau var. Bakti, kering",Bahan alami,,g,100.0,,100.0,350.0,70.7,17.1,1.8,46.0,5.7,94.0,4.9,0.0,11.0,893.9,3.1,0.27,0.4,7.4,315.0,171.0,1520.0,2.6,3.1,,,,,,,,,,,,
257,"Kacang hijau var. Siwalik, kering",Bahan alami,,g,100.0,,100.0,339.0,64.6,20.8,2.1,45.0,7.4,122.0,4.9,0.0,0.0,880.4,3.1,0.27,0.45,8.8,136.0,168.0,1500.0,2.6,3.7,,,,,,,,,,,,
258,"Kacang hijau, kering",Bahan alami,,g,100.0,,100.0,323.0,56.8,22.9,1.5,42.0,7.5,223.0,7.5,0.0,10.0,815.7,2.9,0.15,0.46,15.5,319.0,156.0,1900.0,1.5,3.3,,,,,,,,,,,,
259,"Kacang hitam, kering",Bahan alami,,g,100.0,,100.0,346.0,66.1,16.6,1.7,3.0,22.8,70.0,4.7,0.0,0.0,0.0,3.5,0.1,0.16,12.5,300.0,28.0,900.0,2.1,3.1,,,,,,,,,,,,
260,Kacang kapri segar,Bahan alami,,g,100.0,,45.0,98.0,17.7,6.7,0.4,6.0,6.2,22.0,1.9,0.0,26.0,296.6,1.5,0.12,0.34,74.3,122.0,0.0,210.0,2.5,0.9,,,,,,,,,,,,
261,"Kacang kedelai, kering",Bahan alami,,g,100.0,,100.0,381.0,24.9,40.4,16.7,210.0,3.2,222.0,10.0,0.0,0.0,713.4,3.9,0.12,0.52,12.7,682.0,237.0,1580.0,1.2,5.5,,,,,,,,,,,,
262,Kacang kedelai segar,Bahan alami,,g,100.0,,100.0,286.0,30.1,30.2,15.6,28.0,2.9,196.0,6.9,0.0,0.0,870.9,3.6,0.26,0.93,20.0,506.0,0.0,1240.0,1.8,4.1,,,,,,,,,,,,
263,"Kacang kincai, kering",Bahan alami,,g,100.0,,,444.0,55.0,19.9,16.0,0.0,0.0,26.0,0.0,0.0,0.0,0.0,0.0,0.1,0.1,4.2,0.0,0.0,0.0,1.9,4.9,,,,,,,,,,,,
264,"Kacang komak, segar",Bahan alami,,g,100.0,,45.0,327.0,55.8,16.4,4.3,22.0,0.5,74.0,4.0,0.0,0.0,1137.0,2.1,0.12,0.99,20.9,282.0,0.0,900.0,0.1,2.6,,,,,,,,,,,,
265,"Kacang kuning, segar",Bahan alami,,g,100.0,,,355.0,66.0,17.0,2.5,1.0,15.1,140.0,5.8,0.0,0.0,0.0,3.2,0.08,0.47,11.7,220.0,58.0,700.0,1.9,2.8,,,,,,,,,,,,
266,Kacang lebui / iris,Bahan alami,,g,100.0,,100.0,346.0,66.6,16.5,1.5,17.0,37.3,144.0,3.4,0.0,0.0,1225.0,3.3,0.2,0.62,11.8,368.0,64.0,1500.0,0.0,3.6,,,,,,,,,,,,
267,Kacang mentega,Bahan alami,,g,100.0,,,344.0,64.6,16.7,2.1,1.0,13.0,110.0,6.7,0.0,0.0,10.0,2.5,0.07,0.21,13.7,300.0,0.0,700.0,1.2,2.9,,,,,,,,,,,,
268,Kacang merah / banda,Bahan alami,,g,100.0,,100.0,350.0,66.9,13.9,3.0,19.0,26.3,84.0,6.8,0.0,0.0,1127.0,42.0,0.76,0.15,13.0,242.0,137.0,0.0,0.3,3.2,,,,,,,,,,,,
269,Kacang marah tua,Bahan alami,,g,100.0,,100.0,280.0,63.2,16.7,1.6,19.0,4.6,209.0,6.4,0.0,6.0,1348.5,2.8,0.08,0.1,12.3,335.0,0.0,690.0,2.0,6.2,,,,,,,,,,,,
270,Kacang merah kering,Bahan alami,,g,100.0,,100.0,314.0,56.2,22.1,1.1,11.0,4.0,502.0,10.3,0.0,0.0,1265.5,2.6,0.72,0.4,17.7,429.0,129.0,650.0,2.2,2.9,,,,,,,,,,,,
271,Kacang merah segar,Bahan alami,,g,100.0,,100.0,171.0,28.0,11.0,2.2,7.0,2.1,293.0,3.7,0.0,0.0,360.7,1.4,0.15,0.15,57.2,134.0,0.0,340.0,1.1,1.7,,,,,,,,,,,,
272,Kacang mete/biji jambu monyet,Bahan alami,,g,100.0,,69.0,616.0,28.7,16.3,48.4,26.0,0.9,26.0,3.8,0.0,0.0,692.0,4.1,0.03,0.64,4.6,521.0,5.0,4700.0,0.0,2.0,,,,,,,,,,,,
273,Kacang panjang biji,Bahan alami,,g,100.0,,100.0,357.0,68.6,17.3,1.5,16.0,10.6,163.0,6.9,0.0,2.0,1109.4,2.8,0.98,0.57,12.2,437.0,2182.0,350.0,7.1,0.4,,,,,,,,,,,,
274,Kacang tanah sangan,Bahan alami,,g,100.0,,100.0,560.0,24.1,29.5,43.0,34.0,2.9,107.0,4.1,0.0,0.0,509.8,2.1,0.3,0.31,1.2,366.0,0.0,1690.0,15.5,2.1,,,,,,,,,,,,
275,Kacang tanah sangan tanpa selaput,Bahan alami,,g,100.0,,100.0,559.0,23.6,26.9,44.2,33.0,2.6,74.0,1.9,0.0,0.0,202.3,1.7,29.47,0.3,2.6,393.0,0.0,520400.0,8.0,2.7,,,,,,,,,,,,
276,Kacang tanah,Bahan alami,,g,100.0,,100.0,525.0,17.4,27.9,42.7,31.0,2.4,316.0,5.7,0.0,0.0,466.5,1.9,0.27,0.44,9.6,456.0,0.0,1550.0,1.4,2.4,,,,,,,,,,,,
277,Kacang tolo / tunggak,Bahan alami,,g,100.0,,100.0,331.0,56.6,24.4,1.9,15.0,1.6,481.0,13.9,0.0,0.0,7.8,5.9,0.2,0.06,13.5,399.0,65.0,1030.0,4.3,3.6,,,,,,,,,,,,
278,Kacang tunis,Bahan alami,,g,100.0,,100.0,351.0,72.9,12.2,1.2,1.0,29.5,120.0,6.9,0.0,0.0,0.0,2.9,0.13,0.57,10.5,220.0,0.0,1400.0,2.5,3.2,,,,,,,,,,,,
279,Kacang uci,Bahan alami,,g,100.0,,100.0,358.0,60.6,23.4,2.4,13.0,7.4,269.0,0.5,0.0,2.0,1457.7,0.0,0.2,0.1,9.9,264.0,20.0,350.0,2.5,3.7,,,,,,,,,,,,
280,Kacang urei,Bahan alami,,g,100.0,,,354.0,69.3,12.8,1.8,1.0,26.1,220.0,5.1,0.0,0.0,0.0,3.1,0.05,0.55,12.8,220.0,0.0,700.0,3.5,3.3,,,,,,,,,,,,
281,Kenari banda,Bahan alami,,g,100.0,,100.0,616.0,13.7,13.9,56.2,11.0,0.0,0.0,1.4,0.0,0.0,460.0,3.2,0.08,0.83,13.0,380.0,90.0,1100.0,0.5,3.2,,,,,,,,,,,,
282,Kenari kering,Bahan alami,,g,100.0,,100.0,657.0,13.0,15.0,66.0,3.0,0.0,92.0,7.7,0.0,0.0,505.8,3.0,0.09,0.42,3.0,691.0,0.0,970.0,0.5,3.0,,,,,,,,,,,,
283,Komak polong,Bahan alami,,g,100.0,,100.0,99.0,21.2,3.3,0.1,15.0,10.3,50.0,13.1,0.0,0.0,567.0,0.6,0.03,0.13,74.3,99.0,5.0,200.0,0.2,1.1,,,,,,,,,,,,
284,Koro andong,Bahan alami,,g,100.0,,100.0,356.0,61.6,20.5,4.1,18.0,7.0,150.0,6.2,0.0,1.0,301.8,2.8,0.02,0.29,10.8,272.0,0.0,730.0,1.4,3.0,,,,,,,,,,,,
285,"Koro benguk, biji",Bahan alami,,g,100.0,,95.0,332.0,55.0,24.0,3.0,42.0,5.6,30.0,20.0,0.0,0.0,389.2,8.7,0.12,0.3,15.0,200.0,0.0,1250.0,1.7,3.0,,,,,,,,,,,,
286,"Koro kerupuk, biji",Bahan alami,,g,100.0,,68.0,125.0,22.1,8.3,0.7,16.0,2.2,17.0,2.7,0.0,31.0,150.3,3.4,0.04,0.11,67.2,12.0,0.0,480.0,1.1,1.7,,,,,,,,,,,,
287,"Koro loke, biji",Bahan alami,,g,100.0,,95.0,33.0,7.9,2.7,0.2,2.0,3.5,60.0,2.0,0.0,0.0,38.6,0.4,0.0,0.1,88.6,40.0,0.0,90.0,0.2,0.6,,,,,,,,,,,,
288,Koro roay,Bahan alami,,g,100.0,,100.0,344.0,69.4,12.5,2.1,18.0,7.5,70.0,4.4,0.0,1.0,294.3,2.7,0.21,0.11,13.0,103.0,0.0,720.0,1.4,3.0,,,,,,,,,,,,
289,"Koro wedus, biji, kering",Bahan alami,,g,100.0,,100.0,338.0,61.0,22.2,1.5,43.0,5.8,88.0,3.5,0.0,0.0,403.8,9.1,0.12,0.62,11.8,395.0,0.0,1300.0,1.8,3.5,,,,,,,,,,,,
290,"Lamtoro biji muda, segar",Bahan alami,,g,100.0,,100.0,85.0,15.4,5.7,0.3,35.0,10.8,180.0,2.7,0.0,15.0,485.7,1.4,1.15,0.08,77.4,53.0,0.0,20.0,1.0,1.2,,,,,,,,,,,,
291,"Lamtoro biji tua, segar",Bahan alami,,g,100.0,,100.0,148.0,26.2,10.6,0.5,28.0,17.0,155.0,2.2,0.0,20.0,628.5,2.4,0.49,0.23,61.4,59.0,0.0,30.0,2.8,1.3,,,,,,,,,,,,
292,Lamtoro var. gung tanpa kulit,Bahan alami,,g,100.0,,100.0,367.0,32.5,46.4,5.4,65.0,2.6,136.0,23.3,0.0,9.0,1462.3,5.6,1.15,0.06,10.2,441.0,0.0,70.0,1.0,4.4,,,,,,,,,,,,
293,Lamtoro var. lokal dengan kulit,Bahan alami,,g,100.0,,100.0,336.0,59.7,23.8,1.2,134.0,15.4,867.0,1.5,0.0,16.0,1858.9,5.4,1.34,0.15,13.5,321.0,0.0,70.0,0.9,1.8,,,,,,,,,,,,
294,"Nangka, biji, segar",Bahan alami,,g,100.0,,75.0,165.0,36.7,4.2,0.1,69.0,1.8,33.0,1.0,0.0,10.0,179.0,0.2,0.03,0.2,57.7,200.0,0.0,120.0,1.4,1.3,,,,,,,,,,,,
295,"Saga merah terkupas, mentah",Bahan alami,,g,100.0,,100.0,449.0,31.9,30.6,25.5,66.0,3.5,1062.0,14.2,0.0,7.0,1496.5,5.7,1.5,0.09,8.1,161.0,0.0,70.0,10.9,3.9,,,,,,,,,,,,
296,"Wijen,mentah",Bahan alami,,g,100.0,,100.0,568.0,18.1,19.3,51.1,18.0,3.6,1125.0,9.5,0.0,0.0,303.7,7.9,0.2,0.93,5.8,614.0,15.0,4160.0,5.7,5.8,,,,,,,,,,,,
297,Kacang belimbing rebus,Bahan alami,,g,100.0,,100.0,204.0,17.5,16.9,8.8,43.0,4.8,230.0,3.3,0.0,0.0,1098.0,2.3,0.48,0.2,55.6,180.0,0.0,3240.0,0.7,1.2,,,,,,,,,,,,
298,Kacang bogor goreng,Bahan alami,,g,100.0,,35.0,479.0,58.9,12.7,23.2,0.0,1.2,135.0,2.9,0.0,0.0,0.0,0.0,0.45,0.25,3.0,184.0,0.0,0.0,4.1,2.2,,,,,,,,,,,,
299,Kacang bogor rebus,Bahan alami,,g,100.0,,35.0,161.0,27.1,7.7,2.8,0.0,2.0,56.0,1.4,0.0,0.0,0.0,0.0,0.0,0.1,61.2,134.0,0.0,0.0,0.0,1.2,,,,,,,,,,,,
300,Kacang gude rebus,Bahan alami,,g,100.0,,100.0,147.0,27.5,9.0,0.5,14.0,3.4,50.0,2.0,0.0,0.0,1126.0,2.7,0.07,0.1,61.5,175.0,12.0,800.0,13.2,1.5,,,,,,,,,,,,
301,Kacang hijau rebus,Bahan alami,,g,100.0,,100.0,109.0,18.3,8.7,0.5,447.0,1.5,95.0,1.5,0.0,3.0,657.8,2.8,0.04,0.12,71.3,149.0,18.0,1400.0,0.4,1.2,,,,,,,,,,,,
302,Kacang kedelai goreng,Bahan alami,,g,100.0,,100.0,521.0,22.9,32.2,37.7,3492.0,7.6,296.0,6.5,0.0,0.0,11890.0,60.0,1.9,0.4,9.6,800.0,0.0,26300.0,19.0,3.7,,,,,,,,,,,,
303,Kacang kedelai rebus,Bahan alami,,g,100.0,,100.0,189.0,12.7,20.2,8.2,181.0,1.6,91.0,3.9,0.0,0.0,615.0,3.7,0.04,0.2,56.8,270.0,4.0,1300.0,0.5,2.1,,,,,,,,,,,,
304,Kacang merah kering rebus,Bahan alami,,g,100.0,,100.0,158.0,28.2,10.3,0.9,6.0,2.6,160.0,3.7,0.0,0.0,311.0,1.5,0.09,0.2,59.6,149.0,0.0,270.0,0.8,1.0,,,,,,,,,,,,
305,Kacang merah segar rebus,Bahan alami,,g,100.0,,100.0,144.0,24.7,10.0,1.0,6.0,3.5,144.0,2.8,0.0,0.0,311.0,1.5,0.08,0.1,63.1,150.0,0.0,270.0,0.7,1.2,,,,,,,,,,,,
306,Kacang mete/biji jambu monyet goreng,Bahan alami,,g,100.0,,100.0,629.0,19.8,20.4,56.3,13.0,1.1,502.0,8.0,0.0,0.0,641.7,5.4,0.22,0.37,1.0,493.0,5.0,4700.0,1.8,2.5,,,,,,,,,,,,
307,Kacang tanah rebus dengan kulit,Bahan alami,,g,100.0,,43.0,360.0,12.8,13.5,31.2,32.0,0.0,42.0,1.4,0.0,5.0,483.0,2.0,0.13,0.44,40.2,177.0,0.0,1600.0,9.0,2.3,,,,,,,,,,,,
308,Kacang tanah goreng,Bahan alami,,g,100.0,,100.0,564.0,25.5,25.5,44.4,0.0,2.8,106.0,4.1,0.0,0.0,0.0,0.0,0.0,0.4,2.5,390.0,0.0,0.0,0.0,2.8,,,,,,,,,,,,
309,Kacang tanah rebus,Bahan alami,,g,100.0,,100.0,220.0,8.0,10.6,18.0,36.0,1.0,89.0,1.9,0.0,0.0,536.2,2.2,0.0,0.1,62.1,273.0,0.0,1780.0,0.0,1.3,,,,,,,,,,,,
310,Kacang tolo rebus,Bahan alami,,g,100.0,,100.0,138.0,22.6,10.7,1.1,13.0,0.9,165.0,4.0,0.0,0.0,6.7,6.1,0.17,0.01,64.4,172.0,0.0,800.0,3.2,1.2,,,,,,,,,,,,
311,Ampas kacang hijau,Bahan alami,,g,100.0,,100.0,96.0,19.1,3.7,0.6,0.0,2.7,133.0,1.3,0.0,0.0,0.0,0.0,0.0,0.05,70.6,150.0,0.0,0.0,0.0,0.6,,,,,,,,,,,,
312,Ampas tahu mentah,Bahan alami,,g,100.0,,100.0,67.0,8.1,5.0,2.1,8.0,4.1,460.0,1.0,0.0,0.0,184.5,0.5,0.02,0.06,84.1,88.0,0.0,170.0,0.1,0.6,,,,,,,,,,,,
313,Ampas tahu kukus,Bahan alami,,g,100.0,,100.0,75.0,10.7,4.1,2.1,0.0,5.1,203.0,1.3,0.0,0.0,0.0,0.0,0.0,0.07,82.5,60.0,0.0,0.0,0.0,0.6,,,,,,,,,,,,
314,Ampas tahu kering,Bahan alami,,g,100.0,,100.0,414.0,41.3,26.6,18.3,45.0,0.0,19.0,4.0,0.0,0.0,1055.7,2.8,0.1,0.2,9.0,29.0,24.0,990.0,0.5,5.8,,,,,,,,,,,,
315,Pepea oncom ampas tahu,Bahan alami,,g,100.0,,100.0,76.0,10.6,5.2,1.8,0.0,2.2,215.0,12.5,0.0,0.0,0.0,0.0,0.0,0.11,80.9,66.0,0.0,0.0,0.0,1.5,,,,,,,,,,,,
316,Bungkil biji karet,Bahan alami,,g,100.0,,100.0,333.0,50.0,29.3,3.3,0.0,0.0,102.0,12.0,0.0,0.0,0.0,0.0,0.0,0.1,12.0,660.0,0.0,0.0,0.0,29.4,,,,,,,,,,,,
317,Bungkil kacang tanah,Bahan alami,,g,100.0,,100.0,336.0,30.5,37.4,13.0,0.0,0.0,730.0,30.7,0.0,0.0,0.0,0.0,0.0,0.04,14.0,470.0,0.0,0.0,0.0,33.1,,,,,,,,,,,,
318,Bungkil kelapa,Bahan alami,,g,100.0,,100.0,368.0,40.0,23.0,15.0,0.0,0.0,137.0,41.5,0.0,0.0,0.0,0.0,0.46,0.0,16.0,433.0,0.0,0.0,8.9,38.0,,,,,,,,,,,,
319,Dodol Banjarmasin,Bahan alami,,g,100.0,,100.0,368.0,70.0,2.6,8.6,48.0,0.5,51.0,3.3,0.0,0.0,96.0,2.6,0.07,0.04,17.3,180.0,0.0,400.0,2.3,1.5,,,,,,,,,,,,
320,Emping (keripik melinjo),Bahan alami,,g,100.0,,100.0,345.0,71.5,12.0,1.5,0.0,0.0,100.0,5.0,0.0,0.0,0.0,0.0,0.0,0.2,13.0,400.0,0.0,0.0,0.0,28.0,,,,,,,,,,,,
321,Emping komak,Bahan alami,,g,100.0,,100.0,355.0,60.7,17.8,4.6,24.0,0.0,87.0,4.3,0.0,0.0,1233.0,2.3,0.0,0.0,14.2,304.0,0.0,1000.0,0.6,2.7,,,,,,,,,,,,
322,Enting-enting gepuk hello kity,Bahan alami,,g,100.0,,100.0,538.0,52.6,13.6,30.3,0.0,0.2,81.0,1.6,0.0,0.0,0.0,0.0,0.0,1.0,2.4,248.0,0.0,0.0,0.0,1.0,,,,,,,,,,,,
323,Enting-enting gepuk kacang tanah,Bahan alami,,g,100.0,,100.0,524.0,52.0,13.3,29.2,0.0,0.2,76.0,1.4,0.0,0.0,0.0,0.0,0.0,0.62,4.2,248.0,0.0,0.0,0.0,1.4,,,,,,,,,,,,
324,Enting-enting wijen,Bahan alami,,g,100.0,,100.0,565.0,36.8,18.2,38.4,0.0,1.9,251.0,10.9,0.0,0.0,0.0,0.0,0.0,0.92,3.7,502.0,0.0,0.0,0.0,3.0,,,,,,,,,,,,
325,Geplak,Bahan alami,,g,100.0,,100.0,350.0,53.6,1.4,14.4,0.0,1.8,151.0,2.1,0.0,0.0,0.0,0.0,0.02,0.12,29.6,43.0,0.0,0.0,0.8,1.0,,,,,,,,,,,,
326,Geplak Jahe,Bahan alami,,g,100.0,,100.0,462.0,57.7,3.1,14.4,0.0,3.3,212.0,6.6,0.0,0.0,0.0,0.0,0.0,0.12,12.4,161.0,0.0,0.0,0.1,2.5,,,,,,,,,,,,
327,Kacang atom,Bahan alami,,g,100.0,,100.0,533.0,28.8,27.8,38.1,0.0,2.5,87.0,3.0,0.0,0.0,0.0,0.0,0.0,0.06,3.1,423.0,0.0,0.0,0.0,2.2,,,,,,,,,,,,
328,Kacang goyang,Bahan alami,,g,100.0,,100.0,516.0,44.4,14.7,31.1,2.0,0.0,34.0,0.7,0.0,0.0,365.0,1.7,0.0,0.0,8.3,230.0,0.0,600.0,0.0,1.5,,,,,,,,,,,,
329,Kacang negara,Bahan alami,,g,100.0,,100.0,480.0,58.5,18.4,19.1,1010.0,11.7,34.0,10.3,0.0,0.0,385.0,7.1,0.05,0.63,3.1,404.0,0.0,2500.0,2.6,0.9,,,,,,,,,,,,
330,Kacang sukro,Bahan alami,,g,100.0,,100.0,484.0,57.7,8.8,26.1,0.0,1.8,49.0,2.5,0.0,0.0,0.0,0.0,0.0,0.06,4.7,194.0,0.0,0.0,0.0,2.7,,,,,,,,,,,,
331,Kacang tanah sari,Bahan alami,,g,100.0,,100.0,561.0,26.0,25.5,43.8,0.0,2.2,50.0,3.1,0.0,0.0,0.0,0.0,0.0,0.08,2.1,324.0,0.0,0.0,0.0,2.6,,,,,,,,,,,,
332,Keju kcang tanah (peanut butter),Bahan alami,,g,100.0,,100.0,590.0,20.9,27.0,49.0,355.0,1.6,60.0,2.0,0.0,0.0,492.4,2.7,0.2,0.3,3.0,360.0,0.0,570.0,16.2,0.1,,,,,,,,,,,,
333,Kembang tahu,Bahan alami,,g,100.0,,100.0,380.0,23.3,48.9,13.8,55.0,0.0,378.0,2.1,0.0,0.0,455.3,4.2,0.08,0.15,10.8,781.0,0.0,680.0,0.7,3.2,,,,,,,,,,,,
334,Kembang tahu rebus,Bahan alami,,g,100.0,,100.0,90.0,4.7,10.7,4.0,0.0,0.0,85.0,0.0,0.0,0.0,0.0,0.0,0.0,0.0,79.8,0.0,0.0,0.0,0.0,0.8,,,,,,,,,,,,
335,Keripik oncom,Bahan alami,,g,100.0,,100.0,598.0,42.6,8.3,43.8,0.0,3.3,85.0,27.0,0.0,0.0,0.0,0.0,0.0,1.13,3.0,153.0,0.0,0.0,0.0,2.2,,,,,,,,,,,,
336,Keripik tempe,Bahan alami,,g,100.0,,100.0,581.0,41.7,12.1,40.6,0.0,2.2,237.0,6.9,0.0,0.0,0.0,0.0,0.0,0.35,3.3,116.0,0.0,0.0,0.0,2.3,,,,,,,,,,,,
337,Keripik tempe abadi besar,Bahan alami,,g,100.0,,100.0,556.0,39.8,15.8,37.1,0.0,3.5,112.0,5.4,0.0,0.0,0.0,0.0,0.0,0.63,4.5,215.0,0.0,0.0,0.0,2.8,,,,,,,,,,,,
338,Keripik tempe abadi murni,Bahan alami,,g,100.0,,100.0,542.0,11.6,40.3,42.4,0.0,2.2,175.0,5.2,0.0,0.0,0.0,0.0,0.0,0.1,3.2,529.0,0.0,0.0,0.0,2.7,,,,,,,,,,,,
339,Keripik tempe abadi sedang,Bahan alami,,g,100.0,,100.0,510.0,52.4,12.3,27.9,0.0,3.6,122.0,8.4,0.0,0.0,0.0,0.0,0.0,0.52,4.4,211.0,0.0,0.0,0.0,3.1,,,,,,,,,,,,
340,Keripik tempe abadi telur,Bahan alami,,g,100.0,,100.0,529.0,40.2,20.8,31.7,0.0,3.0,124.0,5.4,0.0,0.0,0.0,0.0,0.0,0.86,4.5,222.0,0.0,0.0,0.0,2.9,,,,,,,,,,,,
341,Keripik tempe abadi prima,Bahan alami,,g,100.0,,100.0,540.0,42.0,16.7,33.9,0.0,2.2,92.0,3.2,0.0,0.0,0.0,0.0,0.0,0.38,4.8,184.0,0.0,0.0,0.0,2.6,,,,,,,,,,,,
342,Kwaci,Bahan alami,,g,100.0,,35.0,515.0,13.8,30.6,42.1,124.0,13.6,54.0,6.2,0.0,0.0,448.6,9.7,0.19,0.02,9.9,312.0,0.0,650.0,0.3,3.7,,,,,,,,,,,,
343,Melinjo emping tebal goreng manis,Bahan alami,,g,100.0,,100.0,439.0,65.7,10.0,16.4,0.0,0.0,66.0,0.0,0.0,0.0,0.0,0.0,0.0,0.11,5.6,225.0,0.0,0.0,0.0,2.3,,,,,,,,,,,,
344,Melinjo emping tebal goreng asin,Bahan alami,,g,100.0,,100.0,431.0,63.0,11.1,16.2,0.0,0.0,77.0,0.0,0.0,0.0,0.0,0.0,0.0,0.08,8.0,0.0,0.0,0.0,0.0,1.6,,,,,,,,,,,,
345,Melinjo emping tipis goreng,Bahan alami,,g,100.0,,100.0,485.0,59.1,11.5,24.5,0.0,0.0,85.0,0.0,0.0,0.0,0.0,0.0,0.0,0.11,3.3,218.0,0.0,0.0,0.0,1.5,,,,,,,,,,,,
346,Moon tahu,Bahan alami,,g,100.0,,100.0,128.0,1.3,8.0,10.0,393.0,0.2,205.0,2.5,131.0,0.0,0.0,0.0,0.0,0.46,79.9,92.0,0.0,0.0,0.0,0.8,,,,,,,,,,,,
347,Oncom,Bahan alami,,g,100.0,,100.0,187.0,22.6,13.0,6.0,0.0,0.0,96.0,27.0,0.0,0.0,0.0,0.0,0.0,0.09,57.0,115.0,0.0,0.0,1.6,1.4,,,,,,,,,,,,
348,Oncom ampas kacang hijau,Bahan alami,,g,100.0,,100.0,376.0,65.7,14.9,6.0,0.0,12.3,199.0,10.9,0.0,0.0,0.0,0.0,0.0,0.03,13.4,110.0,0.0,0.0,0.0,1.7,,,,,,,,,,,,
349,Oncom kacang hijau + singkong,Bahan alami,,g,100.0,,100.0,351.0,65.9,11.0,5.3,0.0,9.0,164.0,7.8,0.0,0.0,0.0,0.0,0.0,0.01,16.5,113.0,0.0,0.0,0.0,1.3,,,,,,,,,,,,
350,Oncom kacang tanah pepes,Bahan alami,,g,100.0,,100.0,132.0,13.7,11.7,3.8,0.0,3.1,133.0,34.4,0.0,0.0,0.0,0.0,0.2,0.08,65.0,335.0,0.0,0.0,0.7,4.8,,,,,,,,,,,,
351,Rempeyek kacang tanah,Bahan alami,,g,100.0,,100.0,513.0,44.3,17.5,32.5,0.0,1.7,65.0,2.6,0.0,0.0,0.0,0.0,0.0,0.1,3.9,202.0,0.0,0.0,0.0,1.8,,,,,,,,,,,,
352,Rempeyek kacang tolo,Bahan alami,,g,100.0,,100.0,451.0,59.7,11.2,20.2,0.0,1.8,156.0,4.6,0.0,0.0,0.0,0.0,0.0,0.02,6.1,221.0,0.0,0.0,0.0,2.8,,,,,,,,,,,,
353,Rempeyek kacang uci,Bahan alami,,g,100.0,,100.0,497.0,50.8,17.0,27.6,0.0,2.4,166.0,6.7,0.0,0.0,0.0,0.0,0.0,0.05,4.0,89.0,0.0,0.0,0.0,3.4,,,,,,,,,,,,
354,Sayur lebui,Bahan alami,,g,100.0,,100.0,64.0,12.5,2.1,0.6,124.0,5.7,21.0,1.0,0.0,0.0,146.0,0.7,0.0,0.0,83.9,2.0,14.0,200.0,0.1,0.9,,,,,,,,,,,,
355,"Saridele, bubuk",Bahan alami,,g,100.0,,100.0,344.0,43.0,30.0,20.0,56.0,6.2,450.0,4.0,0.0,10.0,2572.3,4.0,0.16,0.7,3.0,500.0,0.0,2990.0,2.0,4.0,,,,,,,,,,,,
356,Susu kedelai,Bahan alami,,g,100.0,,100.0,41.0,5.0,3.5,2.5,128.0,0.2,50.0,0.7,0.0,2.0,287.9,1.0,0.05,0.08,87.0,45.0,0.0,120.0,0.7,2.0,,,,,,,,,,,,
357,Tahu,Bahan alami,,g,100.0,,100.0,80.0,0.8,10.9,4.7,2.0,0.1,223.0,3.4,0.0,0.0,50.6,0.8,0.08,0.01,82.2,183.0,118.0,190.0,0.1,1.4,,,,,,,,,,,,
358,Tahu goreng,Bahan alami,,g,100.0,,100.0,115.0,2.5,9.7,8.5,7.0,0.1,229.0,4.1,0.0,0.0,68.2,1.3,0.24,0.01,77.3,200.0,0.0,90.0,0.0,2.0,,,,,,,,,,,,
359,Tahu telur,Bahan alami,,g,100.0,,100.0,328.0,24.6,12.6,19.9,755.4,0.4,492.0,4.9,73.0,0.0,0.0,0.0,0.0,0.42,41.8,238.0,0.0,0.0,0.0,1.1,,,,,,,,,,,,
360,Takwa,Bahan alami,,g,100.0,,100.0,148.0,4.0,13.8,8.5,3.0,0.0,140.0,8.5,0.0,0.0,79.0,1.3,0.1,0.2,72.2,214.0,0.0,300.0,0.8,1.6,,,,,,,,,,,,
361,Tauco,Bahan alami,,g,100.0,,100.0,184.0,22.2,11.4,5.5,1766.0,1.9,72.0,6.0,0.0,0.0,233.0,1.0,0.2,0.32,54.0,463.0,0.0,390.0,0.8,6.9,,,,,,,,,,,,
362,"Tauco cap beruang, cake",Bahan alami,,g,100.0,,100.0,347.0,67.6,7.4,5.2,0.0,3.2,63.0,6.2,0.0,0.0,0.0,0.0,0.0,0.35,11.4,106.0,0.0,0.0,0.0,8.4,,,,,,,,,,,,
363,"Tauco cap DAS, cake",Bahan alami,,g,100.0,,100.0,358.0,70.4,7.5,4.3,0.0,3.1,94.0,4.5,0.0,0.0,0.0,0.0,0.0,0.29,10.2,94.0,0.0,0.0,0.0,7.6,,,,,,,,,,,,
364,Tauco cap meong,Bahan alami,,g,100.0,,100.0,159.0,21.3,7.4,4.9,1547.0,1.6,183.0,10.1,0.0,0.0,204.1,0.9,0.18,0.46,59.7,84.0,0.0,340.0,0.7,6.7,,,,,,,,,,,,
365,Tauji cap singa,Bahan alami,,g,100.0,,100.0,277.0,49.6,9.1,4.7,0.0,1.2,68.0,3.0,0.0,0.0,0.0,0.0,0.0,0.15,30.4,106.0,0.0,0.0,0.0,6.2,,,,,,,,,,,,
366,Tempe bongkrek,Bahan alami,,g,100.0,,100.0,119.0,18.3,4.4,3.5,0.0,0.0,27.0,2.6,0.0,0.0,0.0,0.0,0.0,0.08,72.5,100.0,0.0,0.0,0.0,146.3,,,,,,,,,,,,
367,Tempe gembus P3G,Bahan alami,,g,100.0,,100.0,73.0,10.3,5.7,1.3,0.0,4.2,204.0,1.5,0.0,0.0,0.0,0.0,0.1,0.09,81.9,80.0,0.0,0.0,0.9,0.8,,,,,,,,,,,,
368,Tempe gembus yogya,Bahan alami,,g,100.0,,100.0,76.0,10.6,6.8,0.7,0.0,5.3,76.0,16.5,0.0,0.0,0.0,0.0,0.01,0.79,80.7,142.0,0.0,0.0,0.1,1.1,,,,,,,,,,,,
369,Tempe kacang babi,Bahan alami,,g,100.0,,100.0,139.0,21.9,12.5,0.8,0.0,1.8,68.0,2.6,0.0,0.0,0.0,0.0,0.0,0.1,64.0,182.0,0.0,0.0,0.0,1.2,,,,,,,,,,,,
370,Tempe kacang belimbing,Bahan alami,,g,100.0,,100.0,212.0,12.9,17.5,10.0,0.0,2.9,186.0,2.2,0.0,0.0,0.0,0.0,0.0,0.2,58.2,160.0,0.0,0.0,0.0,1.4,,,,,,,,,,,,
371,Tempe kedelai + jagung,Bahan alami,,g,100.0,,100.0,143.0,11.4,12.0,5.5,0.0,1.9,155.0,6.8,0.0,0.0,0.0,0.0,0.15,0.33,70.6,156.0,0.0,0.0,1.2,0.6,,,,,,,,,,,,
372,Tempe kedelai murni goreng,Bahan alami,,g,100.0,,100.0,350.0,10.4,24.5,26.6,22.0,4.2,202.0,4.9,0.0,0.0,626.7,2.5,0.6,0.24,36.8,296.0,0.0,800.0,3.3,1.8,,,,,,,,,,,,
373,Tempe kedelai murni mentah,Bahan alami,,g,100.0,,100.0,201.0,13.5,20.8,8.8,9.0,1.4,155.0,4.0,0.0,0.0,234.0,1.7,0.59,0.19,55.3,326.0,0.0,570.0,4.9,1.6,,,,,,,,,,,,
374,Tempe koro benguk,Bahan alami,,g,100.0,,100.0,141.0,23.2,10.2,1.3,0.0,0.0,42.0,2.6,0.0,0.0,0.0,0.0,0.0,0.09,64.0,15.0,0.0,0.0,0.0,1.3,,,,,,,,,,,,
375,Tempe lamtoro,Bahan alami,,g,100.0,,100.0,128.0,21.3,10.7,0.5,0.0,7.1,203.0,0.6,0.0,2.0,0.0,0.0,0.0,0.17,66.8,108.0,0.0,0.0,0.0,0.7,,,,,,,,,,,,
376,Tempe lamtoro var. gung dengan kuit,Bahan alami,,g,100.0,,100.0,146.0,19.6,11.7,2.3,0.0,7.6,128.0,6.8,0.0,0.0,0.0,0.0,0.0,0.19,65.1,41.0,0.0,0.0,1.4,1.3,,,,,,,,,,,,
377,Tempe lamtoro var. gung tanpa kuit,Bahan alami,,g,100.0,,100.0,131.0,13.0,18.0,0.8,0.0,1.3,95.0,12.4,0.0,0.0,0.0,0.0,0.02,0.2,67.1,154.0,0.0,0.0,2.6,1.1,,,,,,,,,,,,
378,Tempe pasar,Bahan alami,,g,100.0,,100.0,150.0,9.1,14.0,7.7,7.0,1.4,517.0,1.5,0.0,0.0,165.9,1.2,0.44,0.17,68.3,202.0,0.0,400.0,3.6,0.9,,,,,,,,,,,,
379,Tempe pasar goreng,Bahan alami,,g,100.0,,100.0,336.0,7.8,20.0,28.0,20.0,3.4,156.0,3.0,0.0,0.0,566.2,2.2,0.5,0.1,42.9,350.0,0.0,800.0,3.0,1.3,,,,,,,,,,,,
380,Tepung hunkwe (pati kacang ijo),Bahan alami,,g,100.0,,100.0,364.0,83.5,4.5,1.0,15.0,16.1,50.0,1.0,0.0,0.0,1232.9,2.7,0.23,0.0,10.0,100.0,1000.0,930.0,2.2,1.0,,,,,,,,,,,,
381,Tepung Jalejo,Bahan alami,,g,100.0,,100.0,347.0,61.2,19.0,7.5,3.0,5.8,101.0,2.0,0.0,9.0,712.0,1.9,0.7,0.02,10.0,663.0,0.0,600.0,1.6,2.3,,,,,,,,,,,,
382,Tepung kacang kedelai,Bahan alami,,g,100.0,,100.0,347.0,29.9,35.9,20.6,52.0,5.8,195.0,8.4,0.0,0.0,2522.5,2.6,0.32,0.77,9.0,544.0,0.0,4303450.0,2.1,4.0,,,,,,,,,,,,
383,"Akar tonjong, segar",Bahan alami,,g,100.0,,100.0,45.0,10.8,1.1,0.4,96.0,1.2,72.0,1.3,0.0,2.0,1147.1,0.2,0.03,0.02,86.7,125.0,83.0,20.0,1.9,1.0,,,,,,,,,,,,
384,"Ale, toge, tauge, kecambah, segar",Bahan alami,,g,100.0,,90.0,37.0,3.8,4.4,0.5,2.0,1.7,50.0,2.0,0.0,46.0,105.0,0.4,0.09,0.02,90.6,248.0,0.0,160.0,0.6,0.7,,,,,,,,,,,,
385,"Andaliman, segar",Bahan alami,,g,100.0,,100.0,99.0,18.0,4.6,1.0,0.0,8.5,383.0,2.9,0.0,15.0,0.0,0.0,0.0,3.0,74.2,107.0,0.0,0.0,0.0,2.2,,,,,,,,,,,,
386,"Andewi, segar",Bahan alami,,g,100.0,,80.0,226.0,5.3,1.6,0.2,29.0,4.1,33.0,1.0,0.0,10.0,414.6,1.0,0.09,0.14,91.8,66.0,1717.0,130.0,0.5,1.1,,,,,,,,,,,,
387,"Bakung, segar",Bahan alami,,g,100.0,,100.0,27.0,4.2,2.0,0.2,37.0,3.8,19.0,0.5,0.0,42.0,340.0,0.3,0.1,0.2,92.5,20.0,1080.0,200.0,0.3,1.1,,,,,,,,,,,,
388,"Balingo, segar",Bahan alami,,g,100.0,,69.0,15.0,3.0,0.4,0.2,2.0,0.4,19.0,0.4,0.0,13.0,131.1,0.6,0.02,0.04,96.1,19.0,0.0,20.0,0.3,0.3,,,,,,,,,,,,
389,"Bawang bombay, segar",Bahan alami,,g,100.0,,94.0,43.0,10.3,1.4,0.2,12.0,2.0,32.0,0.5,0.0,9.0,9.6,0.3,0.21,0.03,87.5,44.0,788.0,100.0,0.4,0.6,,,,,,,,,,,,
390,"Bayam, sayur bayam, segar",Bahan alami,,g,100.0,,71.0,16.0,2.9,0.9,0.4,16.0,0.7,166.0,3.5,0.0,41.0,456.4,0.4,0.1,0.04,94.5,76.0,2699.0,130.0,1.0,1.3,,,,,,,,,,,,
391,"Bayam merah, segar",Bahan alami,,g,100.0,,71.0,41.0,6.3,2.2,0.8,20.0,2.2,520.0,7.0,0.0,62.0,60.0,0.8,0.1,0.2,88.5,80.0,7325.0,200.0,0.1,2.2,,,,,,,,,,,,
392,"Bit, segar",Bahan alami,,g,100.0,,75.0,41.0,9.6,1.6,0.1,29.0,2.6,27.0,1.0,0.0,10.0,404.9,0.7,0.05,0.02,87.6,43.0,0.0,200.0,0.3,1.1,,,,,,,,,,,,
393,Buah kelor,Bahan alami,,g,100.0,,65.0,38.0,7.5,1.5,0.2,48.0,3.2,30.0,0.0,0.0,25.0,216.0,0.2,0.1,0.1,89.5,54.0,31.0,0.0,4.1,1.3,,,,,,,,,,,,
394,Buah merah,Bahan alami,,g,100.0,,100.0,87.0,13.1,2.6,2.7,110.0,4.0,30.0,1.1,0.0,15.0,140.0,0.3,0.1,1.5,81.2,1.0,0.0,100.0,0.2,0.4,,,,,,,,,,,,
395,"Buncis, segar",Bahan alami,,g,100.0,,90.0,34.0,7.2,2.4,0.3,8.0,1.9,101.0,0.7,0.0,11.0,250.0,0.3,0.4,0.05,89.6,42.0,772.0,70.0,2.8,0.5,,,,,,,,,,,,
396,"Bunga pepaya, segar",Bahan alami,,g,100.0,,100.0,45.0,8.1,2.6,0.3,2.0,1.6,290.0,4.2,0.0,23.0,478.3,0.8,0.28,0.01,87.3,113.0,2792.0,80.0,1.0,1.7,,,,,,,,,,,,
397,"Bunga Turi, segar",Bahan alami,,g,100.0,,96.0,42.0,6.1,2.0,1.1,29.0,3.3,28.0,0.8,0.0,1.0,97.4,0.6,0.02,0.5,90.4,23.0,1200.0,100.0,0.4,0.4,,,,,,,,,,,,
398,"Caisin, segar",Bahan alami,,g,100.0,,100.0,20.0,3.4,1.7,0.4,18.0,1.2,123.0,1.9,0.0,3.0,358.2,1.4,0.19,0.04,93.6,40.0,1675.0,50.0,0.6,0.9,,,,,,,,,,,,
399,"Daun bangun-bangun, segar",Bahan alami,,g,100.0,,66.0,27.0,4.0,1.3,0.6,4.0,1.0,279.0,13.6,0.0,5.0,144.0,0.0,0.1,0.16,92.5,40.0,1489.0,0.0,0.0,1.6,,,,,,,,,,,,
400,"Daun bawang merah, segar",Bahan alami,,g,100.0,,67.0,41.0,7.8,2.0,0.3,30.0,2.1,60.0,2.3,0.0,11.0,90.0,0.3,0.1,0.1,89.1,40.0,218.0,100.0,0.2,0.8,,,,,,,,,,,,
401,"Daun bebuas, segar",Bahan alami,,g,100.0,,49.0,41.0,7.3,2.7,1.0,0.0,2.1,29.0,1.5,0.0,3.0,0.0,0.0,0.0,0.01,87.9,245.0,0.0,0.0,0.0,1.1,,,,,,,,,,,,
402,"Daun belem, segar",Bahan alami,,g,100.0,,81.0,50.0,7.8,4.4,1.4,0.0,1.9,698.0,7.5,0.0,21.0,0.0,0.0,0.0,0.05,84.6,151.0,0.0,0.0,0.0,1.8,,,,,,,,,,,,
403,"Daun bluntas, segar",Bahan alami,,g,100.0,,65.0,44.0,9.4,1.8,0.5,0.0,0.0,256.0,5.6,0.0,30.0,0.0,0.0,0.0,0.02,86.0,49.0,0.0,0.0,0.0,2.3,,,,,,,,,,,,
404,"Daun gandaria, segar",Bahan alami,,g,100.0,,65.0,63.0,14.0,3.1,0.3,3.0,2.1,40.0,4.7,0.0,61.0,127.7,0.0,0.04,0.04,81.0,45.0,503.0,0.0,0.2,1.6,,,,,,,,,,,,
405,"Daun gedi besar, segar",Bahan alami,,g,100.0,,65.0,58.0,10.0,2.9,0.7,30.0,3.3,440.0,1.9,0.0,11.0,40.0,2.1,0.5,0.4,84.0,100.0,596.0,200.0,2.8,2.4,,,,,,,,,,,,
406,"Daun gedi kecil, segar",Bahan alami,,g,100.0,,65.0,61.0,10.4,3.2,0.7,20.0,3.4,420.0,1.7,0.0,11.0,50.0,1.4,0.3,0.4,83.7,70.0,607.0,100.0,2.9,2.0,,,,,,,,,,,,
407,"Daun gelang, segar",Bahan alami,,g,100.0,,52.0,30.0,5.8,1.3,0.7,5.0,1.3,350.0,11.9,0.0,1.0,333.3,1.2,0.14,0.01,90.3,210.0,4701.0,310.0,0.7,1.9,,,,,,,,,,,,
408,"Daun gunda bali, segar",Bahan alami,,g,100.0,,49.0,50.0,7.0,4.6,0.9,0.0,1.4,167.0,0.5,0.0,20.0,0.0,0.0,0.0,0.05,86.4,62.0,0.0,0.0,0.0,1.1,,,,,,,,,,,,
409,"Daun gunda serang, segar",Bahan alami,,g,100.0,,47.0,62.0,9.2,4.2,0.9,0.0,1.3,171.0,0.6,0.0,20.0,0.0,0.0,0.0,0.02,84.6,64.0,0.0,0.0,0.0,1.1,,,,,,,,,,,,
410,"Daun jambu mente muda, segar",Bahan alami,,g,100.0,,65.0,78.0,16.2,4.6,0.5,14.0,3.0,33.0,8.9,0.0,65.0,670.5,0.0,1.12,0.02,78.0,64.0,4484.0,0.0,1.1,0.7,,,,,,,,,,,,
411,"Daun jampang, segar",Bahan alami,,g,100.0,,47.0,34.0,5.3,3.8,0.5,0.0,1.4,21.0,1.0,0.0,3.0,0.0,0.0,0.0,0.03,88.9,245.0,0.0,0.0,0.0,1.5,,,,,,,,,,,,
412,"Daun jawaw seluang, segar",Bahan alami,,g,100.0,,,93.0,15.3,5.0,1.3,2.0,3.9,146.0,5.3,0.0,9.0,434.0,1.5,0.7,0.1,77.2,103.0,0.0,500.0,0.0,1.2,,,,,,,,,,,,
413,"Daun jonghe, segar",Bahan alami,,g,100.0,,45.0,27.0,4.4,2.1,0.7,0.0,2.0,253.0,9.5,0.0,1.0,0.0,0.0,0.0,0.01,91.4,192.0,0.0,0.0,0.0,1.4,,,,,,,,,,,,
414,"Daun kacang ma, segar",Bahan alami,,g,100.0,,33.0,36.0,6.8,2.9,0.6,7.0,1.8,64.0,2.2,0.0,4.0,485.3,0.3,0.18,0.04,89.1,220.0,2893.0,200.0,1.2,0.6,,,,,,,,,,,,
415,"Daun kacang panjang, segar",Bahan alami,,g,100.0,,65.0,30.0,5.8,3.1,0.3,7.0,1.7,200.0,4.5,0.0,30.0,458.6,0.3,0.2,0.33,89.7,66.0,2734.0,200.0,1.1,1.1,,,,,,,,,,,,
416,"Daun kasbi/singkong karet, segar",Bahan alami,,g,100.0,,87.0,92.0,10.9,4.0,3.6,70.0,5.8,140.0,1.6,0.0,74.0,90.0,1.1,0.2,0.1,80.3,70.0,9999.0,300.0,0.1,1.2,,,,,,,,,,,,
417,"Daun katuk, segar",Bahan alami,,g,100.0,,40.0,59.0,9.9,6.4,1.0,21.0,1.5,233.0,3.5,0.0,164.0,478.8,1.3,0.31,0.0,81.0,98.0,9152.0,300.0,2.3,1.7,,,,,,,,,,,,
418,"Daun kecipir, segar",Bahan alami,,g,100.0,,70.0,52.0,8.5,5.0,0.5,6.0,0.0,134.0,6.2,0.0,29.0,114.0,0.8,0.4,0.28,85.0,81.0,3981.0,300.0,2.2,1.0,,,,,,,,,,,,
419,"Daun kedongdong, segar",Bahan alami,,g,100.0,,65.0,59.0,13.4,3.5,0.3,12.0,10.7,540.0,6.2,0.0,29.0,579.0,0.0,0.2,0.06,81.0,82.0,1624.0,0.0,1.5,1.8,,,,,,,,,,,,
420,"Daun kelor, segar",Bahan alami,,g,100.0,,65.0,92.0,14.3,5.1,1.6,61.0,8.2,1077.0,6.0,0.0,22.0,298.0,0.6,0.1,0.3,75.5,76.0,3266.0,100.0,4.2,3.5,,,,,,,,,,,,
421,"Daun kemang, segar",Bahan alami,,g,100.0,,65.0,43.0,7.5,5.5,0.3,10.0,8.4,35.0,1.0,0.0,30.0,457.1,0.0,0.1,0.06,85.0,106.0,1282.0,0.0,1.2,1.7,,,,,,,,,,,,
422,"Daun Kenikir, segar",Bahan alami,,g,100.0,,36.0,45.0,6.6,3.7,0.5,6.0,5.8,328.0,2.7,0.0,0.0,431.0,0.6,0.3,0.5,87.6,65.0,30200.0,100.0,4.5,1.7,,,,,,,,,,,,
423,"Daun kesum, segar",Bahan alami,,g,100.0,,53.0,48.0,9.1,4.5,0.8,11.0,1.6,125.0,2.6,0.0,4.0,174.7,1.2,0.1,0.01,84.8,142.0,4216.0,400.0,1.6,0.8,,,,,,,,,,,,
424,"Daun kol sawi, segar",Bahan alami,,g,100.0,,87.0,22.0,3.6,2.1,0.5,19.0,0.9,200.0,3.2,0.0,3.0,386.2,0.2,0.2,0.03,93.1,92.0,1806.0,100.0,0.6,0.7,,,,,,,,,,,,
425,"Daun koro, segar",Bahan alami,,g,100.0,,65.0,23.0,3.7,3.0,0.3,4.0,0.0,134.0,6.2,0.0,29.0,68.4,0.5,0.2,0.28,91.0,81.0,2386.0,200.0,1.3,2.0,,,,,,,,,,,,
426,"Daun kubis, kol, segar",Bahan alami,,g,100.0,,75.0,51.0,8.0,2.5,1.1,50.0,3.4,100.0,3.4,0.0,16.0,100.0,0.6,0.1,0.4,86.2,50.0,9999.0,900.0,0.2,2.2,,,,,,,,,,,,
427,"Daun kumak, segar",Bahan alami,,g,100.0,,78.0,14.0,2.3,1.3,0.3,2.0,0.9,90.0,2.7,0.0,3.0,36.5,0.3,0.0,0.01,95.2,59.0,1274.0,100.0,0.5,0.9,,,,,,,,,,,,
428,"Daun labu siam, segar",Bahan alami,,g,100.0,,100.0,34.0,4.7,4.0,0.4,16.0,3.5,58.0,2.5,0.0,16.0,630.7,0.3,0.4,0.08,89.7,70.0,4773.0,200.0,1.7,1.2,,,,,,,,,,,,
429,"Daun labu wuluh/kuning, segar",Bahan alami,,g,100.0,,70.0,34.0,4.5,3.6,0.6,16.0,2.9,138.0,3.7,0.0,36.0,630.7,0.3,0.2,0.14,89.7,99.0,1258.0,200.0,1.3,1.6,,,,,,,,,,,,
430,"Daun lamtoro, segar",Bahan alami,,g,100.0,,40.0,87.0,14.4,8.3,1.8,10.0,3.3,725.0,3.9,0.0,32.0,197.7,1.4,0.1,0.0,74.0,174.0,6900.0,500.0,2.3,1.5,,,,,,,,,,,,
431,"Daun leilem, segar",Bahan alami,,g,100.0,,90.0,76.0,15.8,2.8,0.2,6.0,3.1,296.0,3.4,0.0,22.0,46.0,1.1,0.1,0.3,79.4,22.0,753.0,500.0,2.5,1.8,,,,,,,,,,,,
432,"Daun leunca, segar",Bahan alami,,g,100.0,,70.0,49.0,8.1,4.7,0.5,0.0,0.0,210.0,6.1,0.0,40.0,0.0,0.0,0.0,0.14,85.0,80.0,0.0,0.0,0.0,1.7,,,,,,,,,,,,
433,"Daun lobak, segar",Bahan alami,,g,100.0,,70.0,30.0,5.8,2.3,0.4,16.0,3.2,140.0,3.7,0.0,109.0,747.4,0.2,1.1,0.07,90.0,33.0,5039.0,200.0,6.5,1.4,,,,,,,,,,,,
434,"Daun lompong talas, segar",Bahan alami,,g,100.0,,75.0,44.0,7.4,3.0,0.8,3.0,3.3,76.0,1.0,0.0,31.0,578.4,0.4,0.4,0.08,87.2,59.0,2584.0,200.0,1.4,1.6,,,,,,,,,,,,
435,"Daun mangkokan, segar",Bahan alami,,g,100.0,,80.0,57.0,11.8,3.7,0.3,0.0,0.0,474.0,4.0,0.0,83.0,0.0,0.0,0.0,0.06,82.0,49.0,0.0,0.0,0.0,2.2,,,,,,,,,,,,
436,"Daun matel ambon, segar",Bahan alami,,g,100.0,,100.0,71.0,11.5,6.8,1.6,0.0,4.6,93.0,10.2,0.0,25.7,0.0,0.0,0.0,0.08,77.1,95.0,0.0,0.0,0.0,3.0,,,,,,,,,,,,
437,"Daun melinjo, segar",Bahan alami,,g,100.0,,88.0,104.0,21.3,5.0,1.3,12.0,10.3,219.0,4.2,0.0,182.0,604.8,0.6,0.0,0.09,70.8,82.0,823.0,400.0,0.0,1.6,,,,,,,,,,,,
438,"Daun mengkudu, segar",Bahan alami,,g,100.0,,90.0,65.0,11.4,4.0,1.7,0.0,3.9,296.0,6.9,0.0,35.0,0.0,0.0,0.1,0.01,80.9,40.0,2.0,0.0,5.7,2.0,,,,,,,,,,,,
439,"Daun ndusuk, segar",Bahan alami,,g,100.0,,,166.0,38.8,1.7,0.5,40.0,10.7,40.0,1.8,0.0,30.0,310.0,0.7,0.1,0.4,56.0,20.0,14457.0,300.0,0.1,3.0,,,,,,,,,,,,
440,"Daun oyong, segar",Bahan alami,,g,100.0,,65.0,22.0,5.3,1.0,0.1,40.0,0.0,21.0,2.0,0.0,150.0,295.5,0.2,0.1,0.08,93.0,44.0,855.0,100.0,0.8,0.6,,,,,,,,,,,,
441,"Daun pakis, segar",Bahan alami,,g,100.0,,70.0,39.0,6.9,4.5,0.4,20.0,2.0,136.0,2.3,0.0,2.5,201.9,0.3,0.1,0.02,86.8,159.0,1625.0,0.0,0.5,1.4,,,,,,,,,,,,
442,"Daun pakis loggiho, segar",Bahan alami,,g,100.0,,70.0,54.0,3.1,2.2,3.6,70.0,2.1,40.0,0.7,0.0,8.0,500.0,0.1,0.3,0.4,89.5,80.0,167.5,400.0,0.2,1.6,,,,,,,,,,,,
443,"Daun pakis wambateu, segar",Bahan alami,,g,100.0,,70.0,53.0,7.2,3.4,1.2,20.0,4.8,30.0,0.3,0.0,6.0,200.0,0.3,0.2,0.7,86.9,100.0,191.2,200.0,0.3,1.3,,,,,,,,,,,,
444,"Daun paku, segar",Bahan alami,,g,100.0,,70.0,29.0,6.5,3.4,0.1,19.0,4.3,13.0,1.3,0.0,10.0,434.0,0.7,0.1,0.2,88.8,88.0,18.0,500.0,11.7,1.2,,,,,,,,,,,,
445,"Daun pangi, segar",Bahan alami,,g,100.0,,90.0,104.0,17.9,3.9,0.6,4.0,8.3,256.0,1.8,0.0,23.0,266.0,0.5,0.1,0.4,76.1,22.0,54.9,1700.0,0.1,1.5,,,,,,,,,,,,
446,"Daun pare, segar",Bahan alami,,g,100.0,,,49.0,8.4,2.7,1.0,7.0,3.0,217.0,3.3,0.0,7.0,498.0,1.2,0.2,0.4,87.3,70.0,1800.0,400.0,0.6,1.6,,,,,,,,,,,,
447,"Daun pepaya, segar",Bahan alami,,g,100.0,,71.0,87.0,11.9,8.0,2.0,4.0,1.5,353.0,0.8,0.0,140.0,926.6,1.5,0.5,0.15,75.4,63.0,5409.0,200.0,1.9,2.7,,,,,,,,,,,,
448,"Daun pohpohan, segar",Bahan alami,,g,100.0,,69.0,37.0,6.9,2.5,0.8,0.0,2.6,744.0,5.9,0.0,5.0,0.0,0.0,0.0,0.03,87.4,80.0,0.0,0.0,0.0,2.4,,,,,,,,,,,,
449,"Daun selasih, segar",Bahan alami,,g,100.0,,53.0,62.0,10.5,4.0,0.5,3.0,5.3,122.0,13.9,0.0,24.0,259.0,0.7,0.1,0.5,83.1,16.0,4112.0,400.0,0.2,1.9,,,,,,,,,,,,
450,"Daun semanggi, segar",Bahan alami,,g,100.0,,90.0,45.0,8.5,4.4,0.5,64.0,1.9,98.0,7.0,0.0,6.0,520.7,0.3,0.5,0.01,84.7,90.0,64.0,500.0,0.7,1.9,,,,,,,,,,,,
451,"Daun simpur, segar",Bahan alami,,g,100.0,,100.0,53.0,7.6,3.2,2.5,0.0,1.6,228.0,3.5,0.0,5.0,0.0,0.0,0.0,0.02,86.2,194.0,0.0,0.0,0.0,0.9,,,,,,,,,,,,
452,"Daun singkil, segar",Bahan alami,,g,100.0,,70.0,68.0,15.2,2.0,1.0,0.0,3.3,178.0,2.1,0.0,3.0,0.0,0.0,0.0,0.02,80.9,86.0,0.0,0.0,0.0,0.9,,,,,,,,,,,,
453,"Daun singkong, segar",Bahan alami,,g,100.0,,87.0,50.0,7.1,6.2,1.1,17.0,2.4,166.0,1.3,0.0,103.0,23.1,2.0,0.1,0.04,84.4,99.0,3204.0,100.0,1.8,1.2,,,,,,,,,,,,
454,"Daun singkong ambon, segar",Bahan alami,,g,100.0,,87.0,144.0,25.2,12.7,1.2,44.0,10.2,165.0,3.9,0.0,220.0,62.2,5.4,1.0,0.21,58.0,54.0,8627.0,200.0,4.2,2.9,,,,,,,,,,,,
455,"Daun singkong ampenan, segar",Bahan alami,,g,100.0,,87.0,50.0,7.1,6.2,1.1,49.0,2.4,352.0,2.7,0.0,103.0,570.0,1.3,0.1,0.5,84.4,123.0,7917.0,200.0,1.6,1.2,,,,,,,,,,,,
456,"Daun singkong kopang, segar",Bahan alami,,g,100.0,,87.0,74.0,10.7,6.3,0.7,32.0,4.6,142.0,1.7,0.0,211.0,382.0,1.5,0.5,0.5,81.1,115.0,3882.0,200.0,1.9,1.2,,,,,,,,,,,,
457,"Daun sintrong, segar",Bahan alami,,g,100.0,,94.0,36.0,6.1,2.6,0.9,64.0,1.7,398.0,9.3,0.0,3.0,444.4,0.4,0.2,0.03,88.5,95.0,10178.0,100.0,0.9,1.9,,,,,,,,,,,,
458,"Daun talas, segar",Bahan alami,,g,100.0,,80.0,59.0,13.5,3.0,0.4,4.0,3.0,236.0,2.4,0.0,24.0,854.1,0.5,0.6,0.07,81.1,50.0,3816.0,400.0,2.0,2.0,,,,,,,,,,,,
459,"Daun Tespong, segar",Bahan alami,,g,100.0,,60.0,70.0,13.9,2.9,0.3,72.0,2.3,155.0,2.5,0.0,21.0,0.0,0.9,0.7,0.05,81.0,65.0,171.0,150.0,1.4,1.9,,,,,,,,,,,,
460,"Daun ubi kuning, segar",Bahan alami,,g,100.0,,75.0,62.0,11.1,3.7,0.3,10.0,6.4,170.0,0.6,0.0,4.0,0.0,0.5,0.3,0.3,83.5,40.0,3564.0,200.0,1.2,1.4,,,,,,,,,,,,
461,"Daun ubi merah, segar",Bahan alami,,g,100.0,,75.0,48.0,10.8,3.0,0.3,33.0,1.4,80.0,6.4,0.0,27.0,517.3,0.4,0.2,0.1,84.4,81.0,5453.0,0.0,1.2,1.5,,,,,,,,,,,,
462,"Daun ubi putih, segar",Bahan alami,,g,100.0,,75.0,46.0,8.2,2.8,0.2,10.0,4.8,120.0,0.8,0.0,8.0,0.0,0.5,0.3,0.3,87.5,50.0,103.0,200.0,0.9,1.3,,,,,,,,,,,,
463,"Daun ubi tinta, segar",Bahan alami,,g,100.0,,75.0,55.0,11.9,1.7,0.1,10.0,7.6,120.0,0.6,0.0,7.0,0.0,0.5,0.0,0.2,85.1,40.0,516.0,200.0,0.0,1.2,,,,,,,,,,,,
464,"Eceng, segar",Bahan alami,,g,100.0,,70.0,19.0,3.8,1.0,0.2,45.0,1.8,80.0,3.7,0.0,50.0,634.1,0.0,0.1,0.08,93.0,45.0,7.0,0.0,0.7,2.0,,,,,,,,,,,,
465,"Gambas (oyong), segar",Bahan alami,,g,100.0,,86.0,19.0,4.1,0.8,0.2,23.0,1.3,19.0,0.9,0.0,8.0,109.1,0.1,0.0,0.03,94.5,33.0,17.0,0.0,0.4,0.4,,,,,,,,,,,,
466,"Genjer, segar",Bahan alami,,g,100.0,,70.0,35.0,7.7,1.7,0.2,64.0,2.5,62.0,2.1,0.0,54.0,905.8,0.0,0.1,0.07,90.0,33.0,0.0,0.0,1.1,0.4,,,,,,,,,,,,
467,"Jagung muda / semi, segar",Bahan alami,,g,100.0,,100.0,35.0,7.4,2.2,0.1,353.0,1.9,7.0,0.5,0.0,8.0,230.2,0.8,0.16,0.08,89.5,100.0,23.0,100.0,0.9,0.8,,,,,,,,,,,,
468,Jamur encik,Bahan alami,,g,100.0,,95.0,296.0,62.0,9.4,0.1,2.0,0.0,5.0,5.3,0.0,0.0,0.0,3.1,0.1,1.1,24.8,277.0,0.0,200.0,0.0,2.7,,,,,,,,,,,,
469,Jamur kuping kering,Bahan alami,,g,100.0,,100.0,294.0,64.6,16.0,0.9,174.0,46.5,51.0,6.7,0.0,0.0,726.1,5.5,0.6,0.11,14.9,223.0,11.0,290.0,2.7,3.6,,,,,,,,,,,,
470,Jamur kuping segar,Bahan alami,,g,100.0,,100.0,21.0,0.9,3.8,0.6,17.0,5.1,3.0,1.7,0.0,5.0,33.4,0.1,0.09,0.1,93.7,94.0,1.0,190.0,0.1,1.0,,,,,,,,,,,,
471,"Jamur merang, segar",Bahan alami,,g,100.0,,100.0,30.0,4.0,2.5,0.2,6.0,2.4,14.0,1.0,0.0,0.0,300.0,0.8,0.2,0.02,91.5,117.0,0.0,300.0,0.5,0.8,,,,,,,,,,,,
472,"Jamur tiram, segar",Bahan alami,,g,100.0,,100.0,30.0,5.5,1.9,0.1,22.0,3.6,9.0,0.7,0.0,0.0,226.0,0.8,0.2,0.3,92.5,83.0,0.0,0.0,1.0,0.6,,,,,,,,,,,,
473,Jamur sagu,Bahan alami,,g,100.0,,95.0,48.0,2.8,1.9,3.2,100.0,1.0,10.0,0.6,0.0,0.0,440.0,0.6,0.2,0.2,91.3,90.0,0.0,600.0,6.5,0.8,,,,,,,,,,,,
474,Jantung pisang segar,Bahan alami,,g,100.0,,25.0,32.0,7.1,1.2,0.3,3.0,3.2,30.0,0.1,0.0,10.0,524.0,0.3,0.05,0.05,90.2,50.0,201.0,90.0,0.8,1.2,,,,,,,,,,,,
475,"Jengkol, segar",Bahan alami,,g,100.0,,95.0,192.0,40.7,5.4,0.3,60.0,1.5,4.0,0.7,0.0,31.0,241.0,0.6,0.2,0.05,52.7,150.0,0.0,300.0,0.5,0.9,,,,,,,,,,,,
476,"Jotang, segar",Bahan alami,,g,100.0,,70.0,34.0,7.1,1.9,0.3,59.0,3.5,162.0,4.0,0.0,20.0,388.5,1.2,0.0,0.03,89.0,41.0,2.0,300.0,0.4,1.7,,,,,,,,,,,,
477,"Kabau, segar",Bahan alami,,g,100.0,,95.0,130.0,25.2,6.7,0.3,1.0,2.9,4.0,0.5,0.0,16.0,397.8,0.5,0.1,0.8,67.2,204.0,165.0,200.0,0.3,0.6,,,,,,,,,,,,
478,"Kacang mekah, polong, segar",Bahan alami,,g,100.0,,91.0,22.0,3.4,1.1,1.0,2.0,1.1,63.0,1.0,0.0,0.0,69.2,0.0,0.0,0.02,93.6,296.0,197.0,300.0,0.4,0.9,,,,,,,,,,,,
479,"Kacang panjang, segar",Bahan alami,,g,100.0,,92.0,31.0,5.3,2.3,0.1,30.0,2.7,60.0,0.6,0.0,46.0,213.0,0.5,0.1,0.7,91.8,64.0,125.0,100.0,0.3,0.5,,,,,,,,,,,,
480,Kacang ranti polong,Bahan alami,,g,100.0,,83.0,37.0,7.9,3.1,0.2,0.0,2.5,103.0,0.8,0.0,6.0,0.0,0.0,0.0,0.02,88.5,126.0,0.0,0.0,0.0,0.3,,,,,,,,,,,,
481,"Kalakai, segar",Bahan alami,,g,100.0,,70.0,38.0,6.6,2.4,0.2,7.0,5.8,18.0,1.1,0.0,8.0,443.0,0.9,0.1,0.3,89.9,90.0,44.0,400.0,0.0,0.9,,,,,,,,,,,,
482,"Kangkung, segar",Bahan alami,,g,100.0,,60.0,28.0,3.9,3.4,0.7,65.0,2.0,67.0,2.3,0.0,17.0,250.1,0.4,0.36,0.07,91.0,54.0,2868.0,130.0,2.0,1.0,,,,,,,,,,,,
483,Kangkung tondano,Bahan alami,,g,100.0,,60.0,43.0,8.4,1.8,0.2,30.0,4.3,72.0,0.7,0.0,23.0,361.0,0.4,0.1,0.8,88.5,9.0,2741.0,300.0,1.1,1.1,,,,,,,,,,,,
484,"Kapri muda, segar",Bahan alami,,g,100.0,,80.0,45.0,9.0,3.3,0.2,2.0,1.8,51.0,0.1,0.0,49.0,118.4,0.7,0.1,0.2,86.8,85.0,71.0,90.0,0.9,0.7,,,,,,,,,,,,
485,Karawila,Bahan alami,,g,100.0,,80.0,25.0,3.5,2.3,0.2,8.0,2.1,25.0,0.3,0.0,39.0,88.4,0.3,0.1,0.1,93.7,67.0,21.0,80.0,0.4,0.3,,,,,,,,,,,,
486,"Kecipir muda, segar",Bahan alami,,g,100.0,,96.0,32.0,5.8,2.9,0.2,3.0,5.5,63.0,0.3,0.0,19.0,103.8,0.4,0.11,0.24,90.4,37.0,261.0,180.0,0.7,0.7,,,,,,,,,,,,
487,"Kecombrang, segar",Bahan alami,,g,100.0,,100.0,34.0,6.7,0.9,1.0,47.0,2.6,60.0,1.0,0.0,0.0,650.6,0.0,0.02,0.0,90.0,16.0,0.0,0.0,0.8,1.4,,,,,,,,,,,,
488,"Kelawi, kluwih, segar",Bahan alami,,g,100.0,,77.0,118.0,27.2,1.5,0.3,2.0,5.0,28.0,0.9,0.0,19.0,500.9,0.1,0.03,0.1,70.0,32.0,0.0,90.0,0.9,1.0,,,,,,,,,,,,
489,"Kembang turi, segar",Bahan alami,,g,100.0,,83.0,51.0,9.6,1.8,0.6,22.0,5.0,23.0,0.9,0.0,41.0,275.3,0.9,0.12,0.13,87.4,29.0,201.0,150.0,0.6,0.6,,,,,,,,,,,,
490,"Kerokot, segar",Bahan alami,,g,100.0,,80.0,26.0,3.8,1.7,0.4,4.0,1.0,103.0,3.6,0.0,25.0,240.5,0.9,0.09,0.03,93.0,39.0,0.0,230.0,0.2,1.1,,,,,,,,,,,,
491,"Ketimun, mentimun, timun, segar",Bahan alami,,g,100.0,,55.0,8.0,1.4,0.2,0.2,2.0,0.3,29.0,0.8,0.0,1.0,57.1,0.1,0.02,0.01,97.9,95.0,18.0,20.0,0.1,0.3,,,,,,,,,,,,
492,"Ketimun krai, segar",Bahan alami,,g,100.0,,82.0,10.0,2.0,0.5,0.2,10.0,0.6,20.0,1.0,0.0,3.0,82.1,0.1,0.03,0.02,96.8,98.0,19.0,30.0,0.1,0.5,,,,,,,,,,,,
493,"Ketimun madura, segar",Bahan alami,,g,100.0,,89.0,9.0,1.9,0.5,0.1,2.0,0.7,15.0,0.6,0.0,5.0,78.9,0.1,0.02,0.02,97.1,102.0,25.0,20.0,0.1,0.4,,,,,,,,,,,,
494,"Komak, segar",Bahan alami,,g,100.0,,80.0,99.0,21.2,3.3,0.1,15.0,10.3,50.0,13.1,0.0,0.0,567.0,0.6,0.19,0.0,74.3,99.0,5.0,200.0,0.1,1.1,,,,,,,,,,,,
495,Kembang Kol,Bahan alami,,g,100.0,,57.0,25.0,4.9,2.4,0.2,47.0,1.6,22.0,1.1,0.0,69.0,187.0,0.3,0.09,0.11,91.7,72.0,24.0,40.0,0.6,0.8,,,,,,,,,,,,
496,"Kool merah, kool putih",Bahan alami,,g,100.0,,75.0,29.0,5.3,1.4,0.2,28.0,1.9,46.0,0.5,0.0,50.0,236.8,0.3,0.07,0.06,92.4,31.0,46.0,290.0,0.3,0.9,,,,,,,,,,,,
497,Koro kerupuk polong,Bahan alami,,g,100.0,,68.0,128.0,22.1,8.3,0.7,0.0,0.0,17.0,2.7,0.0,31.0,0.0,0.0,0.0,0.11,67.2,12.0,0.0,0.0,0.0,1.7,,,,,,,,,,,,
498,Koro wedus / polong,Bahan alami,,g,100.0,,70.0,46.0,7.9,3.0,0.3,2.0,3.3,56.0,1.1,0.0,17.0,249.3,0.4,0.09,0.09,88.0,47.0,66.0,90.0,0.5,0.8,,,,,,,,,,,,
499,"Kucai, segar",Bahan alami,,g,100.0,,52.0,45.0,10.3,2.2,0.3,21.0,4.8,52.0,1.1,0.0,17.0,439.5,0.5,0.2,0.11,86.3,50.0,2685.0,110.0,1.8,0.9,,,,,,,,,,,,
500,"Kucai muda (lokio), segar",Bahan alami,,g,100.0,,100.0,42.0,7.8,3.8,0.6,22.0,4.9,76.0,2.5,0.0,59.0,449.1,0.5,0.2,0.11,86.0,91.0,2744.0,110.0,1.8,1.8,,,,,,,,,,,,
501,Kulit melinjo,Bahan alami,,g,100.0,,100.0,111.0,20.7,4.5,1.1,0.0,5.0,117.0,2.6,0.0,7.0,0.0,0.0,0.0,0.07,71.9,179.0,0.0,0.0,0.0,1.8,,,,,,,,,,,,
502,"Kundur, segar",Bahan alami,,g,100.0,,57.0,22.0,4.7,0.4,0.2,2.0,1.3,3.0,0.5,0.0,1.0,200.0,0.3,0.03,0.1,94.0,54.0,7.0,100.0,0.4,0.7,,,,,,,,,,,,
503,"Labu air, segar",Bahan alami,,g,100.0,,80.0,19.0,3.8,0.6,0.2,2.0,0.6,12.0,0.6,0.0,10.0,168.2,0.8,0.02,0.04,95.0,18.0,11.0,30.0,0.4,0.4,,,,,,,,,,,,
504,"Labu kuning, segar",Bahan alami,,g,100.0,,74.0,51.0,10.0,1.7,0.5,280.0,2.7,40.0,0.7,0.0,2.0,220.0,1.5,0.0,0.2,86.6,180.0,1569.0,350.0,0.1,1.2,,,,,,,,,,,,
505,"Labu siam, segar",Bahan alami,,g,100.0,,83.0,30.0,6.7,0.6,0.1,3.0,6.2,14.0,0.5,0.0,18.0,167.1,1.0,0.0,0.02,92.3,25.0,48.0,160.0,0.6,0.3,,,,,,,,,,,,
506,"Labu waluh, segar",Bahan alami,,g,100.0,,77.0,32.0,6.6,1.1,0.1,1.0,0.5,45.0,1.4,0.0,52.0,356.2,0.3,0.12,0.08,91.2,64.0,712.0,130.0,0.6,1.0,,,,,,,,,,,,
507,"Lantar, segar",Bahan alami,,g,100.0,,,34.0,5.5,2.2,0.3,3.0,2.9,10.0,0.4,0.0,4.0,155.0,0.4,0.07,0.3,91.2,58.0,38.0,200.0,0.4,0.8,,,,,,,,,,,,
508,"Lobak, segar",Bahan alami,,g,100.0,,87.0,21.0,4.2,0.9,0.1,49.0,1.4,35.0,0.6,0.0,32.0,109.3,0.2,0.04,0.03,94.1,26.0,0.0,30.0,0.3,0.7,,,,,,,,,,,,
509,"Lumai / leunca, segar",Bahan alami,,g,100.0,,95.0,38.0,7.6,1.1,0.3,2.0,2.0,7.0,1.0,0.0,17.0,0.0,0.3,0.1,0.2,90.5,55.0,25.0,100.0,0.6,0.5,,,,,,,,,,,,
510,Melinjo segar,Bahan alami,,g,100.0,,60.0,66.0,13.3,5.0,0.7,0.0,0.0,163.0,2.8,0.0,100.0,0.0,0.0,0.0,0.1,80.0,75.0,0.0,0.0,0.0,1.0,,,,,,,,,,,,
511,Mostarda metan-sawi,Bahan alami,,g,100.0,,85.0,33.0,4.7,2.3,0.5,20.0,1.8,60.0,3.1,0.0,12.0,100.0,0.4,0.1,0.2,91.4,30.0,1575.0,100.0,0.1,1.1,,,,,,,,,,,,
512,"Nangka muda, segar",Bahan alami,,g,100.0,,80.0,57.0,11.3,2.0,0.4,1.0,8.3,45.0,0.5,0.0,9.0,246.5,0.1,0.06,0.07,85.4,29.0,21.0,40.0,0.7,0.9,,,,,,,,,,,,
513,"Paria putih, segar",Bahan alami,,g,100.0,,80.0,19.0,3.6,1.0,0.4,5.0,1.3,31.0,0.9,0.0,58.0,277.7,0.8,0.04,0.18,94.4,65.0,197.0,30.0,0.4,0.6,,,,,,,,,,,,
514,"Pepare ular, segar",Bahan alami,,g,100.0,,97.0,19.0,3.9,0.6,0.1,130.0,1.0,20.0,0.4,0.0,9.0,30.0,0.1,0.1,0.1,95.1,10.0,69.0,100.0,0.1,0.3,,,,,,,,,,,,
515,"Pepaya muda, segar",Bahan alami,,g,100.0,,65.0,29.0,4.9,2.1,0.1,22.0,2.1,50.0,0.4,0.0,19.0,211.2,0.0,0.03,0.02,92.3,16.0,0.0,10.0,0.3,0.6,,,,,,,,,,,,
516,"Petai, segar",Bahan alami,,g,100.0,,36.0,92.0,15.2,5.4,1.1,55.0,2.0,14.0,1.6,0.0,34.0,221.0,0.8,0.1,0.8,77.2,170.0,114.0,200.0,6.1,1.1,,,,,,,,,,,,
517,"Peterseli, segar",Bahan alami,,g,100.0,,95.0,53.0,9.0,3.7,1.0,18.0,0.0,193.0,4.3,0.0,193.0,1125.6,1.4,0.29,0.11,83.9,84.0,2940.0,200.0,0.7,2.4,,,,,,,,,,,,
518,"Pucuk lumai / daun leunca, segar",Bahan alami,,g,100.0,,70.0,33.0,2.8,4.5,0.4,2.0,0.0,13.0,2.9,0.0,41.0,0.0,0.6,0.1,0.5,91.0,75.0,0.0,200.0,0.0,1.3,,,,,,,,,,,,
519,"Putri malu, segar",Bahan alami,,g,100.0,,,76.0,14.6,3.6,0.3,1.0,7.1,119.0,3.3,0.0,6.0,631.0,1.4,0.6,0.6,80.2,84.0,4762.0,600.0,0.0,1.3,,,,,,,,,,,,
520,"Rebung, segar",Bahan alami,,g,100.0,,28.0,25.0,5.3,0.8,0.1,3.0,9.7,3.0,0.5,0.0,0.0,206.0,0.4,0.07,0.2,93.3,5.0,10.0,100.0,0.5,0.5,,,,,,,,,,,,
521,"Rimbang, segar",Bahan alami,,g,100.0,,95.0,75.0,15.8,1.6,0.6,20.0,10.0,55.0,0.6,0.0,38.0,234.0,0.4,0.1,0.4,80.8,97.0,51.0,400.0,1.3,1.2,,,,,,,,,,,,
522,Rumput laut,Bahan alami,,g,100.0,,100.0,41.0,8.1,1.4,0.3,150.0,2.2,80.0,1.6,0.0,7.0,380.0,0.4,0.0,0.2,87.0,20.0,1958.0,200.0,0.1,3.2,,,,,,,,,,,,
523,"Sawi hijau, segar",Bahan alami,,g,100.0,,87.0,28.0,4.0,2.3,0.3,22.0,2.5,220.0,2.9,0.0,102.0,436.5,0.2,0.23,0.09,92.2,38.0,2042.0,120.0,0.7,1.2,,,,,,,,,,,,
524,"Sawi putih / pecai, segar",Bahan alami,,g,100.0,,79.0,9.0,1.7,1.0,0.1,5.0,0.8,56.0,1.1,0.0,3.0,193.1,0.1,0.18,0.05,96.6,42.0,862.0,50.0,0.4,0.6,,,,,,,,,,,,
525,"Sawi taiwan, segar",Bahan alami,,g,100.0,,85.0,30.0,4.4,1.9,0.5,27.0,2.7,100.0,1.6,0.0,33.0,217.0,0.7,0.1,0.2,91.8,58.0,1340.0,100.0,0.6,1.4,,,,,,,,,,,,
526,"Sawi tanah, segar",Bahan alami,,g,100.0,,85.0,19.0,2.9,1.3,0.2,17.0,2.2,92.0,1.2,0.0,36.0,145.0,0.4,0.1,0.2,94.9,45.0,815.0,100.0,0.1,1.0,,,,,,,,,,,,
527,"Selada, segar",Bahan alami,,g,100.0,,69.0,18.0,2.9,1.2,0.2,19.0,1.8,22.0,0.5,0.0,8.0,186.4,0.2,0.13,0.04,94.8,25.0,1526.0,30.0,0.4,0.9,,,,,,,,,,,,
528,"Selada air,segar",Bahan alami,,g,100.0,,70.0,17.0,2.2,3.1,0.2,65.0,0.7,95.0,2.4,0.0,56.0,260.7,0.2,0.14,0.09,93.3,152.0,1230.0,110.0,0.7,1.2,,,,,,,,,,,,
529,"Seledri, segar",Bahan alami,,g,100.0,,63.0,23.0,4.6,1.0,0.1,64.0,2.0,50.0,1.0,0.0,11.0,258.8,0.4,0.07,0.03,93.0,40.0,63.0,80.0,0.4,1.3,,,,,,,,,,,,
530,"Taoge, segar",Bahan alami,,g,100.0,,100.0,34.0,4.3,3.7,1.2,19.0,1.1,166.0,0.8,0.0,5.0,93.3,0.4,0.15,0.09,90.4,74.0,41.0,160.0,1.1,0.4,,,,,,,,,,,,
531,"Taoge kacang kedelai, segar",Bahan alami,,g,100.0,,100.0,76.0,6.4,9.0,2.6,5.0,0.7,50.0,1.0,0.0,15.0,212.4,0.7,0.19,0.23,81.0,65.0,0.0,260.0,1.2,1.0,,,,,,,,,,,,
532,"Taoge kacang tunggak, segar",Bahan alami,,g,100.0,,90.0,40.0,5.8,5.0,0.2,2.0,2.6,57.0,1.0,0.0,15.0,226.8,0.5,0.08,0.07,88.0,88.0,299.0,70.0,0.8,1.0,,,,,,,,,,,,
533,"Tebu terubuk (lilin), segar",Bahan alami,,g,100.0,,20.0,30.0,3.0,4.6,0.4,699.0,0.8,40.0,2.0,0.0,50.0,0.0,1.1,0.2,0.08,91.0,80.0,12.0,200.0,1.2,1.0,,,,,,,,,,,,
534,"Tekokak, segar",Bahan alami,,g,100.0,,95.0,34.0,7.9,2.0,0.1,3.0,4.9,50.0,2.0,0.0,8.0,333.3,0.2,0.05,0.08,89.0,30.0,23.0,120.0,0.9,1.0,,,,,,,,,,,,
535,Tekokak kering,Bahan alami,,g,100.0,,100.0,302.0,72.6,8.3,1.7,9.0,21.2,370.0,22.2,0.0,0.0,0.0,1.0,0.17,0.4,12.3,180.0,187.0,1044200.0,5.1,8.1,,,,,,,,,,,,
536,"Terong, segar",Bahan alami,,g,100.0,,100.0,28.0,5.5,1.1,0.2,9.0,2.1,15.0,0.4,0.0,5.0,187.0,0.1,0.03,0.04,92.7,37.0,46.0,100.0,0.5,0.5,,,,,,,,,,,,
537,"Terong asam, segar",Bahan alami,,g,100.0,,,37.0,6.3,2.0,0.4,3.0,3.2,13.0,1.5,0.0,4.0,155.0,0.3,0.1,0.2,90.5,59.0,97.0,300.0,0.8,0.8,,,,,,,,,,,,
538,"Terung belanda, segar",Bahan alami,,g,100.0,,100.0,52.0,8.6,2.1,1.1,0.0,1.4,16.0,1.1,0.0,12.0,0.0,0.0,0.06,0.42,87.3,40.0,0.0,0.0,0.0,1.0,,,,,,,,,,,,
539,"Terung bengkulu, segar",Bahan alami,,g,100.0,,100.0,52.0,11.2,1.1,0.4,14.0,3.2,19.0,1.1,0.0,6.0,0.0,1.0,0.04,0.23,86.6,39.0,85.0,160.0,0.0,0.8,,,,,,,,,,,,
540,"Terong hintalo, segar",Bahan alami,,g,100.0,,,45.0,7.5,1.9,0.8,167.0,5.1,19.0,1.0,0.0,4.0,142.0,0.2,0.4,0.2,89.2,268.0,552.0,600.0,0.0,0.6,,,,,,,,,,,,
541,"Terung panjang, segar",Bahan alami,,g,100.0,,100.0,25.0,5.3,2.1,0.1,9.0,0.5,38.0,0.7,0.0,8.0,53.7,0.2,0.06,0.15,91.8,24.0,83.0,90.0,0.7,0.7,,,,,,,,,,,,
542,"Tomat, air (sari), segar",Bahan alami,,g,100.0,,100.0,20.0,3.5,1.0,0.2,10.0,0.4,7.0,0.4,0.0,10.0,225.2,0.1,0.03,0.05,94.0,15.0,266.0,60.0,0.7,1.3,,,,,,,,,,,,
543,"Tomat merah, segar",Bahan alami,,g,100.0,,100.0,24.0,4.7,1.3,0.5,10.0,1.5,8.0,0.6,0.0,34.0,164.9,0.2,0.07,0.06,92.9,77.0,575.0,140.0,0.4,0.6,,,,,,,,,,,,
544,"Tomat muda, segar",Bahan alami,,g,100.0,,95.0,24.0,3.3,2.0,0.7,10.0,1.8,5.0,0.5,0.0,30.0,210.0,0.2,0.04,0.07,93.0,27.0,384.0,70.0,0.7,2.0,,,,,,,,,,,,
545,"Uceng / bunga melinjo, segar",Bahan alami,,g,100.0,,89.0,82.0,11.7,5.8,1.3,0.0,4.8,70.0,2.4,0.0,3.0,0.0,0.0,0.15,0.11,79.5,266.0,0.0,0.0,0.0,1.7,,,,,,,,,,,,
546,"Umbut kelapa, segar",Bahan alami,,g,100.0,,,39.0,7.2,2.0,0.2,4.0,2.5,57.0,0.0,0.0,8.0,447.0,1.4,0.1,0.1,89.3,49.0,16.0,200.0,0.0,1.3,,,,,,,,,,,,
547,Umbut rotan,Bahan alami,,g,100.0,,,34.0,5.5,2.4,0.3,8.0,2.2,89.0,1.3,0.0,9.0,552.0,1.9,0.0,0.2,90.5,79.0,14.0,200.0,0.0,1.3,,,,,,,,,,,,
548,"Wortel,segar",Bahan alami,,g,100.0,,80.0,36.0,7.9,1.0,0.6,70.0,1.0,45.0,1.0,0.0,18.0,245.0,0.3,0.04,0.04,89.9,74.0,3.78,60.0,1.0,0.6,,,,,,,,,,,,
549,Bayam kukus,Bahan alami,,g,100.0,,100.0,30.0,5.8,1.3,0.7,15.0,1.2,239.0,5.7,0.0,32.0,431.0,0.3,0.1,0.02,90.7,35.0,2699.0,100.0,0.9,1.6,,,,,,,,,,,,
550,Bayam rebus,Bahan alami,,g,100.0,,100.0,23.0,3.7,1.2,0.6,16.0,1.1,150.0,0.5,0.0,19.0,308.4,0.3,0.1,0.02,93.5,35.0,32882.0,200.0,0.9,1.0,,,,,,,,,,,,
551,Buncis rebus,Bahan alami,,g,100.0,,100.0,30.0,6.4,2.2,0.2,7.0,1.5,107.0,0.5,0.0,8.0,138.9,0.3,0.29,0.01,90.6,47.0,1.0,100.0,2.0,0.6,,,,,,,,,,,,
552,Daun kacang panjang kukus,Bahan alami,,g,100.0,,100.0,40.0,8.0,3.7,0.3,6.0,1.8,111.0,3.7,0.0,11.0,419.5,0.3,0.2,0.15,87.2,66.0,2645.0,200.0,0.9,0.8,,,,,,,,,,,,
553,Daun katuk rebus,Bahan alami,,g,100.0,,100.0,53.0,9.1,5.3,0.9,16.0,1.2,185.0,3.1,0.0,66.0,291.3,1.3,0.3,0.0,83.3,102.0,11131.0,300.0,2.2,1.4,,,,,,,,,,,,
554,Daun kelor rebus,Bahan alami,,g,100.0,,100.0,61.0,10.0,6.1,0.9,45.0,0.9,255.0,2.1,0.0,13.0,181.2,0.6,0.1,0.1,80.3,36.0,3972.0,100.0,4.0,2.6,,,,,,,,,,,,
555,Daun mengkudu kukus,Bahan alami,,g,100.0,,100.0,63.0,11.5,3.8,1.5,0.0,2.4,300.0,6.0,0.0,11.0,0.0,0.0,0.1,0.08,81.6,43.0,2.0,0.0,5.2,1.6,,,,,,,,,,,,
556,Daun singkong rebus,Bahan alami,,g,100.0,,100.0,31.0,4.8,3.7,0.6,13.0,1.6,160.0,2.6,0.0,34.0,14.0,2.0,0.1,0.02,90.5,50.0,3897.0,100.0,1.7,0.4,,,,,,,,,,,,
557,Daun talas rebus,Bahan alami,,g,100.0,,100.0,27.0,5.9,1.3,0.2,3.0,1.6,119.0,1.4,0.0,7.0,519.4,0.5,0.6,0.0,91.6,41.0,4641.0,500.0,1.9,1.0,,,,,,,,,,,,
558,Daun ubi merah kukus,Bahan alami,,g,100.0,,100.0,56.0,13.0,3.1,0.3,28.0,1.5,78.0,4.3,0.0,14.0,472.8,0.4,0.2,0.0,82.5,52.0,5277.0,100.0,1.1,1.1,,,,,,,,,,,,
559,Kacang panjang kukus,Bahan alami,,g,100.0,,100.0,39.0,7.6,3.0,0.6,28.0,1.7,100.0,1.2,0.0,20.0,199.0,0.5,0.1,0.02,88.2,91.0,131.0,110.0,0.3,0.6,,,,,,,,,,,,
560,Kacang panjang rebus,Bahan alami,,g,100.0,,100.0,30.0,5.8,2.3,0.4,24.0,1.4,71.0,0.8,0.0,15.0,114.5,0.4,0.07,0.0,90.9,68.0,128.0,100.0,0.2,0.6,,,,,,,,,,,,
561,Kangkung kukus,Bahan alami,,g,100.0,,100.0,30.0,4.7,3.2,0.7,45.0,1.8,70.0,4.4,0.0,11.0,184.9,0.3,0.28,0.03,90.4,49.0,2370.0,100.0,1.4,1.0,,,,,,,,,,,,
562,Kangkung rebus,Bahan alami,,g,100.0,,100.0,22.0,3.1,2.5,0.6,31.0,1.2,50.0,3.5,0.0,13.0,98.0,0.3,0.22,0.01,93.0,51.0,2370.0,100.0,1.2,0.8,,,,,,,,,,,,
563,Paria putih kukus,Bahan alami,,g,100.0,,100.0,16.0,3.4,0.8,0.2,4.0,1.2,16.0,0.5,0.0,35.0,236.0,0.7,0.04,0.15,95.0,33.0,187.0,0.0,0.3,0.6,,,,,,,,,,,,
564,Selada rebus,Bahan alami,,g,100.0,,100.0,19.0,2.9,2.7,0.2,24.0,0.7,83.0,1.4,0.0,27.0,160.7,0.2,0.2,0.08,93.5,74.0,2499.0,50.0,0.6,0.7,,,,,,,,,,,,
565,Taoge goreng,Bahan alami,,g,100.0,,100.0,88.0,14.0,3.2,2.1,0.0,0.7,168.0,5.7,2.0,0.0,0.0,0.0,0.0,0.05,79.2,50.0,0.0,0.0,0.0,1.5,,,,,,,,,,,,
566,Taoge seduh,Bahan alami,,g,100.0,,87.0,28.0,4.0,3.0,0.8,18.0,1.0,52.0,0.5,0.0,2.0,58.3,0.4,0.0,0.1,91.9,73.0,46.0,190.0,0.9,0.3,,,,,,,,,,,,
567,Terung panjang kukus,Bahan alami,,g,100.0,,100.0,23.0,4.9,1.8,0.1,9.0,0.4,40.0,0.5,0.0,1.0,57.0,0.2,0.07,0.0,92.7,13.0,99.0,67100.0,0.7,0.5,,,,,,,,,,,,
568,Wortel rebus,Bahan alami,,g,100.0,,100.0,28.0,6.3,0.7,0.5,41.0,0.8,46.0,0.6,0.0,12.0,117.3,0.2,0.03,0.01,92.1,28.0,3824.0,100.0,0.7,0.4,,,,,,,,,,,,
569,Wortel kukus,Bahan alami,,g,100.0,,100.0,37.0,8.3,1.0,0.6,43.0,1.1,44.0,0.6,0.0,14.0,122.5,0.3,0.03,0.02,89.5,30.0,2994.0,110.0,0.8,0.6,,,,,,,,,,,,
570,"Asinan bogor,sayuran",Bahan alami,,g,100.0,,100.0,98.0,14.8,3.9,2.6,483.0,0.5,314.0,1.2,10.0,5.0,0.0,0.0,0.0,0.28,78.0,17.0,0.0,0.0,0.0,0.7,,,,,,,,,,,,
571,"Anyang, sayur",Bahan alami,,g,100.0,,100.0,126.0,10.3,3.4,7.9,290.0,5.4,180.0,2.9,0.0,0.0,181.0,1.2,0.0,0.2,76.9,1.0,3263.0,300.0,0.0,1.5,,,,,,,,,,,,
572,"Ares,sayur",Bahan alami,,g,100.0,,100.0,113.0,11.2,0.9,7.2,1413.0,4.7,63.0,1.5,0.0,0.0,1030.0,3.8,0.0,0.1,77.7,5.0,6.0,700.0,0.5,3.0,,,,,,,,,,,,
573,Arwan sirsir,Bahan alami,,g,100.0,,100.0,277.0,10.7,2.4,25.0,240.0,4.6,120.0,2.4,0.0,11.0,320.0,0.9,0.2,0.1,59.0,40.0,1578.0,200.0,0.0,2.9,,,,,,,,,,,,
574,Beberuk,Bahan alami,,g,100.0,,100.0,65.0,3.5,1.1,5.2,53.0,3.1,179.0,8.3,0.0,0.0,427.0,0.2,0.0,0.3,89.1,72.0,44.0,400.0,4.4,1.1,,,,,,,,,,,,
575,Botok lamtoro,Bahan alami,,g,100.0,,100.0,186.0,13.0,11.7,9.7,0.0,2.1,771.0,26.0,18.0,2.0,0.0,0.0,0.0,0.27,63.9,322.0,0.0,0.0,0.0,2.2,,,,,,,,,,,,
576,Buntil daun talas,Bahan alami,,g,100.0,,100.0,141.0,8.0,4.4,10.2,0.0,1.8,149.0,14.5,13.0,1.0,0.0,0.0,0.0,0.25,74.5,121.0,0.0,0.0,0.0,3.0,,,,,,,,,,,,
577,Cammetutu,Bahan alami,,g,100.0,,100.0,102.0,8.7,3.2,6.0,443.0,4.3,41.0,0.5,0.0,19.0,518.0,0.7,0.4,0.3,79.6,93.0,1123.0,300.0,0.4,2.5,,,,,,,,,,,,
578,"Cap cai / capcay / cap cay, sayur",Bahan alami,,g,100.0,,100.0,97.0,4.2,5.8,6.3,405.0,0.6,287.0,1.8,44.5,1.0,0.0,0.0,0.0,0.21,82.7,89.0,0.0,0.0,0.0,1.0,,,,,,,,,,,,
579,Gado-gado,Bahan alami,,g,100.0,,100.0,137.0,21.0,6.1,3.2,0.0,1.1,301.0,7.5,3.0,1.0,0.0,0.0,0.0,0.1,68.5,135.0,0.0,0.0,0.0,1.5,,,,,,,,,,,,
580,"Gudeg,sayur",Bahan alami,,g,100.0,,100.0,160.0,16.0,3.3,9.2,0.0,2.3,62.0,12.8,0.0,0.0,0.0,0.0,0.0,0.15,69.2,55.0,0.0,0.0,0.0,2.1,,,,,,,,,,,,
581,Gulai pakis,Bahan alami,,g,100.0,,100.0,143.0,6.0,4.0,11.4,0.0,1.4,548.0,1.7,11.0,1.0,0.0,0.0,0.0,0.35,76.1,124.0,0.0,0.0,0.0,2.6,,,,,,,,,,,,
582,Gulai pliek,Bahan alami,,g,100.0,,100.0,176.0,3.2,7.3,14.9,257.0,0.0,39.0,1.4,0.0,0.0,285.0,0.6,0.0,0.0,71.9,54.0,0.0,300.0,0.0,2.7,,,,,,,,,,,,
583,Kadada katembe,Bahan alami,,g,100.0,,100.0,110.0,7.1,4.5,6.9,178.0,3.9,26.0,0.0,0.0,23.0,131.0,0.7,0.0,0.1,80.0,77.0,46.0,200.0,3.7,1.5,,,,,,,,,,,,
584,"Kaparende, sayur",Bahan alami,,g,100.0,,100.0,38.0,2.6,2.4,2.0,170.0,1.5,126.0,0.0,0.0,22.0,43.0,0.3,0.0,0.1,91.7,68.0,40.0,0.0,3.7,1.3,,,,,,,,,,,,
585,"Karedok,sayur",Bahan alami,,g,100.0,,100.0,92.0,14.1,2.2,3.3,0.0,1.4,174.0,2.4,0.0,3.0,0.0,0.0,0.0,0.08,79.0,85.0,0.0,0.0,0.0,1.4,,,,,,,,,,,,
586,Keripik bayam,Bahan alami,,g,100.0,,100.0,586.0,50.2,4.9,40.6,0.0,0.5,236.0,3.6,0.0,0.0,0.0,0.0,0.0,0.16,2.3,117.0,0.0,0.0,0.0,1.9,,,,,,,,,,,,
587,Kotiu hinela tawang nggole,Bahan alami,,g,100.0,,100.0,46.0,6.0,2.2,1.5,316.0,3.8,64.0,0.0,0.0,7.0,103.0,0.8,0.0,0.3,88.4,44.0,75.0,1600.0,9.7,1.9,,,,,,,,,,,,
588,Lema / rebung asam,Bahan alami,,g,100.0,,100.0,15.0,1.9,1.0,0.4,3.0,0.0,17.0,2.9,0.0,0.0,156.0,0.7,0.0,0.3,96.3,230.0,0.0,100.0,0.0,0.4,,,,,,,,,,,,
589,Lilin bungkus gedi,Bahan alami,,g,100.0,,100.0,79.0,5.8,2.3,5.2,170.0,2.5,170.0,0.9,0.0,18.0,50.0,0.8,0.1,0.2,84.8,70.0,0.0,200.0,0.0,1.9,,,,,,,,,,,,
590,Olah-olah,Bahan alami,,g,100.0,,100.0,9.1,7.1,2.1,6.0,289.0,4.4,26.0,1.2,0.0,0.0,266.0,0.6,0.1,0.2,83.9,3.0,36.0,300.0,0.4,0.9,,,,,,,,,,,,
591,Paku hinela wulelenggapaya,Bahan alami,,g,100.0,,100.0,77.0,5.4,3.5,4.6,469.0,3.6,63.0,0.0,0.0,4.0,37.0,0.7,0.1,0.8,83.4,85.0,55.0,300.0,0.2,3.1,,,,,,,,,,,,
592,Plecing kangkung,Bahan alami,,g,100.0,,100.0,75.0,10.0,2.5,2.8,408.0,5.4,36.0,2.1,0.0,12.0,381.0,0.4,0.0,0.7,83.8,3.0,870.0,100.0,0.2,0.9,,,,,,,,,,,,
593,Purundawa,Bahan alami,,g,100.0,,100.0,25.0,3.6,1.5,0.5,239.0,1.7,147.0,0.0,0.0,2.0,201.0,0.6,0.1,0.1,91.8,39.0,55.0,100.0,11.6,2.6,,,,,,,,,,,,
594,Rujak cingur,Bahan alami,,g,100.0,,100.0,153.0,8.0,11.3,8.4,0.0,1.4,256.0,4.4,18.0,2.0,0.0,0.0,0.0,0.16,70.1,143.0,0.0,0.0,0.0,1.4,,,,,,,,,,,,
595,Sayur asem,Bahan alami,,g,100.0,,100.0,29.0,5.0,0.7,0.6,0.0,0.6,40.0,3.1,14.0,0.0,0.0,0.0,0.0,0.1,93.2,61.0,0.0,0.0,0.0,0.8,,,,,,,,,,,,
596,Sayur bunga pepaya,Bahan alami,,g,100.0,,100.0,49.0,9.8,1.7,0.3,90.0,2.7,220.0,1.3,0.0,0.0,350.0,0.1,0.1,0.0,83.4,220.0,372.0,100.0,0.0,2.1,,,,,,,,,,,,
597,Sayur garu,Bahan alami,,g,100.0,,100.0,178.0,10.6,2.6,13.9,20.0,8.4,30.0,0.9,0.0,9.0,120.0,0.3,0.1,0.2,70.8,130.0,0.0,100.0,0.0,2.1,,,,,,,,,,,,
598,Sayur kohu-kohu,Bahan alami,,g,100.0,,100.0,133.0,11.2,7.3,6.6,20.0,1.2,40.0,0.2,0.0,9.0,50.0,0.3,0.2,0.2,72.8,120.0,944.0,100.0,0.0,2.1,,,,,,,,,,,,
599,Sayur lilin-terubuk,Bahan alami,,g,100.0,,100.0,36.0,4.8,2.7,0.7,30.0,1.4,10.0,0.1,0.0,18.0,44.0,1.0,0.2,0.3,90.4,90.0,0.0,200.0,0.0,1.4,,,,,,,,,,,,
600,Sayur ndusuk,Bahan alami,,g,100.0,,100.0,49.0,3.6,3.1,2.5,1011.0,0.0,11.0,0.5,0.0,15.0,88.0,0.2,0.1,0.2,87.5,6.0,0.0,0.0,0.0,3.1,,,,,,,,,,,,
601,Sayur sop,Bahan alami,,g,100.0,,100.0,27.0,1.0,1.3,2.0,0.0,0.3,168.0,1.8,20.0,0.2,0.0,0.0,0.0,0.1,92.7,57.0,0.0,0.0,0.0,2.7,,,,,,,,,,,,
602,Sayur umbut kelapa,Bahan alami,,g,100.0,,100.0,67.0,5.1,5.2,2.9,313.0,1.4,48.0,3.2,0.0,5.0,108.0,1.1,0.0,0.2,85.5,81.0,21.0,200.0,0.0,1.3,,,,,,,,,,,,
603,Sayur umbut rotan,Bahan alami,,g,100.0,,100.0,57.0,3.1,5.4,2.6,256.0,1.6,184.0,1.2,0.0,6.0,81.0,0.9,0.0,0.2,87.6,135.0,18.0,200.0,0.0,1.3,,,,,,,,,,,,
604,Shabu-shabu,Bahan alami,,g,100.0,,100.0,88.0,0.8,3.2,8.0,514.0,0.9,217.0,2.9,82.0,0.0,0.0,0.0,0.0,0.2,87.1,48.0,0.0,0.0,0.0,0.9,,,,,,,,,,,,
605,Semur jengkol,Bahan alami,,g,100.0,,100.0,212.0,29.1,6.0,10.0,0.0,0.0,77.0,1.0,0.0,4.0,0.0,0.0,0.0,0.14,52.7,99.0,0.0,0.0,0.0,2.2,,,,,,,,,,,,
606,Tinira ninahu nggaluku,Bahan alami,,g,100.0,,100.0,33.0,4.1,1.2,1.3,161.0,3.1,35.0,0.0,0.0,10.0,119.0,0.7,0.0,0.3,91.8,35.0,6.0,200.0,3.5,1.5,,,,,,,,,,,,
607,Tumis bayam bersantan,Bahan alami,,g,100.0,,100.0,48.0,2.6,1.4,4.2,0.0,0.5,129.0,0.8,0.0,22.0,0.0,0.0,0.0,0.01,91.2,27.0,0.0,0.0,0.0,0.6,,,,,,,,,,,,
608,Waluh balamak,Bahan alami,,g,100.0,,100.0,45.0,8.1,0.8,0.9,61.0,7.9,25.0,0.5,0.0,2.0,15.0,0.2,0.0,0.2,89.4,25.0,1241.0,0.0,0.1,1.0,,,,,,,,,,,,
609,Woku ubi,Bahan alami,,g,100.0,,100.0,143.0,15.0,3.1,7.8,353.0,7.0,195.0,2.8,0.0,15.0,256.0,1.0,0.0,0.1,73.0,91.0,1519.0,300.0,0.0,1.1,,,,,,,,,,,,
610,"Alpukat, segar",Bahan alami,,g,100.0,,61.0,85.0,7.7,0.9,6.5,2.0,0.0,10.0,0.9,0.0,13.0,278.0,0.4,0.08,0.05,84.3,20.0,189.0,200.0,1.0,0.6,,,,,,,,,,,,
611,"Anggur hutan, segar",Bahan alami,,g,100.0,,100.0,30.0,6.8,0.5,0.2,0.0,1.2,39.0,1.1,0.0,3.0,0.0,0.0,0.0,0.01,92.3,12.0,0.0,0.0,0.0,0.2,,,,,,,,,,,,
612,"Apel malang, segar",Bahan alami,,g,100.0,,88.0,57.0,12.8,0.5,0.4,3.6,0.8,9.0,0.6,0.0,5.0,175.4,0.0,0.03,0.05,85.9,18.0,26.0,110200.0,0.1,0.3,,,,,,,,,,,,
613,"Apel, segar",Bahan alami,,g,100.0,,88.0,58.0,14.9,0.3,0.4,2.0,2.6,6.0,0.3,0.0,5.0,130.0,0.3,0.03,0.04,84.1,10.0,30.0,124200.0,0.1,0.3,,,,,,,,,,,,
614,"Arbai, segar",Bahan alami,,g,100.0,,96.0,37.0,8.3,0.8,0.5,1.95,0.0,28.0,0.8,0.0,60.0,43.0,18.9,0.0,0.03,89.9,27.0,2.0,63500.0,0.1,0.5,,,,,,,,,,,,
615,"Belimbing, segar",Bahan alami,,g,100.0,,86.0,36.0,8.8,0.4,0.4,4.0,3.2,4.0,1.1,0.0,35.0,130.0,0.1,0.0,0.03,90.0,12.0,29.0,0.0,0.0,0.4,,,,,,,,,,,,
616,"Biwah, segar",Bahan alami,,g,100.0,,66.0,51.0,12.1,0.3,0.1,1.0,0.7,220.0,0.8,0.0,4.0,258.6,0.0,0.02,0.1,87.1,14.0,0.0,0.0,0.0,0.5,,,,,,,,,,,,
617,"Buah atung, segar",Bahan alami,,g,100.0,,80.0,23.0,5.2,0.8,0.2,0.0,0.0,30.0,4.6,0.0,38.0,0.0,0.0,0.0,0.29,92.0,50.0,0.0,0.0,0.0,1.8,,,,,,,,,,,,
618,"Buah kelenting, segar",Bahan alami,,g,100.0,,77.0,110.0,21.4,1.4,2.1,2.0,0.0,8.0,1.1,0.0,6.0,0.0,0.9,0.1,0.2,73.9,102.0,0.0,300.0,0.0,1.2,,,,,,,,,,,,
619,"Buah kom, segar",Bahan alami,,g,100.0,,100.0,264.0,59.6,4.0,1.1,0.0,9.0,306.0,0.8,0.0,9.0,0.0,0.0,0.0,0.11,33.7,92.0,0.0,0.0,0.0,1.7,,,,,,,,,,,,
620,"Buah mentega (Bisbul), segar",Bahan alami,,g,100.0,,50.0,39.0,9.7,0.7,0.2,1.0,2.0,43.0,0.8,0.0,33.0,90.0,0.1,0.01,0.02,89.0,17.0,141.0,100.0,0.1,0.4,,,,,,,,,,,,
621,"Buah naga merah, segar",Bahan alami,,g,100.0,,67.0,71.0,9.1,1.7,3.1,10.0,3.2,13.0,0.4,0.0,1.0,128.0,0.4,0.3,0.5,85.7,14.0,0.0,0.0,0.5,0.4,,,,,,,,,,,,
622,"Buah naga putih, segar",Bahan alami,,g,100.0,,74.0,56.0,10.9,0.8,1.0,7.0,3.2,13.0,0.5,0.0,1.0,231.0,0.4,0.5,0.02,866.6,27.0,0.0,0.0,0.9,0.6,,,,,,,,,,,,
623,"Buah negri, segar",Bahan alami,,g,100.0,,48.0,55.0,12.2,1.2,0.1,10.0,5.2,30.0,0.2,0.0,9.0,0.0,0.3,0.03,0.33,85.7,40.0,460.0,100.0,0.1,0.8,,,,,,,,,,,,
624,"Buah nona, segar",Bahan alami,,g,100.0,,58.0,101.0,25.2,1.7,0.6,5.0,2.8,27.0,0.8,0.0,22.0,312.5,0.1,0.16,0.08,71.5,20.0,49.0,325700.0,0.9,1.0,,,,,,,,,,,,
625,"Buah rotan, segar",Bahan alami,,g,100.0,,,78.0,18.2,0.6,0.3,7.0,0.0,1.0,3.4,0.0,5.0,495.0,0.7,0.0,0.12,79.4,7.0,0.0,300.0,0.0,1.5,,,,,,,,,,,,
626,"Buah rukam, segar",Bahan alami,,g,100.0,,100.0,113.0,26.8,0.8,0.3,2.0,7.7,108.0,1.2,0.0,20.0,219.0,0.9,0.01,0.06,71.3,52.0,17.0,300.0,0.0,0.8,,,,,,,,,,,,
627,"Buah ruruhi, segar",Bahan alami,,g,100.0,,82.0,29.0,3.6,2.1,0.7,36.0,2.6,6.0,0.0,0.0,10.0,45.0,0.1,0.01,0.06,93.0,7.0,7.0,0.0,0.0,0.3,,,,,,,,,,,,
628,"Buah tuppa, segar",Bahan alami,,g,100.0,,,67.0,15.9,0.4,0.2,2.0,0.0,12.0,0.5,0.0,5.0,0.0,0.5,0.01,0.04,82.5,139.0,0.0,200.0,0.0,1.0,,,,,,,,,,,,
629,"Carica papaya, segar",Bahan alami,,g,100.0,,60.0,24.0,3.7,1.9,0.2,0.0,1.0,51.0,1.8,0.0,85.0,0.0,0.0,0.07,0.32,93.4,33.0,0.0,0.0,0.0,0.9,,,,,,,,,,,,
630,"Cempedak, segar",Bahan alami,,g,100.0,,30.0,116.0,28.6,3.0,0.4,25.0,3.4,20.0,1.5,0.0,15.0,243.7,0.0,0.0,0.0,67.0,30.0,79.0,0.0,0.5,1.0,,,,,,,,,,,,
631,"Duku, segar",Bahan alami,,g,100.0,,64.0,63.0,16.1,1.0,0.2,2.0,4.3,18.0,0.9,0.0,9.0,149.0,0.2,0.15,0.05,82.0,9.0,0.0,100.0,1.5,0.7,,,,,,,,,,,,
632,"Durian, segar",Bahan alami,,g,100.0,,22.0,134.0,28.0,2.5,3.0,1.0,3.5,7.0,1.3,0.0,53.0,601.0,0.3,0.19,0.1,65.0,44.0,146.0,100.0,136.5,8.0,,,,,,,,,,,,
633,"Duwet, segar",Bahan alami,,g,100.0,,67.0,80.0,18.2,0.5,0.6,16.0,0.9,33.0,1.3,0.0,130.0,92.7,0.3,0.01,0.02,80.2,138.0,329.0,191300.0,2.5,0.5,,,,,,,,,,,,
634,"Embacang, segar",Bahan alami,,g,100.0,,65.0,98.0,25.4,1.4,0.2,3.0,1.9,21.0,0.5,0.0,56.0,250.9,0.1,0.09,0.03,72.5,15.0,2533.0,100.0,0.7,0.5,,,,,,,,,,,,
635,"Encung asam, segar",Bahan alami,,g,100.0,,98.0,122.0,17.5,3.5,4.5,0.0,9.3,63.0,3.2,0.0,0.0,0.0,0.0,0.0,0.02,73.0,69.0,0.0,0.0,0.0,1.5,,,,,,,,,,,,
636,"Erbis, segar",Bahan alami,,g,100.0,,33.0,70.0,18.9,0.6,0.0,21.0,7.7,11.0,1.1,0.0,16.0,257.1,0.1,0.1,0.0,80.0,50.0,549.0,100.0,1.1,0.5,,,,,,,,,,,,
637,"Gandaria masak, segar",Bahan alami,,g,100.0,,70.0,68.0,18.0,0.7,0.1,3.0,2.2,9.0,1.0,0.0,111.0,129.0,0.0,0.07,0.03,80.8,20.0,329.0,0.0,0.7,0.4,,,,,,,,,,,,
638,"Gatep, segar",Bahan alami,,g,100.0,,100.0,191.0,39.7,4.5,1.5,17.0,13.4,186.0,3.2,0.0,0.0,403.3,1.3,0.2,0.05,52.7,69.0,51.0,700.0,1.8,1.6,,,,,,,,,,,,
639,"Jambu air, segar",Bahan alami,,g,100.0,,90.0,46.0,11.8,0.6,0.2,11.0,2.1,8.0,1.1,0.0,5.0,321.2,0.1,0.38,0.02,87.0,9.0,92.0,0.0,4.6,0.8,,,,,,,,,,,,
640,Jambu biji,Bahan alami,,g,100.0,,82.0,49.0,12.2,0.9,0.3,10.0,2.4,14.0,1.1,0.0,87.0,52.8,0.3,0.03,0.02,86.0,28.0,27.0,0.0,0.8,0.6,,,,,,,,,,,,
641,Jambu biji putih tidak berbiji,Bahan alami,,g,100.0,,82.0,61.0,15.4,0.9,0.3,20.0,4.5,31.0,0.2,0.0,116.0,103.0,0.5,0.06,1.02,82.8,41.0,53.0,0.0,1.3,0.6,,,,,,,,,,,,
642,"Jambu bool, segar",Bahan alami,,g,100.0,,67.0,49.0,9.6,2.3,0.2,1.0,3.5,8.0,0.3,0.0,22.0,14.0,0.0,0.01,0.13,87.1,8.0,92.0,0.0,0.5,0.8,,,,,,,,,,,,
643,"Jambu monyet, segar",Bahan alami,,g,100.0,,90.0,64.0,15.8,0.7,0.6,12.0,1.2,4.0,0.5,0.0,197.0,107.8,0.0,0.0,0.02,82.6,13.0,1604.0,0.0,2.0,0.3,,,,,,,,,,,,
644,"Jeruk bali, segar",Bahan alami,,g,100.0,,62.0,48.0,12.4,0.6,0.2,21.0,0.8,23.0,0.5,0.0,43.0,366.1,0.1,0.0,0.04,86.3,27.0,33.0,171300.0,0.4,0.5,,,,,,,,,,,,
645,"Jeruk banjar, segar",Bahan alami,,g,100.0,,72.0,61.0,14.1,0.8,0.2,3.0,5.4,9.0,0.2,0.0,31.0,79.0,0.1,0.03,0.12,84.5,13.0,9.0,100.0,0.3,0.4,,,,,,,,,,,,
646,Jeruk garut-keprok,Bahan alami,,g,100.0,,71.0,44.0,10.9,0.8,0.3,5.0,1.6,33.0,0.4,0.0,31.0,518.1,0.2,0.03,0.07,87.3,23.0,0.0,169300.0,0.2,0.7,,,,,,,,,,,,
647,"Jeruk Kalamansi, segar",Bahan alami,,g,100.0,,100.0,39.0,8.9,0.3,0.3,3.0,2.3,42.0,0.5,0.0,30.0,82.0,0.1,0.1,0.02,90.2,85.0,1.0,300.0,0.0,0.4,,,,,,,,,,,,
648,"Jeruk manis, segar",Bahan alami,,g,100.0,,72.0,45.0,11.2,0.9,0.2,4.0,1.4,33.0,0.4,0.0,49.0,472.1,0.2,0.03,0.08,87.2,23.0,0.0,160.0,0.2,0.5,,,,,,,,,,,,
649,"Jeruk nipis, segar",Bahan alami,,g,100.0,,76.0,44.0,10.0,0.5,0.2,3.0,0.4,18.0,0.2,0.0,19.7,108.9,0.1,0.03,0.01,88.9,22.0,23.0,100.0,0.2,0.4,,,,,,,,,,,,
650,"Jeruk ragi, segar",Bahan alami,,g,100.0,,59.0,49.0,11.1,0.7,0.2,4.0,0.5,36.0,0.7,0.0,30.0,457.3,0.2,0.03,0.03,87.6,67.0,0.0,155000.0,0.2,0.4,,,,,,,,,,,,
651,"Kawista, segar",Bahan alami,,g,100.0,,72.0,120.0,20.8,3.5,2.5,9.0,4.6,190.0,1.6,0.0,3.0,1015.6,0.4,0.7,0.07,71.8,230.0,99.0,308400.0,0.4,1.4,,,,,,,,,,,,
652,"Kedongdong masak, segar",Bahan alami,,g,100.0,,58.0,46.0,10.3,1.0,0.1,2.0,2.6,15.0,2.8,0.0,30.0,216.2,0.1,0.23,0.08,88.0,22.0,164.0,0.0,0.3,0.6,,,,,,,,,,,,
653,"Kedongdong, segar",Bahan alami,,g,100.0,,58.0,47.0,10.4,0.5,0.2,2.0,2.7,7.0,0.8,0.0,32.0,0.0,0.2,0.04,0.07,87.8,58.0,167.0,0.0,0.4,0.6,,,,,,,,,,,,
654,"Kelapa Hutan,kerig",Bahan alami,,g,100.0,,,623.0,36.5,2.0,52.1,100.0,15.3,120.0,3.8,0.0,0.0,460.0,1.9,0.0,0.0,6.0,280.0,0.0,1700.0,0.2,3.4,,,,,,,,,,,,
655,"Kelapa Muda , daging, segar",Bahan alami,,g,100.0,,53.0,68.0,14.0,1.0,0.9,17.9,0.0,0.7,1.0,0.0,4.0,564.6,0.3,0.02,0.6,83.3,30.0,0.0,100.0,0.0,0.8,,,,,,,,,,,,
656,"Kemang, segar",Bahan alami,,g,100.0,,65.0,48.0,11.9,1.0,0.2,2.0,1.7,10.0,0.1,0.0,58.0,88.6,0.1,0.01,0.08,86.5,24.0,318.0,0.0,0.3,0.4,,,,,,,,,,,,
657,"Kesemek, segar",Bahan alami,,g,100.0,,97.0,78.0,20.0,0.8,0.4,0.0,0.6,6.0,0.3,0.0,11.0,34.5,0.1,0.0,0.05,78.2,26.0,109.0,100.0,0.1,0.6,,,,,,,,,,,,
658,"Kokosan, segar",Bahan alami,,g,100.0,,64.0,86.0,13.0,1.6,0.2,2.0,1.4,22.0,1.3,0.0,3.0,118.3,0.2,0.04,0.04,85.0,38.0,0.0,100.0,1.5,0.2,,,,,,,,,,,,
659,"Kranji, segar",Bahan alami,,g,100.0,,31.0,315.0,73.5,2.1,1.4,0.0,3.6,160.0,3.7,0.0,0.0,0.0,0.0,0.0,0.02,20.1,120.0,0.0,0.0,0.0,2.9,,,,,,,,,,,,
660,"Langsat, segar",Bahan alami,,g,100.0,,64.0,56.0,14.3,0.9,0.2,1.0,1.4,17.0,1.1,0.0,9.0,232.0,0.2,0.0,0.07,84.1,24.0,0.0,100.0,0.8,0.5,,,,,,,,,,,,
661,"Lemon, segar",Bahan alami,,g,100.0,,100.0,34.0,6.2,0.5,0.8,31.0,0.1,23.0,0.3,0.0,50.0,140.0,0.2,0.12,0.09,92.2,20.0,0.0,100.0,0.3,0.3,,,,,,,,,,,,
662,"Lontar, segar",Bahan alami,,g,100.0,,79.0,27.0,6.0,0.4,0.2,0.0,1.6,91.0,0.5,0.0,0.0,0.0,0.0,0.0,0.03,93.0,243.0,0.0,0.0,0.0,0.4,,,,,,,,,,,,
663,"Mangga, segar",Bahan alami,,g,100.0,,65.0,52.0,12.3,0.7,0.0,3.0,1.6,20.0,1.0,0.0,12.0,140.0,0.0,0.01,0.03,86.6,16.0,316.0,300.0,0.3,0.2,,,,,,,,,,,,
664,"Mangga benggala, segar",Bahan alami,,g,100.0,,65.0,63.0,12.4,2.4,0.4,3.0,5.8,9.0,0.2,0.0,43.0,79.0,0.1,0.01,0.18,84.4,13.0,10.0,100.0,0.4,0.4,,,,,,,,,,,,
665,"Mangga gedung, segar",Bahan alami,,g,100.0,,65.0,44.0,11.2,0.7,0.2,2.0,1.6,13.0,0.2,0.0,30.0,83.6,0.1,0.01,0.08,87.4,10.0,113.0,0.0,0.3,0.5,,,,,,,,,,,,
666,"Mangga golek, segar",Bahan alami,,g,100.0,,65.0,63.0,16.7,0.5,0.2,3.0,2.3,14.0,0.7,0.0,65.0,118.1,0.1,0.02,0.08,82.2,10.0,160.0,100.0,0.4,0.4,,,,,,,,,,,,
667,"Mangga harumanis, segar",Bahan alami,,g,100.0,,65.0,46.0,11.9,0.4,0.2,2.0,1.7,15.0,0.2,0.0,6.0,88.9,0.1,0.01,0.08,86.6,9.0,120.0,0.0,0.3,0.8,,,,,,,,,,,,
668,"Mangga indramayu, segar",Bahan alami,,g,100.0,,65.0,72.0,18.7,0.8,0.2,3.0,2.5,13.0,1.9,0.0,16.0,131.4,0.1,0.02,0.06,80.2,10.0,178.0,100.0,0.5,0.1,,,,,,,,,,,,
669,"Mangga kopek, segar",Bahan alami,,g,100.0,,65.0,56.0,14.6,0.4,0.2,2.0,2.0,16.0,1.7,0.0,27.0,102.9,0.1,0.01,0.03,84.5,10.0,139.0,0.0,0.4,0.3,,,,,,,,,,,,
670,"Mangga kwini, segar",Bahan alami,,g,100.0,,65.0,86.0,19.8,0.7,0.5,1.0,6.5,11.0,0.2,0.0,18.0,16.0,0.1,0.02,0.15,78.6,11.0,932.0,100.0,0.5,0.4,,,,,,,,,,,,
671,"Mangga manalagi, segar",Bahan alami,,g,100.0,,65.0,133.0,32.1,1.0,0.1,70.0,11.8,20.0,1.0,0.0,61.0,161.0,0.0,0.0,0.07,66.5,23.0,4.0,0.0,0.6,0.3,,,,,,,,,,,,
672,"Mangga muda, segar",Bahan alami,,g,100.0,,73.0,59.0,15.1,0.5,0.4,2.0,0.0,12.0,0.4,0.0,2.0,108.2,0.1,0.02,0.06,83.7,11.0,146.0,100.0,0.4,0.3,,,,,,,,,,,,
673,"Manggis, segar",Bahan alami,,g,100.0,,29.0,63.0,15.6,0.6,0.6,10.0,1.5,8.0,0.8,0.0,5.0,61.9,0.1,0.03,0.03,83.0,12.0,0.0,100.0,0.3,0.2,,,,,,,,,,,,
674,"Markisa, segar",Bahan alami,,g,100.0,,48.0,144.0,29.8,3.5,1.2,37.0,11.4,27.0,1.4,0.0,10.0,453.8,0.1,0.17,0.02,64.7,203.0,969.0,100.0,2.0,0.8,,,,,,,,,,,,
675,"Matoa, segar",Bahan alami,,g,100.0,,40.0,90.0,21.1,1.2,0.1,10.0,0.5,20.0,0.6,0.0,54.0,190.0,0.6,0.09,0.18,76.5,40.0,2.0,300.0,0.5,1.1,,,,,,,,,,,,
676,"Melon, segar",Bahan alami,,g,100.0,,58.0,37.0,7.8,0.6,0.4,27.0,1.0,12.0,0.4,0.0,0.0,167.0,0.1,0.1,0.02,90.8,14.0,1.0,300.0,0.0,0.5,,,,,,,,,,,,
677,"Menteng, segar",Bahan alami,,g,100.0,,64.0,65.0,16.1,1.7,0.25,0.0,0.0,13.0,0.8,0.0,0.0,0.0,0.0,0.0,0.0,79.0,20.0,0.0,0.0,0.0,2.9,,,,,,,,,,,,
678,"Nanas palembang, segar",Bahan alami,,g,100.0,,53.0,58.0,13.3,0.7,0.2,7.0,1.6,29.0,0.6,0.0,11.0,117.0,0.1,0.03,0.26,85.5,15.0,17.0,0.0,0.2,0.3,,,,,,,,,,,,
679,"Nanas, segar",Bahan alami,,g,100.0,,53.0,40.0,9.9,0.6,0.3,18.0,0.6,22.0,0.9,0.0,22.0,111.0,0.1,0.04,0.02,88.9,14.0,17.0,0.0,0.2,0.3,,,,,,,,,,,,
680,"Nangka masak pohon, segar",Bahan alami,,g,100.0,,28.0,106.0,27.6,1.2,0.3,2.0,3.7,20.0,0.9,0.0,7.0,407.0,1.4,0.1,0.07,70.0,19.0,149.0,246600.0,1.0,2.7,,,,,,,,,,,,
681,"Pala, daging, segar",Bahan alami,,g,100.0,,30.0,42.0,10.9,0.3,0.2,0.0,0.5,32.0,1.5,0.0,22.0,0.0,0.0,0.0,0.0,88.1,24.0,0.0,0.0,0.0,0.5,,,,,,,,,,,,
682,"Buah Pepaya, segar",Bahan alami,,g,100.0,,75.0,46.0,12.2,0.5,0.1,4.0,1.6,23.0,1.7,0.0,78.0,221.0,0.3,0.06,0.04,88.7,12.0,1038.0,0.0,0.4,0.6,,,,,,,,,,,,
683,"Pisang ambon, segar",Bahan alami,,g,100.0,,75.0,108.0,24.3,1.0,0.8,10.0,1.9,20.0,0.2,0.0,9.0,0.0,0.2,0.11,0.05,72.9,30.0,37.0,200.0,0.1,1.0,,,,,,,,,,,,
684,"Pisang angleng (pisang ampyang), segar",Bahan alami,,g,100.0,,75.0,68.0,17.2,1.3,0.2,23.0,0.8,10.0,0.6,0.0,6.0,215.7,0.0,0.05,0.08,80.3,26.0,9.0,0.0,2.5,1.0,,,,,,,,,,,,
685,"Pisang ayam, segar",Bahan alami,,g,100.0,,75.0,120.0,26.8,1.1,0.2,6.0,4.1,20.0,0.4,0.0,26.0,392.0,0.3,0.02,0.1,71.2,61.0,24.0,100.0,1.0,0.7,,,,,,,,,,,,
686,"Pisang gapi, segar",Bahan alami,,g,100.0,,75.0,131.0,31.1,1.6,0.1,6.0,11.7,58.0,0.3,0.0,13.0,392.0,0.3,0.02,0.18,66.3,40.0,13.0,100.0,0.3,1.0,,,,,,,,,,,,
687,"Pisang goroho, segar",Bahan alami,,g,100.0,,75.0,119.0,27.9,1.5,0.2,36.0,4.6,2.0,0.2,0.0,10.0,359.0,0.3,0.02,0.15,69.4,30.0,11.0,100.0,1.1,1.0,,,,,,,,,,,,
688,"Pisang hijau, segar",Bahan alami,,g,100.0,,72.0,121.0,28.9,1.0,0.1,31.0,0.4,9.0,0.9,0.0,13.0,529.4,0.6,0.06,0.13,68.9,37.0,48.0,300.0,0.0,1.1,,,,,,,,,,,,
689,"Pisang kayu, segar",Bahan alami,,g,100.0,,75.0,100.0,23.6,1.4,0.5,1.0,2.6,15.0,0.1,0.0,11.0,493.0,0.3,0.0,0.1,74.4,0.0,3.0,100.0,0.6,0.6,,,,,,,,,,,,
690,"Pisang kepok, segar",Bahan alami,,g,100.0,,75.0,109.0,26.3,0.8,0.5,10.0,5.7,10.0,0.5,0.0,9.0,300.0,0.2,0.0,0.1,71.9,30.0,0.0,100.0,0.1,1.0,,,,,,,,,,,,
691,"Pisang ketip, segar",Bahan alami,,g,100.0,,75.0,145.0,34.5,1.1,0.3,4.0,6.6,5.0,0.1,0.0,95.0,726.0,0.5,0.02,0.13,63.4,54.0,3.0,200.0,0.8,0.7,,,,,,,,,,,,
692,"Pisang kidang, segar",Bahan alami,,g,100.0,,70.0,96.0,22.5,1.0,0.2,6.0,0.6,87.0,0.6,0.0,2.0,418.8,0.5,0.1,0.04,75.4,173.0,38.0,200.0,0.9,0.9,,,,,,,,,,,,
693,"Pisang lampung, segar",Bahan alami,,g,100.0,,75.0,99.0,25.6,1.3,0.2,28.0,4.3,10.0,0.9,0.0,4.0,475.0,0.5,0.12,0.07,72.1,19.0,43.0,300.0,1.0,0.8,,,,,,,,,,,,
694,"Pisang mas bali ampenan, segar",Bahan alami,,g,100.0,,75.0,92.0,21.0,1.4,0.2,32.0,3.7,7.0,1.2,0.0,11.0,272.0,0.4,0.03,0.09,76.8,29.0,14.0,200.0,0.6,0.5,,,,,,,,,,,,
695,"Pisang mas bali kopang, segar",Bahan alami,,g,100.0,,75.0,127.0,31.8,1.4,0.2,43.0,3.7,10.0,0.1,0.0,17.0,616.0,0.4,0.05,0.21,64.2,0.0,21.0,100.0,0.9,2.4,,,,,,,,,,,,
696,"Pisang mas, segar",Bahan alami,,g,100.0,,85.0,127.0,33.6,1.4,0.2,42.0,1.4,7.0,0.8,0.0,2.0,392.0,0.5,0.08,0.09,64.2,25.0,17.0,195800.0,4.5,0.6,,,,,,,,,,,,
697,"Pisang raja sereh, segar",Bahan alami,,g,100.0,,86.0,108.0,28.2,1.3,0.3,31.0,0.7,16.0,0.1,0.0,2.0,522.6,0.6,0.08,0.02,69.3,38.0,48.0,300.0,1.1,1.0,,,,,,,,,,,,
698,"Pisang raja, segar",Bahan alami,,g,100.0,,70.0,120.0,31.8,1.2,0.2,35.0,5.3,10.0,0.8,0.0,10.0,582.2,0.7,0.14,0.06,65.8,22.0,53.0,300.0,1.2,1.0,,,,,,,,,,,,
699,"Pisang rotan, segar",Bahan alami,,g,100.0,,56.0,98.0,20.5,1.3,1.2,24.0,1.0,17.0,1.1,0.0,2.0,406.9,0.5,0.1,0.01,76.1,51.0,37.0,200.0,0.9,0.9,,,,,,,,,,,,
700,"Pisang talas, segar",Bahan alami,,g,100.0,,75.0,113.0,26.7,1.2,0.2,29.0,4.4,22.0,0.6,0.0,9.0,48.0,0.1,0.03,0.12,71.0,22.0,159.0,300.0,1.0,0.9,,,,,,,,,,,,
701,Pisang tujuh bulan,Bahan alami,,g,100.0,,75.0,94.0,22.5,0.6,0.2,0.0,3.7,50.0,0.2,0.0,6.0,4.0,0.4,0.03,0.03,75.9,20.0,72.0,100.0,0.3,0.8,,,,,,,,,,,,
702,"Pisang ua, segar",Bahan alami,,g,100.0,,75.0,128.0,30.2,0.8,0.5,33.0,8.1,12.0,0.7,0.0,4.0,382.0,0.3,0.01,0.09,67.8,28.0,5.0,200.0,1.2,0.7,,,,,,,,,,,,
703,"Pisang uli, segar",Bahan alami,,g,100.0,,77.0,134.0,35.5,1.1,0.5,39.0,1.4,31.0,0.9,0.0,3.0,650.3,0.7,0.16,0.11,61.8,53.0,59.0,300.0,1.4,1.1,,,,,,,,,,,,
704,Purut,Bahan alami,,g,100.0,,34.0,76.0,15.2,4.1,1.1,10.0,1.7,30.0,0.6,0.0,0.0,285.2,0.0,0.11,0.01,81.1,76.0,27.0,0.0,0.0,1.4,,,,,,,,,,,,
705,Rambutan binjai,Bahan alami,,g,100.0,,40.0,76.0,18.0,0.5,0.2,22.0,3.8,15.0,1.2,0.0,13.0,120.0,0.2,0.01,0.19,81.0,22.0,0.0,200.0,0.4,0.3,,,,,,,,,,,,
706,Rambutan,Bahan alami,,g,100.0,,40.0,69.0,18.1,0.9,0.1,16.0,0.8,16.0,0.5,0.0,58.0,104.2,0.1,0.07,0.0,80.5,16.0,0.0,200.0,0.5,0.4,,,,,,,,,,,,
707,Salak bali,Bahan alami,,g,100.0,,93.0,57.0,13.6,0.5,0.1,0.0,1.3,94.0,2.1,0.0,0.0,0.0,0.2,0.0,0.0,85.1,25.0,3.0,100.0,0.0,0.7,,,,,,,,,,,,
708,Salak medan,Bahan alami,,g,100.0,,93.0,55.0,12.8,0.4,0.2,39.0,3.2,6.0,0.5,0.0,58.0,113.0,0.3,0.03,0.04,78.1,46.0,4.0,200.0,0.0,8.5,,,,,,,,,,,,
709,Salak pondoh,Bahan alami,,g,100.0,,59.0,87.0,20.1,0.8,0.4,0.0,0.0,38.0,3.9,0.0,8.0,0.0,0.2,0.12,0.0,77.9,31.0,0.0,100.0,0.1,0.8,,,,,,,,,,,,
710,Salak,Bahan alami,,g,100.0,,93.0,77.0,20.9,0.4,0.0,0.0,0.0,28.0,4.2,0.0,2.0,0.0,0.2,0.0,0.04,78.0,18.0,4.0,100.0,0.0,0.7,,,,,,,,,,,,
711,Sawo duren,Bahan alami,,g,100.0,,64.0,64.0,8.0,1.0,3.1,13.0,0.8,18.0,0.8,0.0,1.0,111.4,0.1,0.02,0.01,87.3,45.0,0.0,0.0,0.1,0.6,,,,,,,,,,,,
712,Sawo kecik,Bahan alami,,g,100.0,,83.0,111.0,21.6,0.9,2.3,28.0,1.0,20.0,0.7,0.0,19.0,117.8,0.1,0.04,0.0,73.8,185.0,119.0,0.0,1.5,1.4,,,,,,,,,,,,
713,Sawo Manila,Bahan alami,,g,100.0,,79.0,92.0,22.4,0.5,1.1,26.0,9.5,25.0,1.0,0.0,21.0,110.2,0.1,0.04,0.01,75.5,12.0,111.0,0.0,1.4,0.5,,,,,,,,,,,,
714,Semangka,Bahan alami,,g,100.0,,46.0,28.0,6.9,0.5,0.2,7.0,9.4,7.0,0.2,0.0,6.0,93.8,0.1,0.05,0.05,92.1,12.0,315.0,0.0,0.3,0.3,,,,,,,,,,,,
715,Sirsak,Bahan alami,,g,100.0,,68.0,65.0,16.3,1.0,0.3,2.0,3.2,14.0,0.6,0.0,20.0,298.9,1.0,0.08,0.07,81.7,27.0,8.0,100.0,0.7,0.7,,,,,,,,,,,,
716,Sowa,Bahan alami,,g,100.0,,,48.0,9.1,1.6,0.6,9.0,45.0,50.0,0.3,0.0,4.0,0.0,1.5,0.23,0.15,87.7,40.0,364.0,100.0,0.2,10.0,,,,,,,,,,,,
717,Srikaya,Bahan alami,,g,100.0,,48.0,63.0,13.9,1.1,0.5,0.0,2.1,127.0,2.7,0.0,28.0,0.0,0.0,0.0,0.08,83.4,30.0,0.0,0.0,0.0,1.1,,,,,,,,,,,,
718,Sukun muda,Bahan alami,,g,100.0,,84.0,119.0,28.1,1.4,0.2,24.0,1.4,24.0,1.4,0.0,52.0,414.4,0.1,0.17,0.17,69.4,44.0,28.0,100.0,3.7,1.0,,,,,,,,,,,,
719,Sukun tua,Bahan alami,,g,100.0,,88.0,126.0,24.5,1.6,0.2,25.0,1.5,37.0,1.6,0.0,58.0,436.0,0.1,0.17,0.18,67.8,47.0,30.0,100.0,3.9,1.0,,,,,,,,,,,,
720,Vigus,Bahan alami,,g,100.0,,,44.0,8.3,2.4,0.1,2.0,0.0,30.0,0.3,0.0,43.0,180.0,0.2,0.01,0.26,88.0,20.0,0.0,100.0,0.0,1.2,,,,,,,,,,,,
721,Wani,Bahan alami,,g,100.0,,77.0,74.0,17.1,0.8,0.3,0.0,3.1,66.0,1.2,0.0,80.0,0.0,0.0,0.0,0.08,81.2,29.0,0.0,0.0,0.0,0.6,,,,,,,,,,,,
722,Barongko,Bahan alami,,g,100.0,,100.0,159.0,23.5,3.1,5.8,46.0,0.0,35.0,1.2,0.0,0.0,78.0,0.6,0.0,0.0,66.7,65.0,0.0,300.0,0.0,0.7,,,,,,,,,,,,
723,Dodol nanas,Bahan alami,,g,100.0,,100.0,338.0,80.3,1.5,1.2,0.0,0.0,0.0,0.0,0.0,8.0,0.0,0.0,0.0,0.3,16.1,0.0,0.0,0.0,0.0,0.9,,,,,,,,,,,,
724,Getuk pisang,Bahan alami,,g,100.0,,100.0,144.0,34.1,1.1,0.4,0.0,0.4,48.0,1.0,0.0,0.0,0.0,0.0,0.0,0.55,63.7,32.0,0.0,0.0,0.0,0.7,,,,,,,,,,,,
725,Keripik lampung,Bahan alami,,g,100.0,,100.0,485.0,69.7,1.7,22.2,0.0,0.6,43.0,0.8,0.0,0.0,0.0,0.0,0.0,0.34,5.0,65.0,0.0,0.0,0.0,1.5,,,,,,,,,,,,
726,Ledre pisang,Bahan alami,,g,100.0,,100.0,405.0,84.9,4.8,5.1,0.0,0.4,59.0,2.6,0.0,0.0,0.0,0.0,0.0,0.41,3.6,124.0,4.0,0.0,0.0,1.6,,,,,,,,,,,,
727,Lempog durian,Bahan alami,,g,100.0,,100.0,320.0,63.7,3.5,5.7,0.0,4.9,190.0,2.5,0.0,0.0,0.0,0.0,0.04,0.05,25.2,93.0,0.0,0.0,0.0,1.9,,,,,,,,,,,,
728,Loka anjoro,Bahan alami,,g,100.0,,100.0,163.0,30.0,1.1,4.3,0.0,0.0,0.0,0.0,0.0,0.0,0.0,0.0,0.0,0.0,63.3,0.0,0.0,0.0,0.0,1.3,,,,,,,,,,,,
729,Rica-rica taipa,Bahan alami,,g,100.0,,100.0,49.0,10.0,1.6,0.3,426.0,0.0,11.0,3.0,0.0,15.0,42.0,0.5,0.04,0.18,86.7,48.0,13.0,500.0,0.0,1.4,,,,,,,,,,,,
730,Rujak aceh,Bahan alami,,g,100.0,,100.0,82.0,19.7,0.4,0.3,0.0,2.4,0.0,0.0,0.0,42.0,0.0,0.0,0.03,0.22,78.7,0.0,10.0,0.0,0.0,0.9,,,,,,,,,,,,
731,Sale kesemek,Bahan alami,,g,100.0,,100.0,296.0,71.4,1.1,0.6,0.0,0.0,0.0,0.0,0.0,3.0,0.0,0.0,0.0,0.0,25.0,0.0,0.0,0.0,0.0,1.8,,,,,,,,,,,,
732,Sale pisang siam,Bahan alami,,g,100.0,,100.0,281.0,66.1,2.4,0.7,0.0,1.0,41.0,1.2,0.0,0.0,0.0,0.0,0.0,0.1,28.9,64.0,0.0,0.0,0.0,2.0,,,,,,,,,,,,
733,"Sale pisang, cilacap",Bahan alami,,g,100.0,,100.0,295.0,66.9,2.3,2.1,0.0,1.3,47.0,2.8,0.0,0.0,0.0,0.0,0.0,0.14,27.1,97.0,0.0,0.0,0.0,1.7,,,,,,,,,,,,
734,Sanggara belanda,Bahan alami,,g,100.0,,100.0,242.0,38.2,6.4,7.1,0.0,0.0,0.0,0.0,0.0,0.0,0.0,0.0,0.0,0.0,47.1,0.0,0.0,0.0,0.0,1.2,,,,,,,,,,,,
735,Tepung Pisang,Bahan alami,,g,100.0,,100.0,338.0,80.6,2.9,0.4,18.0,5.3,23.0,4.0,0.0,2.0,734.0,0.5,0.02,0.02,13.8,62.0,13.0,100.0,1.0,2.1,,,,,,,,,,,,
736,Tepung Sukun,Bahan alami,,g,100.0,,100.0,353.0,84.4,2.9,0.5,9.0,3.7,100.0,4.6,0.0,3.0,2008.0,0.6,0.02,0.4,10.1,85.0,0.0,100.0,0.1,2.1,,,,,,,,,,,,
737,"Anak sapi, daging, gemuk,segar",Bahan alami,,g,100.0,,100.0,184.0,0.0,18.8,14.0,118.0,0.0,10.0,2.2,12.0,0.0,490.1,3.3,0.17,0.13,62.0,200.0,37.0,170.0,7.0,5.2,,,,,,,,,,,,
738,"Anak sapi, daging, kurus,segar",Bahan alami,,g,100.0,,100.0,174.0,0.0,19.6,10.0,96.0,0.0,11.0,2.9,6.0,0.0,399.8,2.7,0.14,0.08,69.0,201.0,30.0,140.0,5.7,1.4,,,,,,,,,,,,
739,"Anak sapi, daging,sedang,segar",Bahan alami,,g,100.0,,100.0,190.0,0.0,19.1,12.0,99.0,0.0,11.0,2.9,12.0,0.0,412.7,2.8,0.15,0.14,68.0,193.0,83.0,140.0,5.9,0.9,,,,,,,,,,,,
740,"Angsa,daging,segar",Bahan alami,,g,100.0,,60.0,349.0,0.0,16.4,31.5,71.0,0.0,15.0,1.8,273.0,0.0,299.2,1.7,0.24,0.1,51.1,188.0,0.0,260.0,7.11,1.0,,,,,,,,,,,,
741,"Daging Ayam , segar",Bahan alami,,g,100.0,,58.0,298.0,0.0,18.2,25.0,109.0,0.0,14.0,1.5,245.0,0.0,385.9,0.6,0.14,0.08,55.9,200.0,0.0,110.0,10.4,0.9,,,,,,,,,,,,
742,"Ayam, dideh/darah, segar",Bahan alami,,g,100.0,,100.0,75.0,0.7,13.8,1.9,337.0,0.0,15.0,1.3,15.0,0.0,234.0,0.0,0.0,0.02,82.0,9.0,0.0,0.0,0.6,1.6,,,,,,,,,,,,
743,"Ayam,hati,segar",Bahan alami,,g,100.0,,100.0,261.0,1.6,27.4,16.1,1068.0,0.0,118.0,15.8,4957.0,0.0,22.9,0.0,4.38,0.64,53.4,373.0,169.0,840.0,4.11,1.5,,,,,,,,,,,,
744,"Babi, daging, gemuk, segar",Bahan alami,,g,100.0,,100.0,453.0,0.0,11.9,45.0,112.0,0.0,7.0,1.8,0.0,0.0,819.3,0.4,0.59,0.58,42.0,117.0,0.0,220.0,5.9,1.1,,,,,,,,,,,,
745,"Babi, daging, kurus, segar",Bahan alami,,g,100.0,,100.0,371.0,0.0,14.1,35.0,97.0,0.0,8.0,2.1,0.0,0.0,706.3,0.4,0.33,0.67,50.0,151.0,0.0,190.0,5.4,0.9,,,,,,,,,,,,
746,"Babi, ginjal, segar",Bahan alami,,g,100.0,,100.0,110.0,0.8,16.3,4.6,139.0,0.0,11.0,8.0,39.0,13.0,390.0,3.2,1.59,0.58,77.1,246.0,10.0,710.0,9.1,1.2,,,,,,,,,,,,
747,"Babi, hati, segar",Bahan alami,,g,100.0,,100.0,129.0,1.7,19.7,4.8,110.0,0.0,10.0,18.0,4303.0,23.0,447.0,0.1,1.16,0.4,72.3,362.0,6.0,580.0,5.7,1.5,,,,,,,,,,,,
748,"Bebek (itik), daging, segar",Bahan alami,,g,100.0,,60.0,321.0,0.0,16.0,28.6,54.0,0.0,15.0,1.8,273.0,0.0,119.0,1.2,0.28,0.1,54.3,188.0,0.0,210.0,4.3,1.1,,,,,,,,,,,,
749,"Bebek albino, daging, segar",Bahan alami,,g,100.0,,100.0,303.0,3.7,11.3,27.0,50.0,0.0,20.0,4.8,0.0,0.0,260.0,2.0,0.04,0.36,57.0,293.0,0.0,700.0,4.1,1.0,,,,,,,,,,,,
750,"Belibis, daging, segar",Bahan alami,,g,100.0,,100.0,131.0,2.8,20.2,4.3,46.0,0.0,8.0,9.6,0.0,0.0,104.0,1.6,0.08,0.37,71.3,192.0,0.0,1200.0,2.7,1.4,,,,,,,,,,,,
751,"Burung, sarang, segar",Bahan alami,,g,100.0,,100.0,281.0,32.1,37.5,0.3,0.0,0.0,485.0,3.0,0.0,0.0,0.0,0.0,0.0,0.0,24.8,18.0,0.0,0.0,0.0,5.3,,,,,,,,,,,,
752,"Domba, daging, gemuk, segar",Bahan alami,,g,100.0,,100.0,317.0,0.0,15.7,27.7,64.0,0.0,9.0,2.4,0.0,0.0,242.1,3.7,0.23,0.14,55.8,157.0,0.0,110.0,6.5,0.8,,,,,,,,,,,,
753,"Domba, daging, gemuk, segar",Bahan alami,,g,100.0,,100.0,202.0,0.0,17.1,14.8,90.0,0.0,10.0,2.6,0.0,0.0,355.0,2.8,0.26,0.15,66.3,191.0,0.0,80.0,5.7,1.8,,,,,,,,,,,,
754,"Domba, ginjal, segar",Bahan alami,,g,100.0,,100.0,100.0,1.0,16.6,3.3,155.0,0.0,13.0,9.2,348.0,13.0,276.0,2.4,2.35,0.51,77.8,237.0,515.0,480.0,7.5,1.3,,,,,,,,,,,,
755,Daging kambing (segar),Bahan alami,,g,100.0,,100.0,149.0,0.0,16.6,9.2,96.0,0.0,11.0,1.0,0.0,0.0,268.7,4.9,0.23,0.09,70.3,124.0,0.0,310.0,5.0,3.9,,,,,,,,,,,,
756,"Kelinci, daging, segar",Bahan alami,,g,100.0,,100.0,142.0,0.0,16.9,7.8,49.0,0.0,7.0,1.0,0.0,0.0,371.1,0.0,0.11,0.11,74.3,350.0,0.0,0.0,6.8,1.0,,,,,,,,,,,,
757,"Kerbau, daging, segar",Bahan alami,,g,100.0,,100.0,79.0,0.0,18.7,0.5,91.0,0.0,14.0,3.3,0.0,0.0,273.0,1.6,0.17,0.06,80.0,221.0,0.0,130.0,5.0,0.8,,,,,,,,,,,,
758,"Kuda, daging, segar",Bahan alami,,g,100.0,,100.0,113.0,0.9,18.1,4.1,46.0,0.0,10.0,2.7,0.0,0.0,315.7,2.5,0.07,0.07,76.0,150.0,0.0,130.0,3.0,0.9,,,,,,,,,,,,
759,"Sapi, babat, segar",Bahan alami,,g,100.0,,100.0,108.0,0.0,17.6,4.2,147.0,0.0,12.0,1.0,0.0,0.0,101.4,2.2,0.17,0.15,76.7,144.0,49.0,110.0,1.7,1.5,,,,,,,,,,,,
760,"Sapi, daging, gemuk, segar",Bahan alami,,g,100.0,,100.0,273.0,0.0,17.5,22.0,93.0,0.0,10.0,2.6,12.0,0.0,267.0,6.4,0.18,0.08,60.0,150.0,0.0,170.0,7.3,0.5,,,,,,,,,,,,
761,"Sapi, daging, gemuk, segar",Bahan alami,,g,100.0,,100.0,174.0,0.0,19.6,10.0,83.0,0.0,11.0,2.9,6.0,0.0,489.0,4.9,0.51,0.07,69.0,181.0,181.0,70.0,1.2,1.4,,,,,,,,,,,,
762,"Sapi, daging, lemak, sedang, segar",Bahan alami,,g,100.0,,100.0,201.0,0.0,18.8,14.0,105.0,0.0,11.0,2.8,9.0,0.0,378.0,5.2,0.56,0.08,66.0,170.0,198.0,4580.0,1.3,1.2,,,,,,,,,,,,
763,"Sapi, daleman, segar",Bahan alami,,g,100.0,,100.0,183.0,1.4,12.0,14.4,277.0,0.0,43.0,1.8,0.0,0.0,160.0,0.8,0.22,0.31,70.1,319.0,104.0,100.0,8.4,2.1,,,,,,,,,,,,
764,"Sapi, dideh/darah",Bahan alami,,g,100.0,,100.0,98.0,0.0,21.9,1.1,150.0,0.0,7.0,1.3,15.0,0.0,170.0,0.2,0.03,0.01,75.6,24.0,214.0,0.0,0.9,1.4,,,,,,,,,,,,
765,"Sapi, ginjal, segar",Bahan alami,,g,100.0,,100.0,137.0,0.9,15.0,8.1,200.0,0.0,9.0,7.9,348.0,13.0,230.2,0.0,1.22,0.37,74.9,221.0,583.0,0.0,6.1,1.1,,,,,,,,,,,,
766,"Sapi, keleponan, segar",Bahan alami,,g,100.0,,100.0,84.0,0.2,10.5,4.6,73.0,0.0,20.0,2.1,857.0,0.0,318.0,1.7,0.14,0.1,83.8,13.0,34.0,200.0,0.3,0.9,,,,,,,,,,,,
767,"Sapi, liver, segar",Bahan alami,,g,100.0,,100.0,132.0,6.0,19.7,3.2,110.0,0.0,7.0,6.6,13303.0,31.0,213.0,2.3,1.52,0.26,69.7,358.0,355.0,510.0,11.4,1.4,,,,,,,,,,,,
768,"Sapi, otak, segar",Bahan alami,,g,100.0,,100.0,123.0,0.8,10.4,8.6,112.0,0.0,16.0,3.6,0.0,18.0,243.8,0.9,0.19,0.23,78.9,330.0,0.0,260.0,3.9,1.3,,,,,,,,,,,,
769,"Sapi, usus, segar",Bahan alami,,g,100.0,,100.0,126.0,1.5,14.0,7.2,0.0,0.0,14.0,4.0,61.0,0.0,0.0,0.0,0.33,0.08,76.7,115.0,0.0,0.0,0.2,0.6,,,,,,,,,,,,
770,Ulat sagu segar,Bahan alami,,g,100.0,,100.0,241.0,5.8,5.8,21.6,210.0,2.8,20.0,0.5,0.0,0.0,210.0,7.7,1.45,0.17,65.9,70.0,0.0,1000.0,0.1,0.9,,,,,,,,,,,,
771,"Ayam, ampela, goreng",Bahan alami,,g,100.0,,100.0,270.0,9.9,32.3,11.2,980.0,0.0,129.0,4.9,56.0,0.0,0.0,3.3,0.0,0.21,4.8,314.0,0.0,120.0,4.72,1.8,,,,,,,,,,,,
772,"Ayam, usus, goreng",Bahan alami,,g,100.0,,100.0,473.0,13.9,45.2,26.3,0.0,0.0,1407.0,8.4,6.0,0.0,0.0,0.0,0.0,0.57,4.6,458.0,0.0,0.0,0.0,10.1,,,,,,,,,,,,
773,"Bebek, daging, goreng",Bahan alami,,g,100.0,,100.0,300.0,4.5,24.0,20.7,34.0,0.0,170.0,4.1,0.0,0.0,6.0,3.0,0.4,0.1,48.8,170.0,0.0,400.0,10.6,2.0,,,,,,,,,,,,
774,"Buaya, daging, dendeng, mentah",Bahan alami,,g,100.0,,100.0,365.0,30.8,49.6,4.8,500.0,0.0,60.0,4.3,0.0,0.0,680.0,11.6,0.0,0.0,12.3,130.0,0.0,200.0,0.2,2.5,,,,,,,,,,,,
775,Ham,Bahan alami,,g,100.0,,100.0,384.0,0.3,16.9,35.0,112.0,0.0,10.0,2.5,0.0,0.0,819.3,0.4,0.95,0.7,42.0,136.0,0.0,110.0,9.7,5.8,,,,,,,,,,,,
776,"Itik alabio, daging, dendeng, mentah",Bahan alami,,g,100.0,,100.0,496.0,18.4,30.3,33.5,1081.0,0.0,135.0,12.5,0.0,0.0,478.0,0.3,0.0,0.0,12.7,370.0,0.0,700.0,0.0,5.1,,,,,,,,,,,,
777,Kerupuk urat,Bahan alami,,g,100.0,,100.0,588.0,1.2,53.7,40.9,1024.0,0.0,36.0,1.3,2802.0,0.0,37.0,0.2,0.0,0.0,3.6,15.0,0.0,100.0,0.0,0.6,,,,,,,,,,,,
778,"Menjangan, daging, dendeng, mentah",Bahan alami,,g,100.0,,100.0,322.0,22.7,55.8,2.0,765.0,0.0,55.0,2.1,3391.0,0.0,1282.0,3.2,0.0,0.0,14.3,310.0,0.0,1700.0,0.0,5.3,,,,,,,,,,,,
779,"Punai, daging, goreng",Bahan alami,,g,100.0,,100.0,224.0,4.4,26.2,11.3,2.0,0.0,362.0,3.1,0.0,0.0,19.0,1.6,0.0,0.0,54.5,362.0,0.0,300.0,0.0,3.6,,,,,,,,,,,,
780,"Rusa, daging, dendeng, mentah",Bahan alami,,g,100.0,,100.0,536.0,0.0,40.5,41.5,130.0,0.0,90.0,13.4,285.0,0.0,690.0,10.7,0.0,0.0,18.3,420.0,0.0,300.0,0.2,2.5,,,,,,,,,,,,
781,"Sapi, abon",Bahan alami,,g,100.0,,100.0,212.0,59.3,18.0,10.6,0.0,7.5,150.0,12.3,0.0,0.0,0.0,0.0,0.0,0.17,7.1,209.0,240.0,0.0,0.0,4.7,,,,,,,,,,,,
782,"Sapi, abon, asli",Bahan alami,,g,100.0,,100.0,358.0,38.6,14.6,16.1,0.0,2.5,165.0,14.6,3.0,0.0,0.0,0.0,0.0,0.13,24.8,136.0,194.0,0.0,0.0,5.8,,,,,,,,,,,,
783,"Sapi, daging, asap",Bahan alami,,g,100.0,,100.0,182.0,0.0,32.0,6.0,1620.0,0.0,15.0,5.0,6.0,0.0,485.4,5.1,0.23,0.12,60.0,300.0,0.0,30.0,5.9,2.0,,,,,,,,,,,,
784,"sapi, daging, dendeng, mentah",Bahan alami,,g,100.0,,100.0,301.0,0.0,55.0,9.0,0.0,0.0,30.0,5.1,0.0,0.0,0.0,0.0,0.0,0.1,25.0,370.0,0.0,0.0,0.0,11.0,,,,,,,,,,,,
785,"Sapi, daging, kornet",Bahan alami,,g,100.0,,100.0,289.0,0.0,16.0,25.0,794.0,0.0,10.0,4.0,0.0,0.0,94.4,4.0,0.16,0.01,53.0,170.0,52.0,70.0,2.7,6.0,,,,,,,,,,,,
786,"Sapi, daging, sosis (Worst)",Bahan alami,,g,100.0,,100.0,448.0,2.3,14.5,42.3,765.0,0.0,28.0,1.1,0.0,0.0,284.5,1.7,0.18,0.1,37.6,61.0,0.0,60.0,4.9,3.3,,,,,,,,,,,,
787,"Sapi, hati, sosis (Leverworst)",Bahan alami,,g,100.0,,100.0,274.0,3.0,16.0,22.0,654.0,2.3,20.0,4.0,1201.2,0.0,158.8,2.2,0.96,0.2,56.6,150.0,0.0,220.0,4.0,2.4,,,,,,,,,,,,
788,"Sapi, paru, dendeng, mentah",Bahan alami,,g,100.0,,100.0,360.0,19.2,57.3,6.0,1483.0,0.0,126.0,21.1,2827.0,0.0,864.0,6.1,0.0,0.0,9.7,903.0,0.0,1200.0,0.0,7.8,,,,,,,,,,,,
789,"Sapi, paru, goreng",Bahan alami,,g,100.0,,100.0,268.0,14.5,23.9,12.7,923.1,0.0,102.0,8.8,790.0,0.0,299.0,1.5,0.0,0.0,45.5,315.0,0.0,0.0,0.0,3.1,,,,,,,,,,,,
790,"Ulat sagu, panggang",Bahan alami,,g,100.0,,100.0,380.0,14.9,11.9,30.3,260.0,4.8,30.0,1.5,0.0,0.0,550.0,14.2,2.5,0.5,41.3,120.0,0.0,3100.0,0.1,1.6,,,,,,,,,,,,
791,"Ayam goreng church texas, dada",Bahan alami,,g,100.0,,100.0,338.0,0.4,35.2,20.6,800.0,0.0,79.0,5.6,16.0,0.0,369.5,1.1,0.16,0.52,42.2,221.0,0.0,160.0,12.1,1.5,,,,,,,,,,,,
792,"Ayam goreng church texas, paha",Bahan alami,,g,100.0,,100.0,287.0,1.7,31.0,15.7,723.0,0.0,99.0,4.1,22.0,0.0,257.0,1.5,0.2,0.66,50.3,176.0,0.0,170.0,5.3,1.3,,,,,,,,,,,,
793,"Ayam goreng church texas, sayap",Bahan alami,,g,100.0,,100.0,295.0,1.5,34.0,16.0,771.0,0.0,81.0,3.0,13.0,0.0,237.2,1.2,0.13,0.44,47.2,179.0,0.0,160.0,6.2,1.3,,,,,,,,,,,,
794,"Ayam goreng kalasan, paha",Bahan alami,,g,100.0,,100.0,275.0,1.3,37.4,12.2,176.0,0.0,116.0,5.8,10.0,0.0,321.9,1.5,0.0,0.1,46.2,237.0,0.0,160.0,0.0,2.9,,,,,,,,,,,,
795,"Ayam goreng kentucky, dada",Bahan alami,,g,100.0,,100.0,298.0,0.1,34.2,16.8,741.0,0.0,90.0,5.5,36.0,0.0,432.0,1.0,0.0,0.19,46.5,284.0,0.0,70.0,0.0,2.5,,,,,,,,,,,,
796,"Ayam goreng kentucky, paha",Bahan alami,,g,100.0,,100.0,286.0,1.1,32.1,16.1,746.0,0.0,89.0,6.9,31.0,0.0,265.2,2.3,0.21,0.5,48.7,248.0,0.0,90.0,5.5,2.0,,,,,,,,,,,,
797,"Ayam goreng kentucky, sayap",Bahan alami,,g,100.0,,100.0,297.0,1.6,35.9,15.2,807.0,0.0,103.0,4.4,22.0,0.0,248.4,1.4,0.14,0.73,44.7,227.0,0.0,60.0,6.5,2.6,,,,,,,,,,,,
798,"Ayam goreng mbok berek, dada",Bahan alami,,g,100.0,,100.0,295.0,1.0,39.2,13.6,0.0,0.0,114.0,5.4,8.0,0.0,0.0,0.0,0.0,0.19,43.4,278.0,0.0,0.0,0.0,2.8,,,,,,,,,,,,
799,"Ayam goreng pasundan, dada",Bahan alami,,g,100.0,,100.0,246.0,0.7,37.9,9.0,0.0,0.0,90.0,7.5,6.0,0.0,0.0,0.0,0.0,0.16,50.1,260.0,0.0,0.0,0.0,2.3,,,,,,,,,,,,
800,"Ayam goreng pasundan, paha",Bahan alami,,g,100.0,,100.0,245.0,0.3,33.1,11.4,0.0,0.0,90.0,7.3,8.0,0.0,0.0,0.0,0.0,0.37,52.8,283.0,0.0,0.0,0.0,2.5,,,,,,,,,,,,
801,"Ayam goreng poineer, dada",Bahan alami,,g,100.0,,100.0,295.0,0.6,37.4,14.7,0.0,0.0,108.0,6.8,16.0,0.0,0.0,0.0,0.0,0.1,44.5,236.0,0.0,0.0,0.0,2.7,,,,,,,,,,,,
802,"Ayam goreng sukabumi, dada",Bahan alami,,g,100.0,,100.0,244.0,1.0,36.7,9.2,0.0,0.0,81.0,6.1,20.0,0.0,0.0,0.0,0.0,0.66,49.8,154.0,0.0,0.0,0.0,3.4,,,,,,,,,,,,
803,"Ayam goreng sukabumi, paha",Bahan alami,,g,100.0,,100.0,283.0,0.5,35.7,14.3,0.0,0.0,68.0,5.4,11.0,0.0,0.0,0.0,0.0,0.36,46.0,106.0,0.0,0.0,0.0,3.6,,,,,,,,,,,,
804,"Ayam taliwang, masakan",Bahan alami,,g,100.0,,100.0,264.0,2.7,18.2,20.1,507.0,0.0,94.0,2.0,1067.0,0.0,408.0,13.2,0.0,0.0,57.5,164.0,0.0,400.0,0.0,1.5,,,,,,,,,,,,
805,Babi hutan masak rica,Bahan alami,,g,100.0,,100.0,491.0,0.2,24.6,16.3,1415.0,0.0,18.0,1.2,2193.0,0.0,327.0,2.6,0.47,0.61,56.2,144.0,0.0,200.0,0.0,2.7,,,,,,,,,,,,
806,Beef burger,Bahan alami,,g,100.0,,100.0,258.0,32.5,10.6,9.5,572.0,0.4,210.0,2.6,218.0,0.0,189.1,0.0,0.0,0.95,45.5,157.0,0.0,0.0,0.0,2.2,,,,,,,,,,,,
807,Beef teriyaki,Bahan alami,,g,100.0,,100.0,151.0,22.3,8.6,3.1,377.0,0.3,142.0,2.3,22.0,0.0,0.0,0.0,0.0,0.53,65.1,62.0,0.0,0.0,0.0,0.9,,,,,,,,,,,,
808,Beef yakiniku,Bahan alami,,g,100.0,,100.0,132.0,20.7,9.8,1.1,409.0,0.3,302.0,2.0,78.0,0.0,0.0,0.0,0.0,0.62,67.7,67.0,0.0,0.0,0.0,0.8,,,,,,,,,,,,
809,Brongkos,Bahan alami,,g,100.0,,100.0,141.0,12.6,15.3,3.3,0.0,1.0,87.0,5.1,4.0,0.0,0.0,0.0,0.0,0.4,76.4,97.0,0.0,0.0,0.0,2.4,,,,,,,,,,,,
810,Bulgogi,Bahan alami,,g,100.0,,100.0,72.0,1.4,11.4,4.9,509.0,1.7,214.0,2.5,17.0,0.0,0.0,0.0,0.0,1.08,84.2,86.0,0.0,0.0,0.0,0.7,,,,,,,,,,,,
811,Chicken teriyaki,Bahan alami,,g,100.0,,100.0,168.0,7.5,13.0,9.6,959.0,0.8,137.0,3.1,68.0,0.0,0.0,0.0,0.0,0.65,68.2,106.0,0.0,0.0,0.0,1.7,,,,,,,,,,,,
812,"Chikiniku, masakan",Bahan alami,,g,100.0,,100.0,143.0,22.8,9.8,1.4,531.0,0.4,301.0,2.0,27.0,0.0,0.0,0.0,0.0,0.73,65.4,63.0,0.0,0.0,0.0,0.6,,,,,,,,,,,,
813,"Coto mangkasara, kuda, masakan",Bahan alami,,g,100.0,,100.0,96.0,3.8,6.8,5.9,96.0,0.0,11.0,2.3,0.0,0.0,31.0,1.0,0.14,0.23,83.5,106.0,0.0,100.0,4.2,0.9,,,,,,,,,,,,
814,"Coto mangkasara, sapi, masakan",Bahan alami,,g,100.0,,100.0,84.0,1.4,6.0,6.0,90.0,0.0,8.0,4.0,0.0,0.0,25.0,0.6,0.14,0.16,85.9,104.0,0.0,300.0,10.3,0.7,,,,,,,,,,,,
815,"Djibokum, masakan",Bahan alami,,g,100.0,,100.0,248.0,40.9,10.0,2.3,401.0,0.1,116.0,2.8,52.0,0.0,0.0,0.0,0.0,0.75,43.4,110.0,0.0,0.0,0.0,3.4,,,,,,,,,,,,
816,"Empal (daging) goreng, masakan",Bahan alami,,g,100.0,,100.0,248.0,10.1,36.2,6.9,848.0,0.0,131.0,6.4,112.0,0.0,0.0,0.0,0.0,0.55,43.9,235.0,0.0,0.0,0.0,2.0,,,,,,,,,,,,
817,Gulai kambing,Bahan alami,,g,100.0,,100.0,126.0,6.2,4.2,9.4,302.0,0.0,45.0,1.3,151.0,0.0,138.0,0.1,0.01,0.13,78.4,73.0,0.0,200.0,0.0,1.8,,,,,,,,,,,,
818,"Jangang bintatoeng, masakan",Bahan alami,,g,100.0,,100.0,107.0,16.5,5.3,2.2,482.0,0.0,64.0,2.5,0.0,0.0,406.0,0.8,0.02,0.18,73.6,61.0,0.0,200.0,3.4,2.4,,,,,,,,,,,,
819,"Kalio ayam, masakan",Bahan alami,,g,100.0,,100.0,203.0,4.4,16.0,13.5,534.0,0.0,278.0,4.2,105.0,0.0,0.0,0.0,0.0,0.35,64.7,177.0,0.0,0.0,0.0,1.4,,,,,,,,,,,,
820,"Kalio jeroan, masakan",Bahan alami,,g,100.0,,100.0,163.0,4.1,16.5,9.0,570.0,0.0,102.0,7.1,298.0,0.0,0.0,0.0,0.0,0.7,68.9,268.0,0.0,0.0,0.0,1.5,,,,,,,,,,,,
821,"Kalio kikil (tunjang), masakan",Bahan alami,,g,100.0,,100.0,122.0,3.9,13.8,5.7,519.0,0.0,154.0,3.4,36.0,0.0,0.0,0.0,0.0,0.38,75.3,59.0,0.0,0.0,0.0,1.3,,,,,,,,,,,,
822,"Kalio otak, masakan",Bahan alami,,g,100.0,,100.0,157.0,11.4,8.1,8.8,604.0,0.0,212.0,3.3,32.0,0.0,0.0,0.0,0.0,0.45,70.3,69.0,0.0,0.0,0.0,1.4,,,,,,,,,,,,
823,"Lawar babi, masakan",Bahan alami,,g,100.0,,100.0,174.0,3.0,17.0,10.0,0.0,0.0,61.0,3.0,0.0,0.0,0.0,0.0,0.0,0.1,68.8,141.0,0.0,0.0,0.0,1.2,,,,,,,,,,,,
824,"Lawar penyu, masakan",Bahan alami,,g,100.0,,100.0,141.0,7.6,23.0,1.5,0.0,0.0,69.0,6.0,0.0,0.0,0.0,0.0,0.0,0.1,66.3,141.0,0.0,0.0,0.0,1.6,,,,,,,,,,,,
825,"Lawara jangang, masakan",Bahan alami,,g,100.0,,100.0,159.0,10.1,5.0,10.9,400.0,0.0,57.0,1.5,14.0,0.0,2368.0,1.0,0.16,0.25,72.4,107.0,0.0,100.0,0.0,1.6,,,,,,,,,,,,
826,"Naan maran sapi, masakan",Bahan alami,,g,100.0,,100.0,478.0,5.1,38.3,33.9,220.0,0.0,30.0,11.8,33.0,0.0,320.0,3.9,0.0,0.0,14.8,390.0,0.0,600.0,0.2,7.9,,,,,,,,,,,,
827,"Nasu liku, masakan",Bahan alami,,g,100.0,,100.0,196.0,15.9,14.5,8.3,386.0,0.0,69.0,1.0,0.0,0.0,470.0,2.0,0.24,0.2,59.0,157.0,0.0,0.0,1.5,2.3,,,,,,,,,,,,
828,"Oramu ninahu ndawa olaho, masakan",Bahan alami,,g,100.0,,100.0,117.0,4.3,13.7,5.0,0.0,0.0,964.0,2.0,4095.0,0.0,727.0,1.5,0.04,0.77,74.9,804.0,0.0,300.0,1.7,0.1,,,,,,,,,,,,
829,"Paniki masak santan, masakan",Bahan alami,,g,100.0,,100.0,460.0,7.2,28.5,35.2,2002.0,0.0,188.0,5.5,954.0,0.0,532.0,2.5,0.19,0.27,25.4,357.0,0.0,400.0,0.0,3.7,,,,,,,,,,,,
830,"Pelolah manuk, masakan",Bahan alami,,g,100.0,,100.0,219.0,4.4,19.7,13.6,577.0,0.0,33.0,1.6,137.0,0.0,0.0,0.0,0.0,0.42,60.0,160.0,0.0,0.0,0.0,2.3,,,,,,,,,,,,
831,"Rawon, masakan",Bahan alami,,g,100.0,,100.0,60.0,4.0,5.4,2.5,0.0,0.0,272.0,3.3,10.0,0.0,0.0,0.0,0.0,0.09,86.0,153.0,0.0,0.0,0.0,2.1,,,,,,,,,,,,
832,"Rendang sapi, masakan",Bahan alami,,g,100.0,,100.0,193.0,7.8,22.6,7.9,0.0,0.0,474.0,14.9,21.0,0.0,0.0,0.0,0.0,0.12,57.9,211.0,0.0,0.0,0.0,3.8,,,,,,,,,,,,
833,"RW, anjing, masakan",Bahan alami,,g,100.0,,100.0,198.0,0.9,24.6,10.7,1604.0,0.0,1071.0,4.0,256.0,0.0,226.0,2.8,0.2,0.35,60.8,876.0,0.0,100.0,0.0,3.0,,,,,,,,,,,,
834,"Sate, penyu, masakan",Bahan alami,,g,100.0,,100.0,179.0,13.3,22.5,3.5,0.0,0.0,187.0,14.4,0.0,0.0,0.0,0.0,0.0,0.1,57.4,238.0,0.0,0.0,0.0,3.3,,,,,,,,,,,,
835,"Sate pusut, masakan",Bahan alami,,g,100.0,,100.0,274.0,13.6,12.9,18.6,609.0,0.0,63.0,2.7,133.0,0.0,0.0,0.0,0.0,0.06,52.1,190.0,0.0,0.0,0.0,2.8,,,,,,,,,,,,
836,"Penyu, serapah, masakan",Bahan alami,,g,100.0,,100.0,174.0,2.2,13.1,12.2,0.0,0.0,72.0,9.5,1302.0,0.0,507.0,2.4,0.0,0.0,71.3,186.0,0.0,800.0,0.0,1.2,,,,,,,,,,,,
837,"Sei reuboh, masakan",Bahan alami,,g,100.0,,100.0,474.0,11.7,11.2,42.5,677.0,0.0,26.0,1.3,141.0,0.0,176.0,3.2,0.26,0.46,32.4,62.0,9.0,2400.0,0.0,2.2,,,,,,,,,,,,
838,"Sop buntut, masakan",Bahan alami,,g,100.0,,100.0,71.0,2.2,7.5,3.6,490.0,0.0,286.0,3.2,119.0,0.0,0.0,0.0,0.0,0.14,86.1,38.0,0.0,0.0,0.0,0.6,,,,,,,,,,,,
839,"Sop daging sapi, masakan",Bahan alami,,g,100.0,,100.0,49.0,5.3,5.8,0.5,391.0,0.0,158.0,2.2,101.0,0.0,0.0,0.0,0.0,0.37,87.5,48.0,0.0,0.0,0.0,0.9,,,,,,,,,,,,
840,"Sop kaki sapi, masakan",Bahan alami,,g,100.0,,100.0,68.0,3.7,9.0,1.9,435.0,0.0,302.0,2.2,48.0,0.0,0.0,0.0,0.0,0.46,84.5,15.0,0.0,0.0,0.0,0.9,,,,,,,,,,,,
841,"Sop kambing, masakan",Bahan alami,,g,100.0,,100.0,34.0,1.1,5.5,0.8,348.0,0.0,145.0,1.6,48.0,0.0,0.0,0.0,0.0,0.57,91.6,37.0,0.0,0.0,0.0,1.0,,,,,,,,,,,,
842,"Sop konro, masakan",Bahan alami,,g,100.0,,100.0,71.0,4.5,7.4,2.6,184.0,0.0,17.0,4.6,0.0,0.0,25.0,1.3,0.02,0.12,85.0,60.0,0.0,300.0,10.9,0.5,,,,,,,,,,,,
843,"Sop saudara, masakan",Bahan alami,,g,100.0,,100.0,89.0,3.9,7.2,5.0,274.0,0.0,10.0,9.0,0.0,0.0,50.0,1.1,0.12,0.09,82.4,174.0,0.0,200.0,2.0,1.5,,,,,,,,,,,,
844,"Soto bandung, masakan",Bahan alami,,g,100.0,,100.0,42.0,2.8,3.9,1.7,0.0,0.4,74.0,1.8,6.0,0.0,0.0,0.0,0.0,0.0,89.9,75.0,20.0,0.0,0.0,1.8,,,,,,,,,,,,
845,"Soto banjar, masakan",Bahan alami,,g,100.0,,100.0,110.0,3.2,2.9,9.5,36.0,0.0,28.0,0.3,12.0,0.0,6.0,0.2,0.0,0.05,83.7,28.0,0.0,0.0,0.0,0.7,,,,,,,,,,,,
846,"Soto betawi, masakan",Bahan alami,,g,100.0,,100.0,135.0,11.5,2.5,8.8,0.0,0.5,222.0,1.9,6.0,0.0,0.0,0.0,0.0,0.04,75.9,72.0,0.0,0.0,0.0,1.3,,,,,,,,,,,,
847,"Soto jeroan, masakan",Bahan alami,,g,100.0,,100.0,92.0,1.4,11.8,4.3,363.0,0.0,218.0,1.9,85.0,0.0,0.0,0.0,0.0,0.36,81.4,48.0,0.0,0.0,0.0,1.1,,,,,,,,,,,,
848,"Soto kudus, masakan",Bahan alami,,g,100.0,,100.0,38.0,1.8,3.6,2.3,0.0,0.2,237.0,1.7,23.0,0.0,0.0,0.0,0.0,0.06,91.6,67.0,0.0,0.0,0.5,1.7,,,,,,,,,,,,
849,"Soto madura, masakan",Bahan alami,,g,100.0,,100.0,60.0,1.3,3.5,4.5,0.0,0.0,361.0,3.8,26.0,0.0,0.0,0.0,0.0,0.06,89.8,126.0,0.0,0.0,0.0,0.9,,,,,,,,,,,,
850,"Soto padang, masakan",Bahan alami,,g,100.0,,100.0,127.0,11.0,5.9,6.6,0.0,0.7,298.0,1.5,12.0,0.0,0.0,0.0,0.0,0.22,75.0,94.0,0.0,0.0,0.0,2.0,,,,,,,,,,,,
851,"Soto pekalongan, masakan",Bahan alami,,g,100.0,,100.0,94.0,5.1,3.0,6.8,0.0,0.3,322.0,2.0,14.0,0.0,0.0,0.0,0.0,0.29,83.8,79.0,0.0,0.0,0.0,1.3,,,,,,,,,,,,
852,"Soto pemalang, masakan",Bahan alami,,g,100.0,,100.0,75.0,3.5,3.6,5.2,0.0,0.0,170.0,2.1,16.0,0.0,0.0,0.0,0.0,0.13,86.0,80.0,0.0,0.0,0.0,1.7,,,,,,,,,,,,
853,"Soto sukaraja, masakan",Bahan alami,,g,100.0,,100.0,80.0,9.0,3.2,3.5,0.0,0.3,347.0,2.3,12.0,0.0,0.0,0.0,0.0,0.04,75.9,77.0,0.0,0.0,0.0,1.1,,,,,,,,,,,,
854,"Soto sulung, masakan",Bahan alami,,g,100.0,,100.0,86.0,0.0,2.3,8.5,0.0,0.0,200.0,2.9,20.0,0.0,0.0,0.0,0.0,0.08,88.1,120.0,0.0,0.0,0.0,1.1,,,,,,,,,,,,
855,"Sukiyaki, masakan",Bahan alami,,g,100.0,,100.0,75.0,12.2,5.6,0.4,426.0,0.2,109.0,0.5,41.0,0.0,0.0,0.0,0.0,0.37,81.0,59.0,0.0,0.0,0.0,0.8,,,,,,,,,,,,
856,"Tedong pallu basa, masakan",Bahan alami,,g,100.0,,100.0,83.0,2.8,10.4,3.4,397.0,0.0,10.0,2.6,0.0,0.0,34.0,1.3,0.53,0.09,81.7,139.0,0.0,600.0,9.0,1.7,,,,,,,,,,,,
857,"Tikus rica, masakan",Bahan alami,,g,100.0,,100.0,257.0,3.8,18.8,18.5,1724.0,0.0,232.0,6.5,674.0,0.0,308.0,2.3,0.38,0.28,54.9,293.0,0.0,500.0,0.0,4.0,,,,,,,,,,,,
858,"Tinoransa, masakan",Bahan alami,,g,100.0,,100.0,516.0,0.0,17.7,49.5,1307.0,0.0,698.0,3.5,710.0,0.0,320.0,1.8,0.17,0.29,31.6,684.0,0.0,100.0,0.0,1.2,,,,,,,,,,,,
859,"Belut, segar",Bahan alami,,g,100.0,,,70.0,1.0,14.6,0.8,55.0,0.0,49.0,1.5,0.0,0.0,169.0,1.2,0.12,0.22,81.5,155.0,0.0,200.0,7.7,2.1,,,,,,,,,,,,
860,"Belut laut, segar",Bahan alami,,g,100.0,,,93.0,6.1,12.8,1.5,33.0,0.0,60.0,3.0,51.0,0.0,175.9,1.0,0.0,0.06,79.5,199.0,3.0,100.0,2.7,4.1,,,,,,,,,,,,
861,Cumi-cumi,Bahan alami,,g,100.0,,85.0,75.0,0.1,16.1,0.7,37.0,0.0,32.0,1.8,0.0,0.0,204.1,1.3,0.0,0.08,82.2,200.0,20.0,1600.0,2.5,0.9,,,,,,,,,,,,
862,"Ikan Bader, segar",Bahan alami,,g,100.0,,,193.0,0.0,19.0,13.0,118.0,0.0,48.0,0.4,45.0,0.0,264.9,0.2,0.1,0.01,66.0,150.0,0.0,100.0,4.1,2.0,,,,,,,,,,,,
863,"Ikan Balong, segar",Bahan alami,,g,100.0,,,107.0,1.5,16.5,3.9,86.0,0.0,54.0,2.0,25.0,0.0,253.4,1.0,0.1,0.05,76.5,202.0,0.0,500.0,2.5,1.5,,,,,,,,,,,,
864,"Ikan Bambangan, segar",Bahan alami,,g,100.0,,,112.0,3.7,20.0,1.3,148.0,0.0,98.0,3.0,0.0,0.0,258.7,0.1,0.0,0.07,73.7,120.0,0.0,0.0,0.3,1.3,,,,,,,,,,,,
865,"Ikan Bandeng, segar",Bahan alami,,g,100.0,,,123.0,0.0,20.0,4.8,67.0,0.0,20.0,0.05,45.0,0.0,271.1,0.9,0.1,0.05,74.0,150.0,21.0,0.0,6.0,1.2,,,,,,,,,,,,
866,"Ikan Banjar, segar",Bahan alami,,g,100.0,,,111.0,4.8,19.4,0.9,99.0,0.0,68.0,7.3,0.0,0.0,338.7,0.6,0.2,0.03,73.5,278.0,62.0,200.0,7.3,1.4,,,,,,,,,,,,
867,"Ikan Baronang, segar",Bahan alami,,g,100.0,,,78.0,3.7,14.5,0.6,26.0,0.0,26.0,3.8,732.0,0.0,692.0,4.1,0.04,0.2,80.0,521.0,0.0,4700.0,3.0,1.2,,,,,,,,,,,,
868,"Ikan Batung, segar",Bahan alami,,g,100.0,,,115.0,4.2,14.5,4.6,42.0,0.0,0.0,0.0,0.0,0.0,316.0,0.9,0.04,1.2,75.7,207.0,0.0,200.0,1.1,1.1,,,,,,,,,,,,
869,"Ikan Baung, segar",Bahan alami,,g,100.0,,,123.0,3.3,15.1,5.5,32.0,0.0,5.0,1.3,0.0,0.0,349.0,0.7,0.03,0.2,74.9,146.0,0.0,100.0,1.2,1.2,,,,,,,,,,,,
870,"Ikan Bawal, segar",Bahan alami,,g,100.0,,85.0,91.0,0.0,19.0,1.7,129.0,0.0,20.0,2.0,45.0,0.0,233.3,0.3,0.1,0.05,78.0,150.0,0.0,100.0,1.8,1.3,,,,,,,,,,,,
871,"Ikan Belida, segar",Bahan alami,,g,100.0,,,80.0,2.2,14.7,1.4,41.0,0.0,303.0,1.3,0.0,0.0,356.0,0.8,0.14,1.2,79.2,315.0,0.0,0.0,1.4,2.3,,,,,,,,,,,,
872,"Ikan Beunteur, segar",Bahan alami,,g,100.0,,,109.0,0.0,17.0,4.0,109.0,0.0,500.0,1.0,45.0,0.0,323.5,1.3,0.1,0.05,70.0,500.0,0.0,600.0,2.6,9.0,,,,,,,,,,,,
873,"Ikan Biawan, segar",Bahan alami,,g,100.0,,,90.0,2.1,14.9,2.5,35.0,0.0,125.0,1.0,0.0,0.0,207.0,0.6,0.03,0.36,79.1,265.0,0.0,400.0,2.9,1.4,,,,,,,,,,,,
874,"Ikan Bili, segar",Bahan alami,,g,100.0,,,88.0,6.2,14.2,0.7,217.0,0.0,27.0,1.5,0.0,0.0,202.0,4.1,0.09,0.72,68.3,1760.0,0.0,0.0,2.7,10.6,,,,,,,,,,,,
875,"Ikan Baubara, segar",Bahan alami,,g,100.0,,,100.0,4.9,14.7,2.4,390.0,0.0,90.0,0.4,0.0,0.0,390.0,0.8,0.0,0.0,75.5,90.0,0.0,700.0,0.0,1.6,,,,,,,,,,,,
876,"Ikan Bulan-bulan, segar",Bahan alami,,g,100.0,,,134.0,5.0,25.5,1.3,197.0,0.0,29.0,0.5,0.0,0.0,489.0,0.5,0.02,0.3,66.7,29.0,0.0,100.0,0.8,1.5,,,,,,,,,,,,
877,"Ikan Cakalang, segar",Bahan alami,,g,100.0,,,107.0,5.5,19.6,0.7,66.0,0.0,23.0,2.9,386.0,0.0,239.0,0.6,0.05,0.17,73.0,242.0,0.0,200.0,21.7,1.2,,,,,,,,,,,,
878,"Ikan Cakalang, hati, segar",Bahan alami,,g,100.0,,,120.0,10.0,11.3,3.9,420.0,0.0,30.0,0.9,0.0,0.0,280.0,4.3,0.0,0.0,73.4,30.0,0.0,1600.0,0.0,1.4,,,,,,,,,,,,
879,"Ikan Cakalang, jantung, segar",Bahan alami,,g,100.0,,,116.0,10.2,11.2,1.2,360.0,0.0,10.0,3.4,908.0,0.0,250.0,1.9,0.0,0.0,76.3,40.0,0.0,500.0,0.1,1.1,,,,,,,,,,,,
880,"Ikan Cakalang, perut, segar",Bahan alami,,g,100.0,,,86.0,8.7,10.2,1.1,230.0,0.0,20.0,2.1,0.0,0.0,210.0,9.3,0.0,0.24,79.1,110.0,0.0,300.0,0.3,0.9,,,,,,,,,,,,
881,"Ikan Daun, segar",Bahan alami,,g,100.0,,,101.0,4.6,11.5,4.1,120.0,0.0,80.0,0.8,0.0,0.0,270.0,0.9,0.07,0.08,78.6,210.0,0.0,100.0,0.1,1.2,,,,,,,,,,,,
882,"Ikan Ekor kuning, segar",Bahan alami,,g,100.0,,,108.0,2.1,22.3,1.2,50.0,0.0,30.0,0.5,40.0,0.0,230.0,0.6,0.1,0.0,74.1,220.0,29.0,100.0,0.2,0.3,,,,,,,,,,,,
883,"Ikan Gabus, segar",Bahan alami,,g,100.0,,,80.0,2.6,16.2,0.5,65.0,0.0,170.0,0.1,335.0,0.0,254.0,0.4,0.2,0.4,79.6,139.0,0.0,300.0,0.1,1.1,,,,,,,,,,,,
884,"Ikan Heu, segar",Bahan alami,,g,100.0,,,81.0,6.6,10.0,1.6,240.0,0.0,1910.0,2.1,0.0,0.0,210.0,2.7,0.0,0.87,75.6,990.0,0.0,100.0,0.2,6.2,,,,,,,,,,,,
885,"Ikan Hitam, segar",Bahan alami,,g,100.0,,,101.0,6.7,10.3,3.7,70.0,0.0,50.0,0.4,67.0,0.0,210.0,0.4,0.1,0.0,78.2,140.0,0.0,0.0,0.1,1.1,,,,,,,,,,,,
886,"Ikan Hiu, segar",Bahan alami,,g,100.0,,,57.0,2.2,10.7,0.3,0.0,0.0,75.0,2.0,0.0,0.0,0.0,0.0,0.0,0.05,85.7,206.0,0.0,20.0,0.0,1.1,,,,,,,,,,,,
887,"Ikan Kacangan, segar",Bahan alami,,g,100.0,,,77.0,1.6,15.6,0.9,0.0,0.0,94.0,1.7,18.0,0.0,0.0,0.0,0.0,0.07,80.7,170.0,0.0,0.0,0.0,1.2,,,,,,,,,,,,
888,"Ikan Kakap, segar",Bahan alami,,g,100.0,,,92.0,0.0,20.0,0.7,0.0,0.0,20.0,1.0,9.0,0.0,0.0,0.0,0.0,0.05,77.0,200.0,0.0,0.0,0.0,2.3,,,,,,,,,,,,
889,"Ikan Kakatua, segar",Bahan alami,,g,100.0,,,82.0,6.4,11.4,1.2,90.0,0.0,20.0,0.4,18.0,0.0,300.0,0.3,0.0,0.0,79.7,160.0,0.0,100.0,0.2,1.3,,,,,,,,,,,,
890,"Ikan Kalaban, segar",Bahan alami,,g,100.0,,,77.0,1.3,16.4,0.7,40.0,0.0,182.0,0.9,0.0,0.0,334.0,0.8,0.15,0.16,80.3,248.0,0.0,700.0,1.9,1.3,,,,,,,,,,,,
891,"Ikan Kakap merah (kamera), segar",Bahan alami,,g,100.0,,,86.0,0.0,19.7,0.8,90.0,0.0,50.0,0.3,26.0,0.0,290.0,0.1,0.08,0.0,78.5,170.0,0.0,300.0,0.1,1.3,,,,,,,,,,,,
892,"Ikan Kapar, segar",Bahan alami,,g,100.0,,,132.0,0.8,17.0,6.7,78.0,0.0,151.0,1.2,0.0,0.0,229.0,0.7,0.03,0.07,74.2,272.0,0.0,900.0,0.0,1.3,,,,,,,,,,,,
893,"Ikan Kawalinya, segar",Bahan alami,,g,100.0,,,110.0,5.4,12.6,4.2,340.0,0.0,80.0,1.5,146.0,0.0,300.0,1.4,0.0,0.0,76.1,300.0,0.0,200.0,0.2,1.7,,,,,,,,,,,,
894,"Ikan Keru-keru, segar",Bahan alami,,g,100.0,,55.0,93.0,0.8,16.5,2.1,137.0,0.0,65.0,2.4,0.0,0.0,255.3,0.7,0.09,0.01,77.2,217.0,0.0,340.0,1.6,3.4,,,,,,,,,,,,
895,"Ikan Kimia, segar",Bahan alami,,g,100.0,,,70.0,5.2,10.8,0.7,342.0,0.0,53.0,2.0,401.0,0.0,101.0,0.5,0.05,0.22,82.1,72.0,0.0,500.0,5.8,1.2,,,,,,,,,,,,
896,"Ikan Lais, segar",Bahan alami,,g,100.0,,62.0,161.0,2.4,11.9,11.5,0.0,0.0,70.0,0.0,0.0,0.0,0.0,0.0,0.0,0.05,65.0,237.0,0.0,0.0,0.0,9.2,,,,,,,,,,,,
897,"Ikan Layang, segar",Bahan alami,,g,100.0,,80.0,109.0,0.0,22.0,1.7,0.0,0.0,50.0,2.0,45.0,0.0,0.0,0.0,0.0,0.05,74.0,150.0,0.0,0.0,0.0,2.3,,,,,,,,,,,,
898,"Ikan Layur, segar",Bahan alami,,g,100.0,,49.0,82.0,0.4,18.0,1.0,0.0,0.0,48.0,2.2,4.0,0.0,0.0,0.0,0.0,0.04,80.1,229.0,0.0,0.0,0.0,0.5,,,,,,,,,,,,
899,"Ikan Lehoma, segar",Bahan alami,,g,100.0,,,90.0,0.0,20.4,0.9,56.0,0.0,88.0,0.7,1047.0,0.0,281.0,0.9,0.03,0.32,77.6,270.0,0.0,300.0,0.2,1.1,,,,,,,,,,,,
900,"Ikan Lemuru, segar",Bahan alami,,g,100.0,,80.0,112.0,0.0,20.0,3.0,0.0,0.0,20.0,1.0,30.0,0.0,0.0,0.0,0.0,0.05,76.0,100.0,0.0,0.0,0.0,1.0,,,,,,,,,,,,
901,"Ikan Lidah, segar",Bahan alami,,g,100.0,,,104.0,2.0,15.6,3.2,0.0,0.0,30.0,2.0,33.0,0.0,0.0,0.0,0.0,0.03,78.3,143.0,0.0,0.0,0.0,0.9,,,,,,,,,,,,
902,"Ikan Melalugis, segar",Bahan alami,,g,100.0,,,99.0,0.9,20.6,1.4,76.0,0.0,164.0,0.5,661.0,0.0,282.0,0.9,0.02,0.3,75.6,330.0,0.0,200.0,0.5,1.5,,,,,,,,,,,,
903,"Ika n Mamar merah, segar",Bahan alami,,g,100.0,,,115.0,4.4,15.3,4.0,120.0,0.0,60.0,1.6,0.0,0.0,240.0,1.0,0.1,0.2,75.0,190.0,0.0,200.0,0.1,1.3,,,,,,,,,,,,
904,"Ikan Mas, segar",Bahan alami,,g,100.0,,80.0,86.0,0.0,16.0,2.0,65.0,0.0,20.0,2.0,45.0,0.0,276.7,1.1,0.1,0.05,80.0,150.0,8.0,100.0,2.6,2.0,,,,,,,,,,,,
905,"Ikan Mayong, segar",Bahan alami,,g,100.0,,89.0,97.0,0.4,17.9,2.0,0.0,0.0,40.0,2.5,21.0,0.0,0.0,0.0,0.0,0.1,78.2,100.0,0.0,0.0,0.0,1.5,,,,,,,,,,,,
906,"Ikan Mujahir / Mujair, segar",Bahan alami,,g,100.0,,80.0,89.0,0.0,18.7,1.0,51.0,0.0,96.0,1.5,6.0,0.0,265.8,0.2,0.1,0.03,79.7,209.0,3.0,0.0,2.0,1.1,,,,,,,,,,,,
907,"Ikan Nasu metti, segar",Bahan alami,,g,100.0,,,154.0,10.5,16.8,5.0,421.0,0.0,80.0,1.6,0.0,0.0,488.0,1.2,0.15,0.47,65.3,244.0,0.0,200.0,9.6,2.4,,,,,,,,,,,,
908,"Ikan Kembung / oci, segar",Bahan alami,,g,100.0,,80.0,125.0,2.2,21.3,3.4,214.0,0.0,136.0,0.8,0.0,0.0,245.0,1.1,0.03,0.26,71.4,69.0,0.0,200.0,0.2,1.7,,,,,,,,,,,,
909,"Ikan Paling, segar",Bahan alami,,g,100.0,,100.0,303.0,0.0,14.0,27.0,43.0,0.0,20.0,1.0,485.0,2.0,0.0,0.0,0.0,0.1,58.0,200.0,0.0,0.0,0.0,1.0,,,,,,,,,,,,
910,"Ikan Papuyu / betok, segar",Bahan alami,,g,100.0,,,120.0,4.6,14.3,4.9,240.0,0.0,329.0,1.5,0.0,0.0,169.0,1.1,0.05,0.0,75.0,436.0,0.0,800.0,3.1,1.2,,,,,,,,,,,,
911,"Ikan Patin, segar",Bahan alami,,g,100.0,,,132.0,1.1,17.0,6.6,77.0,0.0,31.0,1.6,0.0,0.0,346.0,0.8,0.03,0.2,74.4,173.0,7.0,700.0,1.7,0.9,,,,,,,,,,,,
912,"Ikan Pomo, segar",Bahan alami,,g,100.0,,,147.0,2.6,22.5,5.2,0.0,0.0,80.0,1.3,89.0,0.0,380.0,0.7,0.0,0.0,68.3,230.0,0.0,200.0,0.0,1.4,,,,,,,,,,,,
913,"Ikan Puntin, segar",Bahan alami,,g,100.0,,,76.0,2.2,14.4,1.1,0.0,0.0,28.0,0.0,0.0,0.0,325.0,0.6,0.11,0.31,81.1,166.0,0.0,100.0,0.0,1.2,,,,,,,,,,,,
914,"Ikan Saluang, segar",Bahan alami,,g,100.0,,89.0,113.0,3.4,13.9,4.9,51.0,0.0,642.0,1.9,0.0,0.0,182.0,3.6,0.02,0.21,74.8,646.0,0.0,800.0,1.8,3.0,,,,,,,,,,,,
915,"Ikan Sarden, segar",Bahan alami,,g,100.0,,,109.0,3.4,19.9,1.8,266.0,0.0,95.0,1.3,195.0,0.0,227.0,2.0,0.03,0.26,72.7,597.0,0.0,300.0,4.4,2.2,,,,,,,,,,,,
916,"Ikan Selar, segar",Bahan alami,,g,100.0,,48.0,100.0,0.0,18.8,2.2,43.0,0.0,40.0,0.5,45.0,0.0,392.6,0.3,0.2,0.36,75.4,179.0,0.0,100.0,3.4,3.6,,,,,,,,,,,,
917,"Ikan Sepat, segar",Bahan alami,,g,100.0,,75.0,84.0,4.7,15.2,0.6,211.0,0.0,68.0,2.1,0.0,0.0,198.0,0.6,0.03,0.16,78.8,171.0,0.0,700.0,1.9,0.8,,,,,,,,,,,,
918,"Ikan Sidat, segar",Bahan alami,,g,100.0,,100.0,81.0,3.8,11.4,1.9,46.0,0.0,118.0,3.0,15.0,0.0,245.9,1.5,0.4,0.0,71.3,174.0,0.0,0.0,3.2,11.6,,,,,,,,,,,,
919,"Ikan Sunu, segar",Bahan alami,,g,100.0,,70.0,111.0,6.7,13.3,3.4,91.0,0.0,86.0,1.2,309.0,0.0,197.0,0.6,0.1,1.03,75.5,174.0,0.0,0.0,0.2,1.1,,,,,,,,,,,,
920,"Ikan Tahuman, segar",Bahan alami,,g,100.0,,,88.0,4.1,15.9,0.9,24.0,0.0,221.0,0.0,0.0,0.0,364.0,0.7,0.25,0.2,77.4,223.0,0.0,400.0,1.6,1.8,,,,,,,,,,,,
921,"Ikan Tarmon, segar",Bahan alami,,g,100.0,,,96.0,2.0,19.5,1.1,43.0,0.0,9.0,0.3,0.0,0.0,154.0,0.5,0.02,0.15,76.7,129.0,0.0,100.0,1.7,0.8,,,,,,,,,,,,
922,"Ikan Telan, segar",Bahan alami,,g,100.0,,,95.0,6.5,15.8,0.7,58.0,0.0,503.0,0.2,0.0,0.0,294.0,1.2,0.02,0.18,75.3,354.0,0.0,1600.0,1.9,1.7,,,,,,,,,,,,
923,"Ikan Tembang, segar",Bahan alami,,g,100.0,,80.0,204.0,0.0,16.0,15.0,341.0,0.0,20.0,2.0,30.0,0.0,291.0,2.6,0.0,0.05,65.0,200.0,0.0,400.0,5.6,4.0,,,,,,,,,,,,
924,"Ikan Tempahas, segar",Bahan alami,,g,100.0,,,101.0,1.0,15.1,4.1,50.0,0.0,32.0,0.0,0.0,0.0,320.0,0.6,0.05,0.02,78.9,163.0,0.0,700.0,1.5,0.9,,,,,,,,,,,,
925,"Ikan Terbang, segar",Bahan alami,,g,100.0,,,98.0,1.0,19.6,1.7,90.0,0.0,90.0,0.6,39.0,0.0,320.0,0.5,0.1,0.0,76.1,190.0,0.0,100.0,0.1,1.6,,,,,,,,,,,,
926,"Ikan Teri, segar",Bahan alami,,g,100.0,,100.0,74.0,4.1,10.3,1.4,554.0,0.0,972.0,3.9,13.0,0.0,126.1,0.2,0.0,0.24,80.0,253.0,0.0,305200.0,1.9,4.2,,,,,,,,,,,,
927,"Ikan Titang, segar",Bahan alami,,g,100.0,,,82.0,2.3,17.4,0.4,110.0,0.0,145.0,1.8,581.0,0.0,275.0,0.8,0.03,0.64,78.8,130.0,0.0,100.0,1.5,1.1,,,,,,,,,,,,
928,"Ikan Tongkol, segar",Bahan alami,,g,100.0,,100.0,100.0,8.0,13.7,1.5,202.0,0.0,92.0,1.7,181.0,0.0,227.0,1.6,0.03,0.35,74.7,606.0,0.0,200.0,6.6,2.1,,,,,,,,,,,,
929,"Ikan Turi, segar",Bahan alami,,g,100.0,,,96.0,0.2,19.2,2.0,370.0,0.0,340.0,0.8,26.0,0.0,300.0,2.0,0.0,0.0,76.9,340.0,0.0,100.0,0.0,2.1,,,,,,,,,,,,
930,"Keong, segar",Bahan alami,,g,100.0,,46.0,64.0,2.0,12.0,1.0,231.0,0.0,217.0,1.7,0.0,0.0,0.0,0.1,0.0,0.0,81.0,78.0,244.0,370.0,0.0,4.0,,,,,,,,,,,,
931,"Kepiting, , segar",Bahan alami,,g,100.0,,45.0,151.0,14.1,13.8,3.8,0.0,0.0,210.0,1.1,61.0,0.0,0.0,0.0,0.0,0.05,68.1,250.0,0.0,0.0,0.0,0.2,,,,,,,,,,,,
932,"Kerang, segar",Bahan alami,,g,100.0,,100.0,101.0,3.9,14.4,2.6,0.0,0.0,321.0,15.6,0.0,0.0,0.0,0.0,0.0,0.01,78.2,270.0,0.0,0.0,0.0,0.9,,,,,,,,,,,,
933,"Kodok, segar",Bahan alami,,g,100.0,,65.0,73.0,0.0,16.4,0.3,0.0,0.0,18.0,1.1,0.0,0.0,0.0,0.0,0.0,0.14,81.9,147.0,0.0,0.0,0.0,1.4,,,,,,,,,,,,
934,"Kura-kura, segar",Bahan alami,,g,100.0,,70.0,83.0,0.0,19.1,0.2,0.0,0.0,27.0,0.7,0.0,0.0,0.0,0.0,0.0,0.2,80.0,87.0,0.0,0.0,0.0,0.7,,,,,,,,,,,,
935,"Kuro, segar",Bahan alami,,g,100.0,,52.0,87.0,1.0,16.0,2.2,0.0,0.0,75.0,1.0,6.0,0.0,0.0,0.0,0.0,0.04,79.9,136.0,0.0,0.0,0.0,0.9,,,,,,,,,,,,
936,"Lokan, segar",Bahan alami,,g,100.0,,,217.0,5.1,11.0,1.7,3.0,0.0,20.0,10.9,0.0,0.0,7.0,2.7,0.07,0.45,80.9,390.0,0.0,200.0,0.0,1.3,,,,,,,,,,,,
937,"Rajungan, segar",Bahan alami,,g,100.0,,,76.0,2.4,12.1,2.0,69.0,0.0,721.0,2.2,599.0,0.0,192.0,2.6,0.25,0.2,80.2,214.0,40.0,1700.0,0.2,2.7,,,,,,,,,,,,
938,"Rebon, udang kecil, segar",Bahan alami,,g,100.0,,100.0,81.0,0.7,16.2,1.2,169.0,0.0,757.0,2.2,18.0,0.0,202.9,1.2,0.1,0.04,79.0,292.0,0.0,700.0,2.4,2.9,,,,,,,,,,,,
939,Rusip,Bahan alami,,g,100.0,,100.0,110.0,11.7,11.5,2.0,0.0,0.0,479.0,7.1,0.0,0.0,0.0,0.0,0.0,0.04,58.5,348.0,0.0,0.0,0.0,16.3,,,,,,,,,,,,
940,"Udang galah, segar",Bahan alami,,g,100.0,,68.0,81.0,3.0,16.5,0.3,95.0,0.0,87.0,0.7,0.0,0.0,132.0,1.2,0.03,0.24,79.0,167.0,3.0,700.0,2.9,1.2,,,,,,,,,,,,
941,"Udang besar, segar",Bahan alami,,g,100.0,,68.0,56.0,1.2,11.4,0.6,190.0,0.0,30.0,0.3,0.0,0.0,210.0,0.8,0.0,0.14,85.5,20.0,0.0,400.0,0.1,1.3,,,,,,,,,,,,
942,Udang segar,Bahan alami,,g,100.0,,68.0,91.0,0.1,21.0,0.2,178.0,0.0,136.0,8.0,18.0,0.0,222.4,1.3,0.4,0.01,75.0,170.0,4.0,300.0,3.7,3.7,,,,,,,,,,,,
943,"Bekicot, dendeng , mentah",Bahan alami,,g,100.0,,100.0,441.0,15.8,48.7,20.3,0.0,0.0,692.0,16.6,6.0,69.0,0.0,0.0,0.0,0.56,6.7,523.0,0.0,0.0,0.0,8.4,,,,,,,,,,,,
944,Belut goreng,Bahan alami,,g,100.0,,,417.0,32.0,25.9,19.4,71.0,0.0,840.0,4.9,0.0,0.0,217.7,1.8,0.2,0.0,11.2,872.0,0.0,300.0,10.5,11.5,,,,,,,,,,,,
945,Cumi-cumi goreng,Bahan alami,,g,100.0,,,265.0,0.0,40.6,10.1,86.0,0.0,62.0,2.7,0.0,0.0,81.9,0.0,0.0,0.09,54.2,270.0,56.0,0.0,6.3,3.1,,,,,,,,,,,,
946,"Ikan asin, kering",Bahan alami,,g,100.0,,70.0,193.0,0.0,42.0,1.5,0.0,0.0,200.0,0.01,0.0,0.0,0.0,0.0,0.0,0.01,40.0,300.0,0.0,0.0,0.0,16.5,,,,,,,,,,,,
947,"Ikan Bandeng Presto, masakan",Bahan alami,,g,100.0,,100.0,296.0,11.3,17.1,20.3,0.0,0.0,1422.0,1.9,6.0,69.0,0.0,0.0,0.0,0.14,45.3,659.0,0.0,0.0,0.0,6.0,,,,,,,,,,,,
948,"Ikan Baung bakar,",Bahan alami,,g,100.0,,,144.0,5.2,17.8,5.8,168.0,0.0,18.0,0.0,0.0,0.0,236.0,0.7,0.0,0.0,69.8,169.0,0.0,100.0,1.3,1.4,,,,,,,,,,,,
949,Ikan Belida bakar,Bahan alami,,g,100.0,,,128.0,7.2,18.0,3.0,293.0,0.0,58.0,0.0,0.0,0.0,198.0,0.4,0.17,1.8,68.2,134.0,0.0,100.0,1.5,3.6,,,,,,,,,,,,
950,"Ikan Cakalang asap, mentah",Bahan alami,,g,100.0,,70.0,204.0,1.9,34.2,5.6,176.0,0.0,14.0,1.3,1546.0,0.0,588.0,0.7,0.07,0.53,56.9,399.0,0.0,300.0,0.0,1.4,,,,,,,,,,,,
951,"Ikan Cakalang asin, mentah",Bahan alami,,g,100.0,,70.0,198.0,5.5,36.5,2.2,4304.0,0.0,236.0,3.7,0.0,0.0,302.1,0.0,0.0,0.06,41.7,346.0,0.0,0.0,0.0,14.1,,,,,,,,,,,,
952,"Ikan Calo / peda, mentah",Bahan alami,,g,100.0,,100.0,81.0,3.8,11.4,1.9,0.0,0.0,743.0,22.6,15.0,0.0,0.0,0.0,0.0,0.0,71.3,174.0,0.0,0.0,0.0,11.6,,,,,,,,,,,,
953,"Ikan Gabus asap, mentah",Bahan alami,,g,100.0,,80.0,261.0,21.9,38.1,2.3,320.0,0.0,2510.0,2.9,114.0,0.0,410.0,0.8,0.1,0.1,26.4,1840.0,0.0,400.0,14.5,11.3,,,,,,,,,,,,
954,Ikan Gabus kering,Bahan alami,,g,100.0,,80.0,268.0,0.0,58.0,4.0,0.0,0.0,15.0,0.1,30.0,0.0,0.0,0.0,0.0,0.1,24.0,100.0,0.0,0.0,0.0,14.0,,,,,,,,,,,,
955,Ikan Gete goreng,Bahan alami,,g,100.0,,,267.0,0.2,23.1,19.4,590.0,0.0,2340.0,0.8,0.0,0.0,440.0,1.9,0.0,0.0,44.7,1240.0,0.0,100.0,0.2,12.6,,,,,,,,,,,,
956,Ikan Hiu kering,Bahan alami,,g,100.0,,,298.0,20.2,46.3,3.6,957.0,0.0,335.0,2.5,661.0,0.0,1457.0,2.0,0.11,0.84,23.1,846.0,0.0,500.0,22.5,6.8,,,,,,,,,,,,
957,Ikan Katombo asin,Bahan alami,,g,100.0,,70.0,162.0,0.3,31.7,2.8,4393.0,0.0,279.0,4.6,0.0,0.0,342.2,0.0,0.0,0.09,44.7,609.0,0.0,2800.0,0.0,15.5,,,,,,,,,,,,
958,Ikan kayu kering,Bahan alami,,g,100.0,,,302.0,0.4,70.7,1.9,345.0,0.0,313.0,4.1,0.0,0.0,1045.0,1.8,0.04,1.4,23.1,22.0,0.0,0.0,20.0,3.9,,,,,,,,,,,,
959,Ikan Lais bakar,Bahan alami,,g,100.0,,,147.0,5.4,17.5,6.5,142.0,0.0,54.0,0.1,0.0,0.0,209.0,0.5,0.0,0.0,69.4,194.0,0.0,0.0,0.0,1.2,,,,,,,,,,,,
960,"Ikan Lomak asin, mentah",Bahan alami,,g,100.0,,,258.0,18.9,40.3,2.3,6227.0,0.0,140.0,2.3,0.0,0.0,485.1,0.0,0.3,0.0,21.6,279.0,0.0,2300.0,6.0,16.9,,,,,,,,,,,,
961,Ikan Mas pepes,Bahan alami,,g,100.0,,100.0,209.0,11.8,15.2,11.3,74.0,0.5,686.0,6.1,3.0,0.0,276.7,1.9,0.1,0.13,57.5,530.0,0.0,100.0,2.4,4.3,,,,,,,,,,,,
962,Ikan Mujahir / mujair goreng,Bahan alami,,g,100.0,,100.0,416.0,0.0,46.9,23.9,54.0,0.0,346.0,0.9,12.0,0.0,278.9,0.2,0.1,0.12,44.7,654.0,3.0,0.0,2.2,2.2,,,,,,,,,,,,
963,Ikan Mujahir / Mujair pepes,Bahan alami,,g,100.0,,100.0,121.0,0.8,21.7,2.8,58.0,0.0,83.0,1.6,8.0,0.0,265.8,0.3,0.1,0.0,73.7,248.0,0.0,0.0,1.9,1.0,,,,,,,,,,,,
964,"Ikan Dendeng mujahir, mentah",Bahan alami,,g,100.0,,100.0,582.0,37.2,68.3,15.2,0.0,0.0,3258.0,4.3,15.0,0.0,0.0,0.0,0.0,0.27,15.2,1699.0,0.0,0.0,0.0,14.1,,,,,,,,,,,,
965,Ikan Papuyu bakar,Bahan alami,,g,100.0,,,152.0,6.7,17.6,6.1,320.0,0.0,244.0,3.4,0.0,0.0,224.0,1.0,0.0,0.0,66.6,227.0,0.0,200.0,0.0,3.0,,,,,,,,,,,,
966,Ikan Patin bakar,Bahan alami,,g,100.0,,,144.0,4.3,17.5,6.3,379.0,0.0,191.0,1.4,0.0,0.0,230.0,0.7,0.0,0.0,70.3,232.0,0.0,100.0,0.0,1.6,,,,,,,,,,,,
967,"Ikan Peda banjar, mentah",Bahan alami,,g,100.0,,90.0,156.0,2.0,28.0,4.0,59.0,0.0,174.0,3.1,33.0,0.0,368.8,0.5,0.1,0.1,46.0,316.0,4.0,0.0,4.7,20.0,,,,,,,,,,,,
968,"Ikan Pepetek, mentah",Bahan alami,,g,100.0,,,176.0,2.0,32.0,4.4,79.0,0.0,120.0,1.0,15.0,0.0,1.0,0.0,0.1,0.05,33.0,200.0,0.0,0.0,2.4,28.6,,,,,,,,,,,,
969,"Ikan Pindang banjar,mentah",Bahan alami,,g,100.0,,,157.0,1.8,28.0,4.2,0.0,0.0,50.0,1.0,45.0,0.0,0.0,0.0,0.0,0.1,59.0,100.0,0.0,0.0,0.0,7.0,,,,,,,,,,,,
970,"Ikan Pindang benggol, mentah",Bahan alami,,g,100.0,,,170.0,0.0,31.0,4.2,0.0,0.0,50.0,1.0,45.0,0.0,0.0,0.0,0.0,0.1,57.0,100.0,0.0,0.0,0.0,7.8,,,,,,,,,,,,
971,"Ikan Pindang layang, mentah",Bahan alami,,g,100.0,,,153.0,0.0,30.0,2.8,0.0,0.0,60.0,3.0,61.0,0.0,0.0,0.0,0.0,0.07,60.0,200.0,0.0,0.0,0.0,7.2,,,,,,,,,,,,
972,"Ikan Pindang selar, mentah",Bahan alami,,g,100.0,,,142.0,0.0,27.0,3.0,0.0,0.0,60.0,3.0,61.0,0.0,0.0,0.0,0.0,0.07,60.0,200.0,0.0,0.0,0.0,10.0,,,,,,,,,,,,
973,"Ikan Sale, mentah",Bahan alami,,g,100.0,,100.0,534.0,4.9,40.2,39.3,673.0,2.0,199.0,2.7,0.0,0.0,673.0,2.6,0.5,0.02,8.5,1244.0,410.0,300.0,0.0,7.1,,,,,,,,,,,,
974,"Ikan Sale lais, mentah",Bahan alami,,g,100.0,,,415.0,2.9,61.3,17.6,1767.0,0.0,258.0,7.0,0.0,0.0,263.0,1.0,0.1,0.03,12.4,919.0,0.0,17600.0,17.3,5.8,,,,,,,,,,,,
975,"Ikan Saluang kering, mentah",Bahan alami,,g,100.0,,,284.0,14.6,34.1,9.9,1767.0,0.0,1426.0,9.5,0.0,0.0,263.0,18.7,0.03,0.49,33.6,1103.0,0.0,1300.0,0.0,7.8,,,,,,,,,,,,
976,"Ikan sanggang, masakan",Bahan alami,,g,100.0,,,240.0,20.7,21.7,7.7,2041.0,0.0,159.0,9.8,0.0,0.0,159.0,8.8,0.02,0.51,42.6,362.0,0.0,1500.0,0.0,7.3,,,,,,,,,,,,
977,"Ikan selar kuning cue, mentah",Bahan alami,,g,100.0,,90.0,138.0,0.0,27.0,3.3,0.0,0.0,50.0,2.0,45.0,0.0,0.0,0.0,0.0,0.1,59.0,100.0,0.0,0.0,0.0,0.7,,,,,,,,,,,,
978,"Ikan selar, kering, mentah",Bahan alami,,g,100.0,,,194.0,0.0,38.0,3.5,0.0,0.0,20.0,1.0,0.0,0.0,0.0,0.0,0.0,0.01,43.0,200.0,0.0,0.0,0.0,15.5,,,,,,,,,,,,
979,"Ikan sepat, kering, mentah",Bahan alami,,g,100.0,,,289.0,0.0,38.0,14.0,0.0,0.0,40.0,0.7,0.0,0.0,0.0,0.0,0.0,0.0,30.0,100.0,0.0,0.0,0.0,18.0,,,,,,,,,,,,
980,"Ikan sunu, asin, mentah",Bahan alami,,g,100.0,,,199.0,7.1,34.1,3.8,377.0,0.0,94.0,2.2,2481.0,0.0,57.0,3.2,0.13,1.5,34.7,92.0,0.0,100.0,7.2,20.3,,,,,,,,,,,,
981,"Ikan, tepung, mentah",Bahan alami,,g,100.0,,,316.0,22.4,60.1,6.5,0.0,0.0,3196.0,16.6,320.0,0.0,0.0,0.0,0.0,0.0,4.3,1976.0,0.0,0.0,0.0,6.7,,,,,,,,,,,,
982,"Ikan teri nasi, kering, mentah",Bahan alami,,g,100.0,,,144.0,0.0,32.5,0.6,312.0,0.0,1000.0,3.0,61.0,0.0,0.0,0.0,0.0,0.1,34.5,1000.0,0.0,0.0,0.0,32.4,,,,,,,,,,,,
983,"Ikan Teri, bubuk, mentah",Bahan alami,,g,100.0,,,277.0,1.8,60.0,2.3,0.0,0.0,1209.0,3.0,90.0,0.0,0.0,0.0,0.0,0.1,15.0,1225.0,0.0,0.0,0.0,20.9,,,,,,,,,,,,
984,"Ikan teri, kering, mentah",Bahan alami,,g,100.0,,,170.0,0.0,33.4,3.0,0.0,0.0,1200.0,3.6,64.0,0.0,0.0,0.0,0.0,0.15,37.8,1500.0,0.0,0.0,0.0,25.8,,,,,,,,,,,,
985,"Ikan teri, kering, tawar, mentah",Bahan alami,,g,100.0,,,331.0,0.0,68.7,4.2,0.0,0.0,2381.0,23.4,61.0,0.0,0.0,0.0,0.0,0.1,16.7,1500.0,0.0,0.0,0.0,10.4,,,,,,,,,,,,
986,"Ikan Teri, tepung, mentah",Bahan alami,,g,100.0,,,347.0,19.6,48.8,6.4,0.0,0.0,4608.0,18.6,61.0,0.0,0.0,0.0,0.0,1.12,5.2,1200.0,0.0,0.0,0.0,20.0,,,,,,,,,,,,
987,"Kerang asap, mentah",Bahan alami,,g,100.0,,100.0,393.0,29.4,38.9,13.3,160.0,0.0,420.0,8.5,0.0,0.0,50.0,3.7,1.7,0.3,9.3,410.0,0.0,600.0,0.2,9.1,,,,,,,,,,,,
988,"Kerang, Dendeng, mentah",Bahan alami,,g,100.0,,100.0,357.0,25.6,41.1,10.0,0.0,0.0,217.0,5.2,0.0,0.0,0.0,0.0,0.0,0.27,18.3,904.0,0.0,0.0,0.0,5.0,,,,,,,,,,,,
989,"Rebon kering, mentah",Bahan alami,,g,100.0,,,299.0,3.2,59.4,3.6,0.0,0.0,2306.0,21.4,0.0,0.0,0.0,0.0,0.0,0.6,21.6,625.0,0.0,0.0,0.0,12.2,,,,,,,,,,,,
990,"Rebung laut, mentah",Bahan alami,,g,100.0,,,320.0,63.3,7.2,4.2,20.0,0.0,240.0,6.6,917.0,0.0,1040.0,6.2,0.0,0.0,18.2,570.0,0.0,1500.0,4.9,7.1,,,,,,,,,,,,
991,Sardines dalam kaleng,Bahan alami,,g,100.0,,,338.0,1.0,21.1,27.0,0.0,0.0,354.0,3.5,76.0,0.0,0.0,0.0,0.0,0.1,47.1,434.0,0.0,0.0,0.0,3.8,,,,,,,,,,,,
992,"Teripang, dendeng, mentah",Bahan alami,,g,100.0,,100.0,462.0,3.5,39.1,32.4,0.0,0.0,499.0,96.4,2.0,0.0,0.0,0.0,0.0,1.37,12.5,616.0,0.0,0.0,5.3,12.5,,,,,,,,,,,,
993,"Udang kering, mentah",Bahan alami,,g,100.0,,,278.0,2.2,62.6,4.1,540.0,0.0,760.0,5.2,39.0,0.0,360.0,3.2,0.0,0.0,14.9,510.0,0.0,2400.0,0.1,16.2,,,,,,,,,,,,
994,"Udang papay, mentah",Bahan alami,,g,100.0,,,273.0,12.5,47.8,3.8,651.0,0.0,1109.0,2.4,0.0,0.0,802.0,10.8,0.0,0.0,24.5,789.0,0.0,2600.0,0.0,11.5,,,,,,,,,,,,
995,Abon haruwan,Bahan alami,,g,100.0,,100.0,513.0,21.3,23.7,37.0,61.0,0.0,25.0,0.5,0.0,0.0,15.0,0.2,0.0,0.0,11.6,25.0,0.0,0.0,0.0,6.4,,,,,,,,,,,,
996,Abon ikan,Bahan alami,,g,100.0,,100.0,435.0,36.1,27.2,20.2,0.0,0.0,0.0,0.0,0.0,0.0,0.0,0.0,0.8,0.0,6.4,0.0,0.0,0.0,24.3,10.1,,,,,,,,,,,,
997,"Betok wadi, masakan",Bahan alami,,g,100.0,,,145.0,4.1,16.3,7.0,69.0,0.0,405.0,1.8,0.0,0.0,203.0,1.3,0.0,0.22,69.2,523.0,0.0,1000.0,0.0,3.4,,,,,,,,,,,,
998,"Bou ninahu ndamate, masakan",Bahan alami,,g,100.0,,,79.0,1.1,6.3,1.0,67.0,0.0,0.0,0.0,691.0,0.0,0.0,0.0,0.0,0.1,79.5,0.0,0.0,0.0,0.1,2.1,,,,,,,,,,,,
999,"Bouiki ninahu nggaluku, masakan",Bahan alami,,g,100.0,,,94.0,10.8,7.8,2.2,58.0,0.0,0.0,0.0,0.0,0.0,179.4,1.5,0.03,0.5,73.9,0.0,0.0,0.0,2.4,5.3,,,,,,,,,,,,
1000,Cakalang asar (asap),Bahan alami,,g,100.0,,,155.0,10.2,20.1,3.8,90.0,0.0,20.0,2.1,86.0,0.0,390.0,0.1,0.7,0.0,64.3,240.0,0.0,300.0,0.2,1.6,,,,,,,,,,,,
1001,"Dendeng belut goreng, masakan",Bahan alami,,g,100.0,,,382.0,8.0,55.7,14.1,0.0,0.0,1069.0,15.4,28.0,0.0,0.0,0.0,0.0,0.48,8.2,654.0,0.0,0.0,0.0,14.0,,,,,,,,,,,,
1002,"Dendeng mujahir goreng, masakan",Bahan alami,,g,100.0,,,598.0,9.2,74.3,26.9,0.0,0.0,1957.0,7.4,18.0,0.0,0.0,0.0,0.0,0.19,6.5,1447.0,0.0,0.0,0.0,13.1,,,,,,,,,,,,
1003,Fillet o-fish,Bahan alami,,g,100.0,,,270.0,19.3,12.3,15.9,439.0,0.2,239.0,1.8,34.0,0.0,0.0,0.0,0.0,0.59,51.0,272.0,0.0,0.0,0.0,1.5,,,,,,,,,,,,
1004,"Gete kuah asam, masakan",Bahan alami,,g,100.0,,,75.0,6.0,8.2,2.0,260.0,0.0,1620.0,0.8,0.0,0.0,150.0,1.5,0.0,0.0,80.1,880.0,0.0,100.0,0.1,3.8,,,,,,,,,,,,
1005,"Gulai asam keueung, masakan",Bahan alami,,g,100.0,,,52.0,1.8,10.0,0.5,332.0,0.0,62.0,0.3,0.0,0.0,141.0,1.0,0.34,0.18,86.0,102.0,0.0,0.0,0.0,1.7,,,,,,,,,,,,
1006,"Gulai ikan, masakan",Bahan alami,,g,100.0,,,106.0,2.5,16.5,3.3,743.0,0.0,306.0,4.8,86.0,0.0,0.0,0.0,0.0,0.32,75.7,196.0,0.0,0.0,0.0,2.0,,,,,,,,,,,,
1007,"Gulai ikan paya, masakan",Bahan alami,,g,100.0,,,148.0,5.0,10.0,9.8,525.0,0.0,103.0,0.7,0.0,0.0,256.0,0.9,0.02,0.26,72.1,82.0,0.0,100.0,0.0,3.1,,,,,,,,,,,,
1008,"Gulai keumamah, masakan",Bahan alami,,g,100.0,,100.0,110.0,3.2,5.9,8.2,335.0,0.0,32.0,1.0,0.0,0.0,121.0,0.9,0.04,0.33,81.4,96.0,0.0,200.0,0.0,1.3,,,,,,,,,,,,
1009,"Gulai tiram, masakan",Bahan alami,,g,100.0,,,132.0,7.8,9.0,7.2,285.0,0.0,53.0,3.7,389.0,0.0,133.0,0.7,0.12,0.29,73.1,134.0,0.0,1100.0,0.0,2.9,,,,,,,,,,,,
1010,"Gurame asem manis, masakan",Bahan alami,,g,100.0,,,192.0,12.7,12.7,10.1,0.0,0.0,283.0,1.1,19.0,0.0,0.0,0.0,0.0,0.1,63.1,169.0,0.0,0.0,0.0,2.4,,,,,,,,,,,,
1011,"Ikan asar merah, masakan",Bahan alami,,g,100.0,,,146.0,5.6,17.7,5.9,170.0,0.0,100.0,4.0,224.0,0.0,310.0,1.4,0.0,0.0,69.2,240.0,0.0,300.0,0.0,1.6,,,,,,,,,,,,
1012,"Jambal goreng, masakan",Bahan alami,,g,100.0,,,286.0,2.3,48.5,9.2,0.0,0.0,207.0,3.3,109.0,0.0,0.0,0.0,0.0,0.4,13.4,457.0,0.0,0.0,3.06,26.6,,,,,,,,,,,,
1013,"Jukku pallu kaloa, masakan",Bahan alami,,g,100.0,,,15.0,8.8,15.2,4.3,605.0,0.0,40.0,1.1,0.0,0.0,153.0,1.1,0.14,0.3,69.4,170.0,0.0,600.0,7.5,2.3,,,,,,,,,,,,
1014,"Kaholeo, masakan",Bahan alami,,g,100.0,,,413.0,29.8,28.7,19.8,0.0,0.0,909.0,0.0,4236.0,0.0,1171.0,3.1,0.03,1.34,11.2,1291.0,0.0,100.0,5.7,10.5,,,,,,,,,,,,
1015,"Lawara penjah, masakan",Bahan alami,,g,100.0,,100.0,207.0,9.6,7.4,15.4,683.0,0.0,114.0,5.9,0.0,14.0,117.0,0.7,0.04,0.19,64.5,219.0,38.0,500.0,0.0,2.9,,,,,,,,,,,,
1016,"Model, masakan",Bahan alami,,g,100.0,,,79.0,8.6,2.2,4.0,147.0,0.0,8.0,0.8,0.0,0.0,34.0,0.5,0.02,0.16,83.9,33.0,0.0,100.0,0.0,1.3,,,,,,,,,,,,
1017,"Mujahir acar kuning, masakan",Bahan alami,,g,100.0,,,330.0,12.1,17.8,23.4,0.0,1.1,154.0,5.3,24.0,0.0,0.0,0.0,0.0,0.15,43.1,357.0,0.0,0.0,0.0,4.6,,,,,,,,,,,,
1018,"Parede baleh, masakan",Bahan alami,,g,100.0,,,87.0,5.5,10.5,2.5,416.0,0.0,35.0,0.9,0.0,0.0,59.0,0.2,0.0,0.24,80.0,215.0,0.0,100.0,0.7,1.5,,,,,,,,,,,,
1019,"Pempek adaan, masakan",Bahan alami,,g,100.0,,,162.0,27.8,4.9,3.0,488.0,0.0,26.0,1.0,0.0,0.0,119.0,0.2,0.03,0.3,62.6,116.0,0.0,100.0,1.0,1.7,,,,,,,,,,,,
1020,"Pempek belida, masakan",Bahan alami,,g,100.0,,,156.0,31.6,4.2,1.4,0.0,0.2,100.0,3.3,0.0,0.0,0.0,0.0,0.0,0.03,61.4,55.0,0.0,0.0,0.0,1.4,,,,,,,,,,,,
1021,"Pempek kapal selam, masakan",Bahan alami,,g,100.0,,,152.0,28.2,4.5,2.3,628.0,0.0,19.0,1.6,0.0,0.0,91.0,0.2,0.03,0.2,63.4,115.0,0.0,100.0,1.0,1.6,,,,,,,,,,,,
1022,"Pempek kelesan, masakan",Bahan alami,,g,100.0,,,211.0,26.6,12.3,6.1,0.0,0.4,840.0,1.8,14.0,0.0,0.0,0.0,0.0,0.25,53.0,176.0,0.0,0.0,0.0,2.0,,,,,,,,,,,,
1023,"Pempek kulit, masakan",Bahan alami,,g,100.0,,,243.0,39.1,5.2,7.3,555.0,0.0,16.0,2.0,0.0,0.0,102.0,0.6,0.02,0.2,45.7,96.0,0.0,100.0,0.9,2.7,,,,,,,,,,,,
1024,"Pempek telur, masakan",Bahan alami,,g,100.0,,,156.0,28.3,4.7,2.7,448.0,0.0,13.0,1.3,0.0,0.0,48.0,0.6,0.05,0.2,62.4,83.0,0.0,100.0,1.1,1.9,,,,,,,,,,,,
1025,"Pempek tenggiri, masakan",Bahan alami,,g,100.0,,,173.0,33.4,7.2,1.2,0.0,0.2,164.0,3.1,0.0,0.0,0.0,0.0,0.0,0.02,56.3,80.0,0.0,0.0,0.0,1.9,,,,,,,,,,,,
1026,"Pencok lele, masakan",Bahan alami,,g,100.0,,,372.0,3.5,7.8,36.3,0.0,0.0,289.0,5.3,64.0,0.0,0.0,0.0,0.0,0.12,47.5,295.0,0.0,0.0,0.0,4.9,,,,,,,,,,,,
1027,Pinda,Bahan alami,,g,100.0,,,107.0,0.4,15.9,0.6,526.0,0.0,375.0,1.9,896.0,0.0,330.0,1.0,0.05,0.89,71.0,336.0,0.0,200.0,0.5,3.1,,,,,,,,,,,,
1028,"Pindang kenari, masakan",Bahan alami,,g,100.0,,,124.0,0.0,9.5,9.6,370.0,0.0,120.0,1.3,18.0,0.0,270.0,1.2,0.0,0.0,80.1,220.0,381.0,300.0,0.1,2.8,,,,,,,,,,,,
1029,"Saboko gurita, masakan",Bahan alami,,g,100.0,,,87.0,2.6,15.7,1.5,200.0,0.0,60.0,2.1,38.0,0.0,180.0,4.0,0.0,0.0,76.2,14.0,0.0,900.0,0.0,4.1,,,,,,,,,,,,
1030,"Saboko saltan, masakan",Bahan alami,,g,100.0,,,113.0,3.0,17.1,3.6,40.0,0.0,240.0,0.5,27.0,0.0,350.0,0.6,0.0,0.0,76.0,60.0,0.0,200.0,0.1,0.3,,,,,,,,,,,,
1031,"Saboko sardin, masakan",Bahan alami,,g,100.0,,,110.0,4.9,12.9,4.3,200.0,0.0,220.0,6.0,37.0,0.0,280.0,3.9,0.0,0.0,70.0,520.0,0.0,200.0,0.0,7.9,,,,,,,,,,,,
1032,Sate bandeng,Bahan alami,,g,100.0,,82.0,283.0,20.9,12.1,16.8,543.0,2.0,118.0,1.2,0.0,0.0,199.0,0.9,0.02,0.02,47.1,186.0,0.0,200.0,0.0,3.1,,,,,,,,,,,,
1033,"Sepi, masakan",Bahan alami,,g,100.0,,,88.0,10.6,7.9,1.6,873.0,0.0,924.0,2.3,783.0,0.0,258.0,1.1,0.0,0.0,66.1,350.0,0.0,1000.0,0.0,13.8,,,,,,,,,,,,
1034,"Tekwan, masakan",Bahan alami,,g,100.0,,,53.0,9.4,1.9,0.9,173.6,0.0,9.0,1.0,99.0,0.0,42.0,0.0,0.02,0.1,86.7,41.0,0.0,0.0,0.4,1.1,,,,,,,,,,,,
1035,"Teri belado, masakan",Bahan alami,,g,100.0,,,365.0,17.5,23.7,22.3,0.0,0.0,869.0,4.0,27.0,0.0,0.0,0.0,0.0,0.13,25.8,348.0,0.0,0.0,0.0,10.9,,,,,,,,,,,,
1036,"Tumis bandeng, masakan",Bahan alami,,g,100.0,,,189.0,0.6,11.3,15.7,314.0,0.0,56.0,0.4,579.0,0.0,280.0,0.7,0.02,0.46,70.5,129.0,0.0,100.0,0.0,1.9,,,,,,,,,,,,
1037,Tumis keumamah,Bahan alami,,g,100.0,,100.0,300.0,15.5,14.5,20.0,0.0,4.5,0.0,0.0,0.0,7.0,0.0,0.0,0.04,0.63,45.7,0.0,8.0,0.0,0.0,4.3,,,,,,,,,,,,
1038,"Telur ayam kampung, segar",Bahan alami,,g,100.0,,87.0,174.0,1.2,10.8,14.0,190.0,0.0,68.0,4.9,203.0,0.0,141.0,1.5,0.62,0.78,73.1,268.0,23.0,600.0,0.2,0.9,,,,,,,,,,,,
1039,"Telur ayam ras / telor ayam ras , segar",Bahan alami,,g,100.0,,89.0,154.0,0.7,12.4,10.8,142.0,0.0,86.0,3.0,61.0,0.0,118.5,1.0,0.38,0.12,74.3,258.0,22.0,160.0,0.2,0.8,,,,,,,,,,,,
1040,"Telur ayam ras bagian kuning, segar",Bahan alami,,g,100.0,,100.0,355.0,0.7,16.3,31.9,111.0,0.0,147.0,7.2,606.0,0.0,107.5,2.5,0.51,0.27,49.4,586.0,63.0,200.0,0.2,1.7,,,,,,,,,,,,
1041,"Telur ayam ras bagian putih, segar",Bahan alami,,g,100.0,,100.0,50.0,0.8,10.8,0.0,164.0,0.0,6.0,0.2,0.0,0.0,138.5,0.4,0.26,0.0,87.8,17.0,0.0,30.0,0.4,0.6,,,,,,,,,,,,
1042,"Telur bebek albino, segar",Bahan alami,,g,100.0,,90.0,187.0,3.0,11.8,14.2,115.0,0.0,60.0,6.0,180.0,0.0,80.0,1.7,0.37,1.55,70.0,268.0,437.0,600.0,0.1,1.0,,,,,,,,,,,,
1043,"Telur bebek bagian kuning, segar",Bahan alami,,g,100.0,,100.0,386.0,0.8,17.0,35.0,106.0,0.0,150.0,7.0,870.0,0.0,90.7,2.5,0.68,0.6,47.0,400.0,747.0,90.0,1.4,0.2,,,,,,,,,,,,
1044,"Telur bebek bagian putih, segar",Bahan alami,,g,100.0,,100.0,54.0,0.8,11.0,0.0,184.0,0.0,21.0,0.1,0.0,0.0,150.2,0.1,0.02,0.01,88.0,20.0,0.0,130.0,0.1,0.2,,,,,,,,,,,,
1045,"Telur bebek tambak, segar",Bahan alami,,g,100.0,,90.0,187.0,7.9,10.9,12.4,209.0,0.0,64.0,5.4,378.0,0.0,146.0,1.8,0.03,1.62,67.7,295.0,471.0,400.0,0.1,1.1,,,,,,,,,,,,
1046,"Telur burung maleo, segar",Bahan alami,,g,100.0,,,436.0,0.4,26.5,36.3,77.0,0.0,154.0,4.3,3987.0,0.0,333.0,2.9,1.0,0.0,36.0,120.0,0.0,400.0,0.2,0.8,,,,,,,,,,,,
1047,"Telur penyu, segar",Bahan alami,,g,100.0,,90.0,136.0,2.7,8.6,10.1,478.0,0.0,66.0,3.4,82.0,0.0,115.0,1.4,0.02,0.21,7.4,282.0,17.0,500.0,0.0,1.2,,,,,,,,,,,,
1048,"Telur burung puyuh, segar",Bahan alami,,g,100.0,,100.0,116.0,1.6,10.7,7.0,111.0,0.0,65.0,3.5,95.0,0.0,11.0,1.2,0.65,0.13,79.8,191.0,80.0,50.0,0.1,0.9,,,,,,,,,,,,
1049,"Telur ayam dadar, masakan",Bahan alami,,g,100.0,,100.0,251.0,1.4,16.3,19.4,0.0,0.0,62.0,2.5,36.0,0.0,0.0,0.0,0.0,0.21,61.9,250.0,0.0,0.0,0.0,1.0,,,,,,,,,,,,
1050,"Telur bebek, asin, mentah",Bahan alami,,g,100.0,,83.0,179.0,4.4,13.6,13.3,483.0,0.0,120.0,1.8,253.0,0.0,140.1,0.0,0.98,0.28,66.5,157.0,13.0,0.0,0.6,2.2,,,,,,,,,,,,
1051,"Telur bebek dadar, masakan",Bahan alami,,g,100.0,,100.0,301.0,0.0,20.0,23.7,0.0,0.0,71.0,9.2,122.0,0.0,0.0,0.0,0.0,0.35,55.1,600.0,0.0,0.0,0.0,1.2,,,,,,,,,,,,
1052,"Ikan, telur, asin, mentah",Bahan alami,,g,100.0,,100.0,358.0,9.4,20.7,26.4,2684.0,0.0,48.0,15.1,1866.0,0.0,59.0,3.0,0.54,0.21,37.8,311.0,0.0,400.0,2.1,5.7,,,,,,,,,,,,
1053,"Bayau mi balu, masakan",Bahan alami,,g,100.0,,100.0,313.0,44.8,6.0,12.2,0.0,0.0,0.0,0.0,783.0,0.0,0.0,0.0,0.27,0.14,36.1,0.0,89.0,0.0,9.7,0.9,,,,,,,,,,,,
1054,"Cucuru bayau, masakan",Bahan alami,,g,100.0,,100.0,349.0,38.3,6.8,18.7,0.0,0.0,0.0,0.0,0.0,0.0,0.0,0.0,0.25,0.06,35.0,0.0,123.0,0.0,0.0,1.2,,,,,,,,,,,,
1055,"Kelio telur, masakan",Bahan alami,,g,100.0,,100.0,193.0,9.7,10.6,12.4,540.0,0.0,148.0,3.8,160.0,0.0,0.0,0.0,0.0,0.44,79.0,246.0,0.0,0.0,0.0,1.4,,,,,,,,,,,,
1056,"Kepala susu - krim, segar",Bahan alami,,g,100.0,,100.0,204.0,4.0,2.6,20.0,0.0,0.0,97.0,0.1,252.0,1.0,0.0,0.0,0.2,0.03,75.2,77.0,191.0,0.0,0.1,0.9,,,,,,,,,,,,
1057,Susu ibu - ASI,Bahan alami,,g,100.0,,100.0,62.0,7.0,1.5,3.2,15.0,0.0,34.0,0.2,0.0,0.0,41.0,0.4,0.03,0.01,88.1,20.0,7.0,10.0,0.2,0.2,,,,,,,,,,,,
1058,"Susu kambing, segar",Bahan alami,,g,100.0,,100.0,64.0,6.6,4.3,2.3,35.0,0.0,98.0,2.7,38.0,1.0,160.0,0.1,0.45,0.06,85.9,78.0,0.0,330.0,0.3,0.9,,,,,,,,,,,,
1059,"Susu kerbau, segar",Bahan alami,,g,100.0,,100.0,160.0,7.1,6.3,12.0,82.0,0.0,216.0,0.2,24.0,1.0,0.0,0.3,0.07,0.04,73.8,101.0,0.0,0.0,0.0,0.8,,,,,,,,,,,,
1060,"Susu kuda, segar",Bahan alami,,g,100.0,,100.0,40.0,5.4,2.0,1.1,0.0,0.0,0.0,0.0,0.0,0.0,37.4,0.0,0.2,0.0,91.0,0.0,1.0,0.0,0.2,0.4,,,,,,,,,,,,
1061,"Susu sapi, segar",Bahan alami,,g,100.0,,100.0,61.0,4.3,3.2,3.5,36.0,0.0,143.0,1.7,39.0,1.0,149.0,0.3,0.18,0.03,88.3,60.0,12.0,20.0,0.2,0.7,,,,,,,,,,,,
1062,Es krim,Bahan alami,,g,100.0,,100.0,210.0,20.6,4.0,12.5,78.0,0.0,123.0,0.1,158.0,1.0,193.4,0.7,0.23,0.04,62.1,99.0,0.0,0.0,0.1,0.8,,,,,,,,,,,,
1063,Hangop/Butter milk/Whey,Bahan alami,,g,100.0,,100.0,65.0,3.5,10.0,1.0,126.0,0.0,180.0,0.2,0.0,0.0,374.4,0.0,0.43,0.03,84.0,190.0,22.0,0.0,0.2,1.5,,,,,,,,,,,,
1064,Keju,Bahan alami,,g,100.0,,100.0,326.0,13.1,22.8,20.3,1410.0,0.0,777.0,1.5,227.0,1.0,82.7,3.1,0.37,0.01,38.5,338.0,128.0,30.0,0.1,5.3,,,,,,,,,,,,
1065,Kwark / Bagot,Bahan alami,,g,100.0,,100.0,242.0,3.0,19.0,17.0,37.0,0.0,300.0,0.5,173.0,0.0,72.7,0.2,0.38,0.03,59.0,350.0,0.0,10.0,0.0,2.0,,,,,,,,,,,,
1066,"Susu asam untuk bayi, bubuk",Bahan alami,,g,100.0,,100.0,418.0,65.5,19.0,9.0,188.0,0.0,800.0,7.0,303.0,30.0,486.5,0.0,1.31,1.0,2.5,600.0,83.0,0.0,0.7,4.0,,,,,,,,,,,,
1067,Susu Bubuk,Bahan alami,,g,100.0,,100.0,513.0,36.2,24.6,30.0,380.0,0.0,904.0,0.6,476.0,6.0,1330.0,4.1,1.39,0.29,3.5,694.0,118.0,20.0,1.6,5.7,,,,,,,,,,,,
1068,Susu kental manis,Bahan alami,,g,100.0,,100.0,343.0,55.0,8.2,10.0,150.0,0.0,275.0,0.2,155.0,1.0,320.0,1.0,0.43,0.05,25.0,209.0,46.0,20.0,0.4,1.8,,,,,,,,,,,,
1069,Susu kental tak manis,Bahan alami,,g,100.0,,100.0,138.0,9.9,7.0,7.9,140.0,0.0,243.0,0.2,121.0,1.0,303.0,0.0,0.0,0.05,73.7,195.0,0.0,0.0,0.0,1.5,,,,,,,,,,,,
1070,Susu skim Bubuk,Bahan alami,,g,100.0,,100.0,359.0,52.0,35.6,1.0,470.0,0.0,1300.0,0.6,0.0,7.0,1745.0,4.1,1.05,0.35,3.5,1030.0,10.0,40.0,0.0,7.9,,,,,,,,,,,,
1071,"Susu skim, segar",Bahan alami,,g,100.0,,100.0,36.0,5.1,3.5,0.1,38.0,0.0,123.0,0.1,0.0,1.0,0.0,0.0,0.0,0.04,90.5,97.0,0.0,0.0,0.0,0.8,,,,,,,,,,,,
1072,"Yoghurt, segar",Bahan alami,,g,100.0,,100.0,52.0,4.0,3.3,2.5,40.0,0.0,120.0,0.1,22.0,0.0,299.0,0.6,0.1,0.04,88.0,90.0,10.0,10.0,0.2,2.2,,,,,,,,,,,,
1073,"Kelapa setengah tua, daging, segar",Bahan alami,,g,100.0,,53.0,180.0,10.0,4.0,15.0,4.0,2.4,8.0,1.3,0.0,4.0,317.7,2.9,0.01,0.1,70.0,55.0,0.0,300.0,0.1,1.0,,,,,,,,,,,,
1074,"Kelapa tua, daging, segar",Bahan alami,,g,100.0,,53.0,359.0,14.0,3.4,34.7,3.0,4.7,21.0,2.0,0.0,2.0,293.9,1.1,0.0,0.1,46.9,98.0,0.0,400.0,0.0,1.0,,,,,,,,,,,,
1075,Lemak babi (lard),Bahan alami,,g,100.0,,100.0,902.0,0.0,0.0,100.0,0.0,0.0,0.0,0.0,0.0,0.0,0.0,0.1,0.0,0.0,0.0,0.0,0.0,9000.0,0.0,0.0,,,,,,,,,,,,
1076,Lemak babi (bacon),Bahan alami,,g,100.0,,100.0,626.0,1.1,9.1,65.0,0.0,0.0,13.0,0.8,0.0,0.0,0.0,0.9,0.0,0.4,20.0,108.0,0.0,0.0,0.0,4.8,,,,,,,,,,,,
1077,Lemak ikan,Bahan alami,,g,100.0,,100.0,372.0,14.4,12.0,29.4,60.0,0.0,20.0,32.7,0.0,0.0,52.0,1.1,0.13,0.5,43.3,230.0,0.0,400.0,0.0,0.3,,,,,,,,,,,,
1078,Lemak kerbau (lemak sapi),Bahan alami,,g,100.0,,100.0,818.0,0.0,1.5,90.0,29.0,0.0,0.0,0.0,0.0,0.0,25.8,0.0,0.0,0.0,5.0,0.0,283.0,0.0,0.7,3.5,,,,,,,,,,,,
1079,Minyak hati hiu,Bahan alami,,g,100.0,,100.0,902.0,0.0,0.0,100.0,0.0,0.0,0.0,0.0,21212.0,0.0,0.0,0.0,0.0,0.0,0.0,0.0,0.0,0.0,0.0,0.0,,,,,,,,,,,,
1080,Minyak ikan,Bahan alami,,g,100.0,,100.0,902.0,0.0,0.0,100.0,0.0,0.0,0.0,0.0,24242.0,0.0,0.0,0.0,0.0,0.0,0.0,0.0,0.0,0.0,0.0,0.0,,,,,,,,,,,,
1081,Minyak kacang tanah,Bahan alami,,g,100.0,,100.0,902.0,0.0,0.0,100.0,0.0,0.0,0.0,0.0,0.0,0.0,0.0,0.0,0.0,0.0,0.0,0.0,0.0,0.0,0.0,0.0,,,,,,,,,,,,
1082,Minyak kedele,Bahan alami,,g,100.0,,100.0,883.0,0.0,0.0,99.9,0.0,0.0,0.0,0.0,0.0,0.0,0.1,0.0,0.0,0.0,0.1,0.0,0.0,0.0,0.0,0.0,,,,,,,,,,,,
1083,Minyak kelapa,Bahan alami,,g,100.0,,100.0,870.0,0.0,1.0,98.0,0.0,0.0,0.0,0.0,0.0,0.0,0.0,0.0,0.0,0.0,0.0,0.0,0.0,0.0,0.0,1.0,,,,,,,,,,,,
1084,Minyak goreng kelapa sawit,Bahan alami,,g,100.0,,100.0,884.0,0.0,0.0,100.0,0.0,0.0,0.0,0.0,0.0,0.0,0.0,0.0,0.0,0.0,0.0,0.0,18181.0,0.0,0.0,0.0,,,,,,,,,,,,
1085,Minyak wijen,Bahan alami,,g,100.0,,100.0,881.0,0.0,0.2,99.7,2.0,0.0,10.0,0.1,0.0,0.0,20.0,0.0,0.07,0.0,0.1,5.0,0.0,0.0,0.1,0.0,,,,,,,,,,,,
1086,Minyak zaitun,Bahan alami,,g,100.0,,100.0,884.0,0.0,0.0,100.0,7.0,0.0,14.0,1.2,0.0,0.0,0.0,0.0,0.0,0.0,0.0,0.0,0.0,0.0,5.0,0.0,,,,,,,,,,,,
1087,Margarine,Bahan alami,,g,100.0,,100.0,720.0,0.4,0.6,81.0,760.0,0.0,20.0,0.0,606.0,0.0,25.9,0.0,0.0,0.0,15.5,16.0,633.0,0.0,0.0,2.5,,,,,,,,,,,,
1088,Mentega,Bahan alami,,g,100.0,,100.0,742.0,1.4,0.5,81.6,653.0,0.0,15.0,1.1,1000.0,0.0,103.0,0.4,0.0,0.0,16.0,16.0,155.0,0.0,0.0,1.9,,,,,,,,,,,,
1089,Santan (dengan air),Bahan alami,,g,100.0,,100.0,122.0,7.6,2.0,10.0,9.0,1.4,25.0,0.1,0.0,2.0,162.4,0.4,0.0,0.0,80.0,30.0,0.0,200.0,0.5,0.4,,,,,,,,,,,,
1090,Santan murni,Bahan alami,,g,100.0,,100.0,324.0,5.6,4.2,34.3,18.0,0.0,14.0,1.9,0.0,2.0,514.1,0.9,0.0,0.0,54.9,45.0,0.0,400.0,0.5,1.0,,,,,,,,,,,,
1091,Coklat manis batang,Bahan alami,,g,100.0,,100.0,527.0,62.7,2.0,29.8,6.0,6.5,63.0,2.8,0.0,0.0,499.5,0.0,0.02,0.03,1.4,287.0,0.0,0.0,0.0,4.1,,,,,,,,,,,,
1092,Coklat pahit batang,Bahan alami,,g,100.0,,100.0,615.0,29.2,5.5,42.6,20.0,10.8,98.0,4.4,0.0,0.0,708.3,3.3,0.08,0.05,2.3,446.0,2.0,1700.0,1.0,10.1,,,,,,,,,,,,
1093,Coklat susu batang,Bahan alami,,g,100.0,,100.0,565.0,53.6,9.0,35.0,100.0,3.4,200.0,2.0,0.0,0.0,405.5,2.3,0.45,0.08,1.0,200.0,54.0,490.0,0.5,1.4,,,,,,,,,,,,
1094,Coklat bubuk,Bahan alami,,g,100.0,,,311.0,48.9,8.0,4.0,0.0,32.6,125.0,11.6,0.0,0.0,0.0,0.0,0.0,0.12,3.9,715.0,0.0,0.0,0.6,15.4,,,,,,,,,,,,
1095,Gula aren / gula merah,Bahan alami,,g,100.0,,100.0,368.0,92.0,0.0,0.0,15.0,0.0,75.0,3.0,0.0,0.0,390.4,26.4,0.01,0.0,7.0,35.0,0.0,40.0,0.5,1.0,,,,,,,,,,,,
1096,Gula kelapa,Bahan alami,,g,100.0,,100.0,386.0,76.0,3.0,10.0,2.0,0.0,76.0,2.6,0.0,0.0,0.0,0.0,0.34,0.0,10.0,37.0,0.0,0.0,0.5,1.0,,,,,,,,,,,,
1097,Gula putih / Gula Pasir,Bahan alami,,g,100.0,,100.0,394.0,94.0,0.0,0.0,1.0,0.0,5.0,0.1,0.0,0.0,4.75,0.0,0.0,0.0,5.4,1.0,0.0,0.0,0.0,0.6,,,,,,,,,,,,
1098,"Jam, selai",Bahan alami,,g,100.0,,100.0,239.0,64.5,0.5,0.6,30.0,1.0,20.0,1.0,0.0,0.0,73.1,0.0,0.07,0.01,34.0,20.0,0.0,90.0,0.0,0.4,,,,,,,,,,,,
1099,Kopi bubuk instan,Bahan alami,,g,100.0,,100.0,129.0,35.0,12.3,0.5,72.0,0.0,179.0,5.6,0.0,0.0,3256.0,0.0,0.21,0.0,2.6,383.0,0.0,140.0,30.6,9.7,,,,,,,,,,,,
1100,Madu,Bahan alami,,g,100.0,,100.0,294.0,79.5,0.3,0.0,6.0,0.2,5.0,0.9,0.0,4.0,26.9,0.2,0.04,0.0,20.0,16.0,0.0,40.0,0.1,0.2,,,,,,,,,,,,
1101,Markisa squash,Bahan alami,,g,100.0,,,217.0,49.6,2.5,1.0,14.0,0.0,6.0,0.6,0.0,14.0,65.0,0.1,0.02,0.07,46.7,83.0,23.0,0.0,0.0,0.2,,,,,,,,,,,,
1102,"Markisa squash, BD",Bahan alami,,g,100.0,,,104.0,23.7,1.2,0.5,40.0,0.0,1.0,0.5,0.0,12.0,40.0,0.1,0.02,0.2,74.4,88.0,7.0,0.0,0.0,0.2,,,,,,,,,,,,
1103,Malase,Bahan alami,,g,100.0,,100.0,276.0,71.0,0.0,0.1,14.0,0.0,6.0,0.6,0.0,0.0,0.0,0.3,0.0,0.04,21.2,83.0,0.0,0.0,0.0,7.7,,,,,,,,,,,,
1104,Sirup,Bahan alami,,g,100.0,,100.0,213.0,55.0,0.0,0.0,3.0,0.0,0.0,0.0,0.0,0.0,4.2,0.0,0.0,0.0,44.0,0.0,0.0,0.0,0.0,1.0,,,,,,,,,,,,
1105,Sirup pirous,Bahan alami,,g,100.0,,,228.0,55.9,0.2,0.4,3.0,0.0,470.0,29.5,0.0,8.0,4.2,0.0,0.0,0.0,43.3,93.0,0.0,0.0,0.0,0.2,,,,,,,,,,,,
1106,Teh hijau daun kering,Bahan alami,,g,100.0,,100.0,300.0,53.6,28.3,4.8,60.0,9.6,245.0,18.9,0.0,230.0,5873.9,0.0,1.24,0.38,7.7,415.0,8400.0,500.0,4.6,5.6,,,,,,,,,,,,
1107,Teh hitam daun kering,Bahan alami,,g,100.0,,100.0,293.0,58.8,24.5,2.8,50.0,8.7,327.0,24.3,0.0,9.0,5854.8,0.0,0.8,0.07,8.0,313.0,2700.0,0.0,7.6,5.9,,,,,,,,,,,,
1108,Teh melati daun kering,Bahan alami,,g,100.0,,100.0,299.0,59.0,24.1,3.5,70.0,9.7,320.0,31.6,0.0,85.0,5848.4,0.0,0.79,0.07,8.1,185.0,8400.0,530.0,7.3,5.3,,,,,,,,,,,,
1109,"Asam arang coklat, segar",Bahan alami,,g,100.0,,,130.0,30.9,0.5,1.1,13.0,1.5,79.0,4.3,0.0,0.0,0.0,0.0,0.2,0.01,66.1,113.0,745.0,0.0,0.0,1.4,,,,,,,,,,,,
1110,"Asam arang merah, segar",Bahan alami,,g,100.0,,,99.0,20.3,0.8,1.6,2.0,2.8,69.0,4.6,0.0,0.0,96.0,0.1,0.34,0.01,75.9,300.0,529.0,0.0,1.6,1.4,,,,,,,,,,,,
1111,Asam kandis kering,Bahan alami,,g,100.0,,100.0,261.0,63.3,0.9,1.6,26.0,5.0,192.0,4.4,0.0,0.0,341.0,0.3,0.0,0.0,32.2,657.0,0.0,400.0,0.4,2.0,,,,,,,,,,,,
1112,Asam kandis segar,Bahan alami,,g,100.0,,,75.0,16.1,0.2,1.1,93.0,3.4,63.0,2.5,0.0,0.0,93.0,0.1,0.0,0.01,81.5,139.0,41.0,100.0,0.1,1.1,,,,,,,,,,,,
1113,"Asam masak pohon, segar",Bahan alami,,g,100.0,,48.0,267.0,62.5,2.8,0.6,9.0,1.2,74.0,0.6,0.0,2.0,139.0,0.1,0.04,0.34,31.4,113.0,9.0,90.0,0.7,2.7,,,,,,,,,,,,
1114,"Asam payak, segar",Bahan alami,,g,100.0,,,135.0,32.1,0.8,0.4,0.0,10.0,60.0,5.7,0.0,0.0,0.0,0.0,0.0,0.0,65.1,39.0,0.0,0.0,0.0,1.6,,,,,,,,,,,,
1115,"Bawang merah, segar",Bahan alami,,g,100.0,,90.0,46.0,9.2,1.5,0.3,7.0,1.7,36.0,0.8,0.0,2.0,179.0,0.2,0.04,0.03,88.0,40.0,2.0,60.0,0.2,1.0,,,,,,,,,,,,
1116,"Bawang putih, segar",Bahan alami,,g,100.0,,88.0,112.0,21.3,4.5,0.2,46.0,0.6,42.0,1.0,0.0,15.0,666.0,0.4,0.07,0.22,71.0,134.0,0.0,90.0,0.3,1.8,,,,,,,,,,,,
1117,"Boros kunci, segar",Bahan alami,,g,100.0,,80.0,40.0,7.2,1.0,0.8,33.0,1.0,50.0,2.0,0.0,50.0,480.0,0.3,0.68,0.08,90.0,50.0,0.0,20.0,1.7,1.0,,,,,,,,,,,,
1118,"Lengkuas/Boros laja, segar",Bahan alami,,g,100.0,,80.0,26.0,4.7,1.0,0.3,24.0,1.1,50.0,2.0,0.0,50.0,137.0,0.3,0.06,0.08,93.0,50.0,5.0,70.0,0.3,1.0,,,,,,,,,,,,
1119,"Cabai gembor merah, segar",Bahan alami,,g,100.0,,89.0,38.0,6.3,1.6,0.8,7.0,1.6,49.0,1.1,0.0,16.0,275.0,0.2,0.12,0.21,90.8,41.0,5897.0,120.0,0.0,0.6,,,,,,,,,,,,
1120,Cabai hijau segar,Bahan alami,,g,100.0,,82.0,26.0,5.2,0.7,0.3,7.0,2.6,14.0,0.4,0.0,84.0,151.0,0.2,0.06,0.05,93.4,23.0,44.0,80.0,0.4,0.4,,,,,,,,,,,,
1121,Cabai merah kering,Bahan alami,,g,100.0,,85.0,367.0,61.8,15.9,6.2,25.0,26.9,160.0,2.3,0.0,50.0,181.5,1.8,1.36,0.4,10.0,370.0,10955.0,1200.0,4.4,6.1,,,,,,,,,,,,
1122,Cabai merah segar,Bahan alami,,g,100.0,,85.0,36.0,7.3,1.0,0.3,23.0,1.4,29.0,0.5,0.0,18.0,272.4,0.2,0.09,0.05,90.9,24.0,5833.0,120.0,3.0,0.5,,,,,,,,,,,,
1123,Cabai rawit segar,Bahan alami,,g,100.0,,85.0,120.0,19.9,4.7,2.4,34.0,15.2,45.0,2.5,0.0,70.0,706.2,0.6,0.09,0.24,71.2,85.0,1694.0,290.0,1.7,1.8,,,,,,,,,,,,
1124,Cengkeh kering,Bahan alami,,g,100.0,,100.0,330.0,57.4,5.2,8.9,282.0,10.0,740.0,4.9,0.0,0.0,961.0,0.0,0.0,200.0,23.3,100.0,265.0,300.0,0.0,5.2,,,,,,,,,,,,
1125,Daun salam kering bubuk,Bahan alami,,g,100.0,,100.0,301.0,49.0,14.2,10.9,180.0,9.4,86.0,44.1,0.0,0.0,619.0,0.7,0.32,0.1,13.1,250.0,5400.0,1310.0,5.0,12.8,,,,,,,,,,,,
1126,"Jahe, segar",Bahan alami,,g,100.0,,97.0,51.0,10.1,1.5,1.0,12.0,12.0,21.0,1.6,0.0,4.0,441.7,0.7,0.17,0.02,55.0,39.0,0.0,480.0,3.3,1.2,,,,,,,,,,,,
1127,Kemiri,Bahan alami,,g,100.0,,100.0,675.0,8.0,19.0,63.0,25.0,3.0,80.0,2.0,0.0,0.0,430.7,0.8,0.06,0.06,7.0,200.0,0.0,230.0,0.4,3.0,,,,,,,,,,,,
1128,"Ketumbar, kering",Bahan alami,,g,100.0,,100.0,418.0,54.2,14.1,16.1,91.0,12.3,630.0,17.9,0.0,0.0,1787.0,4.6,0.35,0.2,11.2,370.0,75.0,950.0,1.8,4.4,,,,,,,,,,,,
1129,Kluwek,Bahan alami,,g,100.0,,80.0,310.0,13.5,10.0,24.0,0.0,0.0,40.0,2.0,0.0,30.0,0.0,0.0,0.0,0.15,51.0,100.0,0.0,0.0,0.0,1.5,,,,,,,,,,,,
1130,"Kunyit, segar",Bahan alami,,g,100.0,,,69.0,9.1,2.0,2.7,6.0,0.6,24.0,3.3,0.0,1.0,406.7,0.4,0.02,0.03,84.9,78.0,12.0,50.0,0.4,1.3,,,,,,,,,,,,
1131,"Merica, kering",Bahan alami,,g,100.0,,,365.0,64.4,11.5,6.8,4.0,1.0,460.0,16.4,0.0,0.0,99.7,1.1,0.1,0.2,12.9,200.0,0.0,890.0,2.5,4.4,,,,,,,,,,,,
1132,"Pala biji, kering",Bahan alami,,g,100.0,,,518.0,40.1,7.5,36.4,2.0,3.5,120.0,4.6,0.0,0.0,78.7,2.0,0.02,0.2,14.3,240.0,7.0,940.0,0.5,1.7,,,,,,,,,,,,
1133,Balichong,Bahan alami,,g,100.0,,,152.0,22.9,13.2,0.8,120.0,1.5,380.0,2.9,34.0,0.0,310.0,1.1,0.08,0.01,59.9,210.0,0.0,800.0,0.2,3.6,,,,,,,,,,,,
1134,Bekasam,Bahan alami,,g,100.0,,,116.0,6.1,11.9,4.9,711.0,3.5,704.0,7.5,0.0,0.0,176.0,1.9,0.03,0.0,65.5,757.0,0.0,800.0,2.1,11.6,,,,,,,,,,,,
1135,Bekasang,Bahan alami,,g,100.0,,,78.0,3.6,11.4,2.0,4016.0,0.4,54.0,2.6,0.0,0.0,121.0,4.8,0.12,0.15,67.1,97.0,0.0,200.0,0.6,15.9,,,,,,,,,,,,
1136,Cuka,Bahan alami,,g,100.0,,100.0,21.0,5.0,0.1,0.1,21.0,0.0,7.0,0.5,0.0,0.0,37.8,0.0,0.0,0.24,94.5,10.0,0.0,0.0,0.7,0.3,,,,,,,,,,,,
1137,Kecap,Bahan alami,,g,100.0,,100.0,71.0,9.0,5.7,1.3,1114.0,0.0,123.0,5.7,0.0,0.0,0.0,0.0,0.0,0.0,63.0,96.0,0.0,40.0,0.0,21.0,,,,,,,,,,,,
1138,Petis ikan,Bahan alami,,g,100.0,,100.0,165.0,20.8,20.0,0.2,0.0,0.0,37.0,2.8,0.0,0.0,0.0,0.0,0.2,0.01,56.0,36.0,0.0,0.0,0.8,3.0,,,,,,,,,,,,
1139,Petis udang kering,Bahan alami,,g,100.0,,100.0,345.0,59.3,23.8,1.4,11998.0,0.0,221.0,3.8,0.0,0.0,462.8,1.9,0.4,1.02,8.3,397.0,0.0,750.0,2.2,7.1,,,,,,,,,,,,
1140,Petis udang pasta,Bahan alami,,g,100.0,,100.0,220.0,38.0,15.0,0.9,7981.0,2.3,37.0,2.8,0.0,0.0,307.9,1.3,0.13,0.01,39.0,36.0,0.0,500.0,1.7,7.1,,,,,,,,,,,,
1141,Saos tomat,Bahan alami,,g,100.0,,100.0,110.0,24.5,2.0,0.4,890.0,0.9,12.0,0.8,0.0,11.0,129.6,0.3,0.06,0.09,69.5,18.0,357.0,180.0,1.7,3.6,,,,,,,,,,,,
1142,Tempoya,Bahan alami,,g,100.0,,100.0,110.0,21.9,1.7,1.3,597.0,2.6,190.0,2.9,0.0,0.0,486.3,0.0,0.04,0.3,70.1,45.0,71.0,0.0,1.1,5.0,,,,,,,,,,,,
1143,Terasi,Bahan alami,,g,100.0,,100.0,155.0,9.9,22.3,2.9,1664.0,2.7,3812.0,78.5,0.0,0.0,821.4,2.4,0.0,0.24,33.8,726.0,0.0,990.0,3.3,31.1,,,,,,,,,,,,
1144,Terasi dobo,Bahan alami,,g,100.0,,100.0,191.0,6.6,33.1,3.6,650.0,1.6,2250.0,22.9,0.0,0.0,1260.0,5.0,0.22,3.74,58.4,1130.0,0.0,2900.0,2.0,11.5,,,,,,,,,,,,
1145,Terasi merah,Bahan alami,,g,100.0,,100.0,174.0,5.6,30.0,3.5,7850.0,2.2,100.0,3.1,0.0,0.0,302.8,1.2,0.12,0.0,40.0,150.0,0.0,490.0,1.7,20.4,,,,,,,,,,,,
1146,"Kelapa muda,air, segar",Bahan alami,,g,100.0,,100.0,17.0,3.8,0.2,0.1,1.0,0.0,15.0,0.2,0.0,1.0,149.0,0.1,0.0,0.0,95.5,8.0,0.0,40.0,0.0,0.4,,,,,,,,,,,,
1147,Milo Activ-Go 18 gram,Produk industri,PT. Nestle Indonesia,g,14.0,0.5,,80.0,13.0,2.0,2.0,35.0,0.0,,,,,,,,,,,,,,,8.0,0.01,1.0,15.0,,,,,,,,
1148,Mie Sedaap Instant Rasa Soto 75 g,Produk industri,PT. Karunia Alam Segar,g,75.0,1.0,,340.0,46.0,8.0,13.0,1030.0,2.0,,,,,,,,,,,,,,,3.0,0.0,6.0,,,,,,,,,
1150,MYTEA Teh Oolong 450 ml,Produk industri,PT. Suntory Garuda Beverage,ml,225.0,2.0,,70.0,18.0,0.0,0.0,20.0,,,,,,,,,,,,,,,,,,,0.0,,,0.0,,,,,
1151,Sprite 390 ml,Produk industri,PT. Coca-cola bottling indonesia,ml,250.0,1.0,,100.0,25.0,0.0,0.0,40.0,,,,,,,,,,,,,,,,25.0,,0.0,0.0,,,,,,,,
1152,Frisian Flag kental manis kemasan ekonomis 560 gram,Produk industri,PT. Frisian Flag Indonesia,g,40.0,14.0,,140.0,23.0,1.0,40.0,25.0,,,,,,100.0,,,,,,,,,,19.0,0.0,1.5,,,,,,,,,
1153,Indomie mi goreng,Produk industri,PT. Indofood CBP Sukses Makmur Tbk.,g,85.0,1.0,,300.0,54.0,8.0,14.0,1070.0,2.0,,,,,,,,,,,,,,,8.0,0.0,7.0,130.0,,,,,,,,
1154,Indomie mi goreng aceh,Produk industri,PT. Indofood CBP Sukses Makmur Tbk.,g,90.0,1.0,,430.0,55.0,9.0,19.0,790.0,6.0,,,,,,,,,,,,,,,6.0,0.0,9.0,170.0,,,,,,,,
1155,Indomie rasa kaldu ayam,Produk industri,PT. Indofood CBP Sukses Makmur Tbk.,g,75.0,1.0,,340.0,50.0,6.0,12.0,980.0,4.0,,,,,,,,,,,,,,,0.0,0.0,9.0,110.0,,,,,,,,
1156,Indomie rasa ayam bawang,Produk industri,PT. Indofood CBP Sukses Makmur Tbk.,g,69.0,1.0,,300.0,43.0,7.0,11.0,1330.0,2.0,,,,,,,,,,,,,,,3.0,0.0,6.0,100.0,,,,,,,,
1157,Indomie rasa ayam special,Produk industri,PT. Indofood CBP Sukses Makmur Tbk.,g,68.0,1.0,,300.0,44.0,7.0,10.0,1180.0,2.0,,,,,,,,,,,,,,,3.0,0.0,5.0,90.0,,,,,,,,
1158,Indomie rasa soto lamongan,Produk industri,PT. Indofood CBP Sukses Makmur Tbk.,g,80.0,1.0,,360.0,48.0,10.0,14.0,1030.0,6.0,,,,,,,,,,,,,,,4.0,0.0,7.0,130.0,,,,,,,,
1159,Gekikara ramen 109 gram,Produk industri,PT. nissin food indonesia,g,109.0,1.0,,500.0,74.0,9.0,18.0,1200.0,6.0,,,,,,,,,,,,,,,4.0,0.0,9.0,160.0,,,,,,,,
1160,Nasi Goreng,Buatan sendiri,,g,200.0,1.0,,500.0,40.2,7.0,34.4,18.0,0.4,10.0,0.6,,0.0,86.0,1.0,0.1,0.0,,88.0,,,,,,52.0,,,,17.8,,8.0,0.1,22.0,2.0,
1161,"brokoli , matang",Bahan alami,,g,100.0,,,23.2,1.9,3.2,0.2,15.0,3.0,112.0,1.2,137.0,61.1,298.0,0.6,0.1,0.1,90.5,,,,,,,,,,,,,,,,,
1162,Teh Javana,Produk industri,PT. Tirta Alam Segar,ml,350.0,1.0,,110.0,28.0,0.0,0.0,75.0,,,,,,,,,,,,,,,,28.0,,,0.0,,,,,,,,
1164,Permen KIS mini assorted,Produk industri,PT. Mayora Indah Tbk.,g,7.5,15.0,,30.0,7.0,0.0,0.0,0.0,,,,,,,,,,,,,,,,5.0,,,,,,,,,,,
1166,Naraya Coklat Cookies,Merek/restoran,Ever Delicious Food Industries SDN.BHD,g,10.0,28.0,,50.0,6.0,1.0,3.0,45.0,,,,,,,,,,,,,,,,,,,,,,,,,,,
1167,Butter cookies Monde,Produk industri,PT. nissin biscuit indonesia,g,30.0,5.0,,160.0,20.0,2.0,8.0,0.0,,,,,,,,,,,,,,,,7.0,,,70.0,,,,,,,,
1168,Kin bulgarian style yogurt strawberry,Produk industri,PT. ABC kogyn dairy,ml,200.0,1.0,,170.0,29.0,4.0,3.5,50.0,,,,,,170.0,,,,,,,,,,27.0,0.0,0.0,35.0,,,,,,,,
1169,Roma Sandwich,Produk industri,PT Mayora Indah,g,27.0,8.0,,140.0,17.0,2.0,7.0,80.0,,,,,,,,,,,,,,,,6.0,,,,,,,,,,,
1171,kurma,Bahan alami,,g,100.0,,,282.0,75.03,2.45,0.39,2.0,7.99,39.0,1.05,10.0,0.4,656.0,0.29,0.07,0.05,20.53,62.0,0.0,0.0,1.27,,,,,,,,,,,,,
1173,Ichi ocha,Produk industri,PT. Asahi Indofood Beverage Makmur,ml,330.0,1.0,,100.0,26.0,0.0,0.0,35.0,,,,,,,,,,,,,,,,24.0,,,0.0,,,,,,,,
1176,Good Time Cookies,Produk industri,PT ARNOTT'S INDONESIA,g,30.0,6.0,,140.0,21.0,2.0,6.0,220.0,1.0,,,,,,,,,,,,,,,10.0,0.0,4.0,50.0,0.0,,,,,,,
1179,"Sereal ENERGEN ""Kacang Hijau""",Produk industri,PT TORABIKA EKA SEMESTA,g,30.0,1.0,,130.0,24.0,2.0,3.0,70.0,1.0,,,,,,,,,,,,,,,16.0,0.0,1.0,25.0,,,,,,,,
1181,Susu dancow rasa coklat,Produk industri,PT.Nestle Indonesia,g,39.0,1.0,,160.0,23.0,5.0,6.0,100.0,,,,,,,,,,,,,,,,,,,,,,,,,,,
1183,air putih / air mineral / air minum,Bahan alami,,g,100.0,,100.0,0.0,0.0,0.0,0.0,0.0,0.0,0.0,0.0,0.0,0.0,0.0,0.0,0.0,0.0,100.0,0.0,0.0,0.0,0.0,0.0,,,,,,,,,,,,
1184,lontong,Buatan sendiri,,g,90.0,1.0,,144.0,31.76,2.76,0.23,0.0,1.2,,,,,,,,,,,,,,,0.12,0.0,0.04,,,,,,,,,
1185,"Telur ayam, rebus",Buatan sendiri,,g,50.0,1.0,,155.0,1.1,13.0,11.0,124.0,,,,,,,,,,,,,,,,1.12,422.0,3.25,,,,,,,,,
1187,Ikan salmon,Bahan alami,,g,100.0,,,179.0,0.0,19.93,10.43,47.0,0.0,26.0,0.25,136.0,4.0,394.0,0.44,0.11,0.05,71.64,0.0,0.0,40.0,8.42,1.33,,,,,,,,,,,,
1188,Ikan tuna,Bahan alami,,g,100.0,,,144.0,0.0,23.33,4.9,39.0,0.0,8.0,1.02,655.0,0.0,252.0,0.6,0.25,0.24,68.09,254.0,0.0,80.0,8.65,1.18,,,,,,,,,,,,
1189,ikan lele,Bahan alami,,g,100.0,,80.0,92.0,0.0,16.2,2.82,42.0,0.0,14.0,0.25,70.0,,,,,,,,,,,,,,,,,,,,,,,
1190,buah pir / pear,Bahan alami,,g,100.0,,,57.0,15.23,0.36,0.14,1.0,3.1,9.0,0.18,1.0,4.3,116.0,0.1,0.02,0.01,83.96,12.0,14.0,80.0,0.16,,,,,,,,,,,,,
1191,"Telur goreng, telur ceplok",Buatan sendiri,,g,50.0,1.0,,196.0,0.9,14.0,15.0,207.0,0.0,27.1,0.85,77.7,0.0,,,,,,,,,,,0.17,181.0,3.16,,,,,,,,,
1192,Roti gandum,Buatan sendiri,,g,100.0,1.0,,267.0,48.68,10.72,3.24,508.0,4.0,133.0,3.49,0.0,0.0,,,,,,,,,,,5.91,0.0,0.77,,,,,,,,,
1193,"kiwi, segar",Bahan alami,,g,100.0,,,61.0,14.66,1.14,0.52,3.0,3.0,34.0,0.31,4.0,92.7,312.0,0.14,0.02,0.02,83.07,34.0,52.0,130.0,0.34,,,,,,,,,,,,,
1194,Tepung Panir,Merek/restoran,LUCCHETTI,g,100.0,1.0,,333.0,73.33,10.0,0.0,283.0,0.0,0.0,3.6,0.0,0.0,,,,,,,,,,,0.0,0.0,0.0,,,,,,,,,
1195,"Almond, kacang Almond",Bahan alami,,g,100.0,,,613.0,16.13,19.3,54.84,710.0,9.7,258.0,3.48,0.0,0.0,,,,,,,,,,,,,,,,,,,,,,
1196,kentang rebus,Buatan sendiri,,g,150.0,1.0,,76.0,17.72,1.37,0.14,27.0,2.5,27.0,0.72,787.0,12.8,,,,,,,,,,,5.74,0.0,0.03,,,,,,,,,
1197,Lobster,Bahan alami,,g,100.0,,,77.0,0.0,16.52,0.75,423.0,0.0,84.0,0.26,1.0,0.0,200.0,3.53,0.01,0.02,80.95,161.0,0.0,1340.0,1.59,1.88,,,,,,,,,,,,
1198,Ikan Nila,Bahan alami,,g,100.0,,,96.0,0.0,20.08,1.7,,0.0,,,,,302.0,,,,,,,,,,,,,,,,,,,,,
1199,Indomie goreng Jumbo,Produk industri,PT. Indofood CBP Sukses Makmur Tbk.,g,129.0,1.0,,560.0,80.0,21.0,13.0,0.0,31.0,,,,,,,,,,,,,,,13.0,,,,,,,,,,,
1200,Indomie goreng,Produk industri,PT. Indofood CBP Sukses Makmur Tbk.,g,300.0,1.0,,380.0,54.0,8.0,14.0,0.0,2.0,,,,,,,,,,,,,,,8.0,,,,,,,,,,,
1201,Indomie mi kuah,Produk industri,PT. Indofood CBP Sukses Makmur Tbk.,g,69.0,1.0,,300.0,43.0,7.0,11.0,0.0,2.0,,,,,,,,,,,,,,,3.0,,,,,,,,,,,
1202,Samyang,Merek/restoran,Samyang Foods Co.Ltd Korea,g,140.0,1.0,,530.0,85.0,12.0,16.0,0.0,1.0,,,,,,,,,,,,,,,7.0,,,,,,,,,,,
1203,Mie sedap goreng,Produk industri,PT.Wings food,g,91.0,1.0,,420.0,60.0,8.0,16.0,0.0,8.0,,,,,,,,,,,,,,,7.0,,,,,,,,,,,
1204,Bakmi Mewah,Produk industri,PT. Mayora Indah Tbk.,g,110.0,1.0,,450.0,47.0,13.0,23.0,0.0,,,,,,,,,,,,,,,,1.0,,,,,,,,,,,
1205,Pop mie kuah pedes dower,Produk industri,PT. Indofood CBP Sukses Makmur Tbk.,g,75.0,1.0,,360.0,46.0,6.0,16.0,0.0,3.0,,,,,,,,,,,,,,,4.0,,,,,,,,,,,
1206,Pop mie mie goreng pedas,Produk industri,PT. Indofood CBP Sukses Makmur Tbk.,g,80.0,1.0,,370.0,49.0,6.0,17.0,0.0,6.0,,,,,,,,,,,,,,,4.0,,,,,,,,,,,
1207,Pop mie rasa kari ayam,Produk industri,PT. Indofood CBP Sukses Makmur Tbk.,,,1.0,,360.0,44.0,7.0,17.0,1450.0,3.0,,,,,,,,,,,,,,,4.0,,9.0,150.0,,,,,,,,
1208,ABC Selera pedas hot gulai chicken,Produk industri,PT. Heinz ABC Indonesia,g,60.0,1.0,,270.0,34.0,7.0,12.0,0.0,21.0,,,,,,,,,,,,,,,1.0,,,,,,,,,,,
1211,Chatime pearl milk tea,Merek/restoran,Chatime,ml,500.0,1.0,,374.0,67.0,1.0,11.0,0.0,,,,,,,,,,,,,,,,39.5,,,,,,,,,,,
1212,Chatime milk tea,Merek/restoran,Chatime,ml,500.0,1.0,,302.0,44.5,1.5,13.0,0.0,,,,,,,,,,,,,,,,39.5,,,,,,,,,,,
1213,Chatime mango smoothie,Merek/restoran,Chatime,ml,500.0,1.0,,228.0,55.5,0.5,0.5,0.0,,,,,,,,,,,,,,,,54.0,,,,,,,,,,,
1214,Chatime matcha red bean smoothie,Merek/restoran,Chatime,g,500.0,1.0,,384.0,67.0,4.5,10.5,0.0,,,,,,,,,,,,,,,,58.0,,,,,,,,,,,
1215,Matcha Tea Latte,Merek/restoran,Chatime,ml,500.0,1.0,,190.0,31.5,6.5,4.0,0.0,,,,,,,,,,,,,,,,30.0,,,,,,,,,,,
1216,Chatime taro milk tea,Merek/restoran,Chatime,ml,500.0,11.0,,399.0,70.0,2.0,12.0,0.0,,,,,,,,,,,,,,,,54.5,,,,,,,,,,,
1217,Pizza hut meat lover's,Produk industri,PT. Sarimelati kencana Tbk,g,175.0,6.0,,470.0,36.0,19.0,28.0,0.0,2.0,,,,,,,,,,,,,,,1.0,,,,,,,,,,,
1218,Pizza hut meat lovers,Produk industri,PT. Sarimelati kencana Tbk,g,81.0,6.0,,210.0,17.0,8.0,12.0,0.0,1.0,,,,,,,,,,,,,,,2.0,,,,,,,,,,,
1219,Pizza hut super supreme,Produk industri,PT. Sarimelati kencana Tbk,g,172.0,7.0,,410.0,37.0,16.0,22.0,0.0,3.0,,,,,,,,,,,,,,,2.0,,,,,,,,,,,
1220,Pizza hut super supreme personal,Produk industri,PT. Sarimelati kencana Tbk,g,77.0,7.0,,170.0,17.0,7.0,9.0,0.0,1.0,,,,,,,,,,,,,,,2.0,,,,,,,,,,,
1221,Pizza hut deluxe cheese,Produk industri,PT. Sarimelati kencana Tbk,g,150.0,8.0,,380.0,37.0,16.0,19.0,0.0,3.0,,,,,,,,,,,,,,,1.0,,,,,,,,,,,
1222,Pizza hut deluxe cheeses,Produk industri,PT. Sarimelati kencana Tbk,g,65.0,8.0,,150.0,17.0,6.0,6.0,0.0,1.0,,,,,,,,,,,,,,,2.0,,,,,,,,,,,
1223,Sariroti Roti tawar,Produk industri,PT. Nippon Indosari corporindo Tbk,g,74.0,11.0,,200.0,37.0,7.0,3.0,280.0,1.0,,,,,,,,,,,,,,,2.0,,,,,,,,,,,
1224,Sariroti sandwich coklat,Produk industri,PT. Nippon Indosari corporindo Tbk,g,42.0,1.0,,150.0,21.0,3.0,6.0,125.0,2.0,,,,,,,,,,,,,,,4.0,,,,,,,,,,,
1225,Sariroti Sandwich krim keju,Produk industri,PT. Nippon Indosari corporindo Tbk,g,42.0,1.0,,130.0,17.0,3.0,6.0,260.0,1.0,,,,,,,,,,,,,,,3.0,,,,,,,,,,,
1226,Sariroti Sandwich kacang,Produk industri,PT. Nippon Indosari corporindo Tbk,g,42.0,1.0,,140.0,18.0,5.0,6.0,135.0,2.0,,,,,,,,,,,,,,,2.0,,,,,,,,,,,
1227,Sariroti Sandwich pandan sarikaya,Produk industri,PT. Nippon Indosari corporindo Tbk,g,40.0,1.0,,110.0,19.0,2.0,2.5,180.0,1.0,,,,,,,,,,,,,,,4.0,,,,,,,,,,,
1228,Sariroti roti tawar kupas,Produk industri,PT. Nippon Indosari corporindo Tbk,g,40.0,11.0,,110.0,19.0,3.0,2.0,170.0,1.0,,,,,,,,,,,,,,,1.0,,,,,,,,,,,
1229,Kuaci Rebo origial,Produk industri,PT. Gumindo Bogamanis,g,18.0,1.0,,110.0,3.0,5.0,9.0,130.0,3.0,,,,,,,,,,,,,,,0.0,,,,,,,,,,,
1230,Kuaci Rebo green tea,Produk industri,PT. Gumindo Bogamanis,g,18.0,1.0,,110.0,2.0,6.0,9.0,180.0,2.0,,,,,,,,,,,,,,,1.0,,,,,,,,,,,
1231,Kuaci Rebo milk,Produk industri,PT. Gumindo Bogamanis,g,6.0,1.0,,40.0,1.0,2.0,3.0,120.0,,,,,,,,,,,,,,,,,,,,,,,,,,,
1232,Kuaci Rebo salted caramel,Produk industri,PT. Gumindo Bogamanis,g,8.0,1.0,,50.0,1.0,2.0,4.0,90.0,1.0,,,,,,,,,,,,,,,,,,,,,,,,,,
1233,Naraya melon seed,Produk industri,PT. Interfood sukses jasindo,g,20.0,1.0,,130.0,2.0,6.0,10.0,180.0,,,,,,,,,,,,,,,,,,,,,,,,,,,
1234,Kuaci Indomaret,Produk industri,PT. Indomarco Prismatama,g,13.0,1.0,,80.0,2.0,4.0,7.0,180.0,,,,,,,,,,,,,,,,,,,,,,,,,,,
1235,Mcdonald Big mac burger,Produk industri,PT.Rekso Nasional Food,g,215.0,1.0,,540.0,46.0,25.0,28.0,0.0,3.0,,,,,,,,,,,,,,,9.0,,,,,,,,,,,
1236,Mcdonald Mc double,Produk industri,PT.Rekso Nasional Food,g,0.0,1.0,,380.0,34.0,23.0,18.0,0.0,2.0,,,,,,,,,,,,,,,7.0,,,,,,,,,,,
1237,Mcdonald Hamburge,Produk industri,PT.Rekso Nasional Food,g,0.0,1.0,,250.0,31.0,13.0,8.0,0.0,1.0,,,,,,,,,,,,,,,6.0,,,,,,,,,,,
1238,Mcdonald Triple cheeseburger,Produk industri,PT.Rekso Nasional Food,g,0.0,1.0,,520.0,36.0,32.0,28.0,0.0,2.0,,,,,,,,,,,,,,,7.0,,,,,,,,,,,
1239,Mcdonald Double cheeseburger,Produk industri,PT.Rekso Nasional Food,g,0.0,1.0,,430.0,35.0,25.0,21.0,0.0,2.0,,,,,,,,,,,,,,,7.0,,,,,,,,,,,
1240,Mcdonald Cheeseburger,Produk industri,PT.Rekso Nasional Food,g,0.0,1.0,,300.0,33.0,15.0,12.0,0.0,2.0,,,,,,,,,,,,,,,7.0,,,,,,,,,,,
1241,Susu murni,Buatan sendiri,,ml,100.0,1.0,,62.0,4.66,3.32,3.35,0.0,,,,,,,,,,,,,,,,,,,,,,,,,,,
1242,Keju cheddar,Buatan sendiri,,g,100.0,1.0,,404.0,3.09,22.87,33.31,0.0,,,,,,,,,,,,,,,,,,,,,,,,,,,
1243,Keju parmesan,Buatan sendiri,,g,100.0,1.0,,420.0,13.91,28.42,27.84,0.0,,,,,,,,,,,,,,,,,,,,,,,,,,,
1244,Keju mozzarella,Buatan sendiri,,g,100.0,1.0,,280.0,3.1,27.5,17.1,0.0,,,,,,,,,,,,,,,,,,,,,,,,,,,
1245,Bakmi,Buatan sendiri,,g,100.0,1.0,,138.0,25.2,4.5,2.1,0.0,,,,,,,,,,,,,,,,,,,,,,,,,,,
1246,Nasi coklat,Buatan sendiri,,g,100.0,1.0,,112.0,23.5,2.3,0.8,0.0,,,,,,,,,,,,,,,,,,,,,,,,,,,
1247,Es teh tawar,Buatan sendiri,,ml,240.0,1.0,,2.0,0.67,0.02,0.0,0.0,,,,,,,,,,,,,,,,,,,,,,,,,,,
1248,Kopi hitam tanpa gula,Buatan sendiri,,ml,240.0,1.0,,2.0,0.09,0.28,0.05,0.0,,,,,,,,,,,,,,,,,,,,,,,,,,,
1249,Es teh manis,Buatan sendiri,,ml,240.0,1.0,,90.0,23.44,0.02,0.0,0.0,,,,,,,,,,,,,,,,,,,,,,,,,,,
1250,Coca cola,Buatan sendiri,,ml,355.0,1.0,,136.0,35.18,0.26,0.07,0.0,,,,,,,,,,,,,,,,,,,,,,,,,,,
1251,Bir,Buatan sendiri,,g,355.0,1.0,,153.0,12.65,1.64,0.0,0.0,,,,,,,,,,,,,,,,,,,,,,,,,,,
1252,Tanderloin,Bahan alami,,g,100.0,,,151.0,0.01,20.53,7.63,,,,,,,,,,,,,,,,,,,,,,,,,,,,
1253,Ribeye,Bahan alami,,g,100.0,,,217.0,0.11,19.8,15.21,,,,,,,,,,,,,,,,,,,,,,,,,,,,
1254,Top sirloin,Bahan alami,,g,100.0,,,127.0,0.01,21.77,4.45,,,,,,,,,,,,,,,,,,,,,,,,,,,,
1255,Pork loin,Bahan alami,,g,100.0,,,198.0,0.0,19.74,12.58,,,,,,,,,,,,,,,,,,,,,,,,,,,,
1256,Pork Belly,Bahan alami,,g,100.0,,,518.0,0.0,9.34,53.01,,,,,,,,,,,,,,,,,,,,,,,,,,,,
1257,Pork rib,Bahan alami,,g,100.0,,,211.0,0.0,19.9,12.01,,,,,,,,,,,,,,,,,,,,,,,,,,,,
1258,Selai Nutella,Merek/restoran,Nuttela indonesia,g,37.0,1.0,,200.0,23.0,2.0,12.0,0.0,,,,,,,,,,,,,,,,,,,,,,,,,,,
1259,Nestle corn flakes,Produk industri,PT. Nestle Indonesia,g,30.0,1.0,,110.0,24.0,2.0,0.5,0.0,,,,,,,,,,,,,,,,,,,,,,,,,,,
1260,Selai kacang skippy chunky,Merek/restoran,Skippy Indonesia,g,32.0,1.0,,210.0,7.0,7.0,17.0,0.0,,,,,,,,,,,,,,,,,,,,,,,,,,,
1261,quaker instan oatmeal,Merek/restoran,Quaker indonesia,g,35.0,1.0,,140.0,24.0,4.0,3.5,0.0,,,,,,,,,,,,,,,,,,,,,,,,,,,
1263,Hazelnut,Bahan alami,,g,100.0,,,628.0,16.7,14.95,60.75,,9.7,,,,,,,,,,,,,,,,,,,,,,,,,,
1264,Peanut,Bahan alami,,g,100.0,,,567.0,16.13,25.8,49.24,,8.5,,,,,,,,,,,,,,,,,,,,,,,,,,
1265,Cashew,Bahan alami,,g,100.0,,,553.0,30.19,18.22,43.85,,3.3,,,,,,,,,,,,,,,,,,,,,,,,,,
1266,Pistachio,Bahan alami,,g,100.0,,,560.0,27.17,20.16,45.32,,10.6,,,,,,,,,,,,,,,,,,,,,,,,,,
1267,Saus sambal,Buatan sendiri,,g,15.0,1.0,,27.0,6.7,0.0,0.0,0.0,,,,,,,,,,,,,,,,6.5,,,,,,,,,,,
1268,Kecap manis,Buatan sendiri,,g,22.0,1.0,,45.0,11.0,1.0,0.1,0.0,,,,,,,,,,,,,,,,10.0,,,,,,,,,,,
1269,Mayonnaise,Buatan sendiri,,g,15.0,1.0,,103.0,0.04,0.0,11.67,0.0,,,,,,,,,,,,,,,,0.04,,,,,,,,,,,
1270,Saus tomat,Buatan sendiri,,g,17.0,1.0,,17.0,4.66,0.18,0.02,0.0,,,,,,,,,,,,,,,,3.62,,,,,,,,,,,
1271,Kecap asin,Buatan sendiri,,g,16.0,1.0,,8.0,0.79,1.3,0.09,0.0,0.1,,,,,,,,,,,,,,,0.06,,,,,,,,,,,
1272,Mustard,Buatan sendiri,,g,15.0,1.0,,9.0,0.87,0.56,0.5,0.0,0.6,,,,,,,,,,,,,,,0.14,,,,,,,,,,,
1273,Kacang walnut,Bahan alami,,g,100.0,,,654.0,13.71,15.23,65.21,0.0,6.7,,,,,,,,,,,,,,,,,,,,,,,,,,
1274,Starbucks caffe americano,Merek/restoran,Starbucks,ml,0.0,1.0,,15.0,3.0,1.0,0.0,0.0,,,,,,,,,,,,,,,,,,,,,,,,,,,
1275,Starbucks iced caffe latte (wholemilk),Merek/restoran,Starbucks,ml,0.0,1.0,,120.0,13.0,8.0,7.0,0.0,,,,,,,,,,,,,,,,,,,,,,,,,,,
1276,Starbucks cappuccino (nonfat milk),Merek/restoran,Starbucks,ml,0.0,1.0,,80.0,12.0,8.0,0.0,0.0,,,,,,,,,,,,,,,,,,,,,,,,,,,
1277,Starbucks hot caffe mocha (whole milk),Merek/restoran,Starbucks,ml,0.0,1.0,,330.0,42.0,13.0,12.0,0.0,,,,,,,,,,,,,,,,,,,,,,,,,,,
1278,Starbucks hot caffe mocha (whole milk + whipped),Merek/restoran,Starbucks,ml,0.0,1.0,,400.0,44.0,13.0,19.0,0.0,,,,,,,,,,,,,,,,,,,,,,,,,,,
1279,Starbucks Iced caffe mocha (notfat milk),Merek/restoran,Starbucks,ml,0.0,1.0,,200.0,36.0,9.0,2.5,0.0,,,,,,,,,,,,,,,,,,,,,,,,,,,
1280,Starbucks Iced caffe mocha (notfat milk + whipped),Merek/restoran,Starbucks,ml,0.0,1.0,,320.0,40.0,10.0,14.0,0.0,,,,,,,,,,,,,,,,,,,,,,,,,,,
1281,Starbucks hot caffe latte (whole milk),Merek/restoran,Starbucks,,,1.0,,230.0,19.0,12.0,12.0,0.0,,,,,,,,,,,,,,,,,,,,,,,,,,,
1282,Starbucks hot caffe latte (notfat milk),Merek/restoran,Starbucks,ml,0.0,1.0,,130.0,20.0,13.0,0.0,0.0,,,,,,,,,,,,,,,,,,,,,,,,,,,
1283,Starbucks iced caffe latte (notfat milk),Merek/restoran,Starbucks,g,0.0,1.0,,90.0,13.0,8.0,0.0,0.0,,,,,,,,,,,,,,,,,,,,,,,,,,,
1284,Starbucks hot caramel macchiato (wholemilk),Merek/restoran,Starbucks,ml,0.0,1.0,,280.0,35.0,10.0,11.0,0.0,,,,,,,,,,,,,,,,,,,,,,,,,,,
1285,Starbucks hot caramel macchiato (nonfat milk),Merek/restoran,Starbucks,ml,0.0,1.0,,200.0,36.0,11.0,1.5,0.0,,,,,,,,,,,,,,,,,,,,,,,,,,,
1286,Starbucks hot caffe mocha (notfat milk),Merek/restoran,Starbucks,ml,0.0,1.0,,250.0,42.0,13.0,2.5,0.0,,,,,,,,,,,,,,,,,,,,,,,,,,,
1287,Starbucks hot caffe mocha (notfat milk + whipped),Merek/restoran,Starbucks,ml,0.0,1.0,,320.0,320.0,14.0,10.0,0.0,,,,,,,,,,,,,,,,,,,,,,,,,,,
1288,Starbucks green tea frappuccino (whole milk + whipped),Merek/restoran,Starbucks,ml,0.0,1.0,,430.0,68.0,6.0,16.0,0.0,,,,,,,,,,,,,,,,,,,,,,,,,,,
1289,Starbucks green tea frappuccino (whole milk),Merek/restoran,Starbucks,ml,0.0,1.0,,320.0,64.0,5.0,4.5,0.0,,,,,,,,,,,,,,,,,,,,,,,,,,,
1290,Starbucks cappuccino (wholemilk),Merek/restoran,Starbucks,ml,0.0,1.0,,140.0,12.0,7.0,7.0,0.0,,,,,,,,,,,,,,,,,,,,,,,,,,,
1291,Starbucks java chip frappuccino (wholemilk),Merek/restoran,Starbucks,ml,0.0,1.0,,350.0,68.0,7.0,5.0,0.0,,,,,,,,,,,,,,,,,,,,,,,,,,,
1292,Starbucks java chip frappuccino (wholemilk+whipped),Merek/restoran,Starbucks,ml,0.0,1.0,,470.0,72.0,6.0,18.0,0.0,,,,,,,,,,,,,,,,,,,,,,,,,,,
1293,Starbucks iced caffe mocha (whole milk),Merek/restoran,Starbucks,ml,0.0,1.0,,250.0,36.0,9.0,8.0,0.0,,,,,,,,,,,,,,,,,,,,,,,,,,,
1294,Starbucks iced caffe mocha (whole milk + whipped),Merek/restoran,Starbucks,ml,0.0,1.0,,360.0,39.0,9.0,19.0,0.0,,,,,,,,,,,,,,,,,,,,,,,,,,,
1314,KFC extra crispy dada,Produk industri,PT. Fast food indonesia,g,178.0,1.0,,530.0,18.0,35.0,35.0,0.0,,,,,,,,,,,,,,,,,,,,,,,,,,,
1315,KFC extra crispy paha bawah,Produk industri,PT. Fast food indonesia,g,55.0,1.0,,170.0,5.0,10.0,12.0,0.0,,,,,,,,,,,,,,,,,,,,,,,,,,,
1316,KFC extra crispy paha atas,Produk industri,PT. Fast food indonesia,g,112.0,1.0,,330.0,9.0,22.0,23.0,0.0,,,,,,,,,,,,,,,,,,,,,,,,,,,
1317,KFC extra crispy sayap,Produk industri,PT. Fast food indonesia,g,48.0,1.0,,170.0,5.0,10.0,13.0,0.0,,,,,,,,,,,,,,,,,,,,,,,,,,,
1318,KFC Original recipe dada,Produk industri,PT. Fast food indonesia,g,172.0,1.0,,390.0,11.0,39.0,21.0,0.0,,,,,,,,,,,,,,,,,,,,,,,,,,,
1319,KFC Original recipe paha bawah,Produk industri,PT. Fast food indonesia,g,53.0,1.0,,130.0,4.0,12.0,8.0,0.0,,,,,,,,,,,,,,,,,,,,,,,,,,,
1320,KFC Original recipe paha atas,Produk industri,PT. Fast food indonesia,g,104.0,1.0,,280.0,8.0,19.0,19.0,0.0,,,,,,,,,,,,,,,,,,,,,,,,,,,
1321,KFC Original recipe sayap,Produk industri,PT. Fast food indonesia,g,43.0,1.0,,130.0,3.0,10.0,8.0,0.0,,,,,,,,,,,,,,,,,,,,,,,,,,,
1322,Pasta (matang),Buatan sendiri,,g,100.0,1.0,,158.0,30.86,5.8,0.93,0.0,,,,,,,,,,,,,,,,,,,,,,,,,,,
1326,Vodka,Buatan sendiri,,g,100.0,1.0,,43.0,3.55,0.46,0.0,0.0,,,,,,,,,,,,,,,,,,,,,,,,,,,
1327,Soju,Buatan sendiri,,g,100.0,1.0,,143.0,4.55,0.45,0.0,0.0,,,,,,,,,,,,,,,,,,,,,,,,,,,
1328,Wine,Buatan sendiri,,g,100.0,1.0,,83.0,2.72,0.07,0.0,0.0,,,,,,,,,,,,,,,,,,,,,,,,,,,
1329,Whiskey,Buatan sendiri,,g,100.0,1.0,,250.0,0.1,0.0,0.0,0.0,,,,,,,,,,,,,,,,,,,,,,,,,,,
1330,Sake,Buatan sendiri,,g,100.0,1.0,,134.0,5.0,0.5,0.0,0.0,,,,,,,,,,,,,,,,,,,,,,,,,,,
1334,Flax seeds,Bahan alami,,g,100.0,,,534.0,28.88,18.29,42.16,,,,,,,,,,,,,,,,,,,,,,,,,,,,
1335,Kuaci bunga matahari,Bahan alami,,g,100.0,,,584.0,20.0,20.78,51.46,,,,,,,,,,,,,,,,,,,,,,,,,,,,
1336,Biji wijen,Bahan alami,,g,100.0,,,573.0,23.45,17.73,49.67,,,,,,,,,,,,,,,,,,,,,,,,,,,,
1337,Granola (matang),Bahan alami,,g,100.0,,,471.0,64.4,10.1,19.8,,,,,,,,,,,,,,,,,,,,,,,,,,,,
1338,Beetroot (mentah),Bahan alami,,g,100.0,,,43.0,9.56,1.61,0.17,,,,,,,,,,,,,,,,,,,,,,,,,,,,
1339,Goji berry (kering),Bahan alami,,g,100.0,,,349.0,77.06,14.26,0.39,,,,,,,,,,,,,,,,,,,,,,,,,,,,
1340,Bubuk coklat,Bahan alami,,g,100.0,,,228.0,57.9,19.6,13.7,,,,,,,,,,,,,,,,,,,,,,,,,,,,
1341,Buah zaitun,Bahan alami,,g,100.0,,,116.0,6.04,0.84,10.9,,,,,,,,,,,,,,,,,,,,,,,,,,,,
1342,Quinoa,Bahan alami,,g,100.0,,,120.0,21.3,4.4,1.92,,,,,,,,,,,,,,,,,,,,,,,,,,,,
1343,Bubuk kayu manis,Bahan alami,,g,100.0,,,247.0,80.59,3.99,1.24,,,,,,,,,,,,,,,,,,,,,,,,,,,,
1344,Prunes (kering),Bahan alami,,g,100.0,,,240.0,63.88,2.18,0.38,,7.1,,,,,,,,,,,,,,,,,,,,,,,,,,
1345,Kismis kering),Bahan alami,,g,100.0,,,299.0,79.32,3.3,0.25,,4.5,,,,,,,,,,,,,,,,,,,,,,,,,,
1346,Bluberry,Bahan alami,,g,100.0,,,317.0,80.0,2.5,2.5,,7.5,,,,,,,,,,,,,,,,,,,,,,,,,,
1347,Apricot,Bahan alami,,g,100.0,,,241.0,62.64,3.39,0.51,,7.3,,,,,,,,,,,,,,,,,,,,,,,,,,
1348,Cranberry,Bahan alami,,g,100.0,,,308.0,82.8,0.17,1.09,,5.3,,,,,,,,,,,,,,,,,,,,,,,,,,
1351,Mi sedap cup  mi kuah baso,Merek/restoran,wing,g,77.0,1.0,,350.0,45.0,8.0,15.0,0.0,6.0,,,,,,,,,,,,,,,2.0,,,,,,,,,,,
1353,Mi ABC cup mi ayam jamur,Produk industri,PT.Wings food,g,80.0,1.0,,390.0,45.0,7.0,20.0,0.0,6.0,,,,,,,,,,,,,,,8.0,,,,,,,,,,,
1354,Mi ABC cup soto ayam,Produk industri,PT.Wings food,g,60.0,1.0,,280.0,34.0,7.0,13.0,0.0,4.0,,,,,,,,,,,,,,,2.0,,,,,,,,,,,
1355,Mi ABC cup baso sapi,Produk industri,PT.Wings food,g,60.0,1.0,,290.0,34.0,7.0,13.0,0.0,4.0,,,,,,,,,,,,,,,3.0,,,,,,,,,,,
1356,Aqua,Produk industri,PT.Danone Indonesia,ml,600.0,1.0,,0.0,0.0,0.0,0.0,0.0,,,,,,,,,,,,,,,,,,,,,,,,,,,
1357,Nestle air minum,Produk industri,PT. Nestle Indonesia,ml,600.0,1.0,,0.0,0.0,0.0,0.0,0.0,,,,,,,,,,,,,,,,,,,,,,,,,,,
1358,VIT,Produk industri,PT.Tirta Investama,ml,600.0,1.0,,0.0,0.0,0.0,0.0,0.0,,,,,,,,,,,,,,,,,,,,,,,,,,,
1359,Le mineral,Produk industri,PT. Tirta fresindo jaya,ml,600.0,1.0,,0.0,0.0,0.0,0.0,0.0,,,,,,,,,,,,,,,,,,,,,,,,,,,
1360,Club,Produk industri,PT. Tirta bahagia,ml,600.0,1.0,,0.0,0.0,0.0,0.0,0.0,,,,,,,,,,,,,,,,,,,,,,,,,,,
1361,Ades,Produk industri,PT. Akasha wira internasional Tbk,ml,600.0,1.0,,0.0,0.0,0.0,0.0,0.0,,,,,,,,,,,,,,,,,,,,,,,,,,,
1362,Biji kopi,Bahan alami,,g,100.0,,,399.0,62.7,12.4,15.4,,,,,,,,,,,,,,,,,,,,,,,,,,,,
1363,Espresso,Buatan sendiri,,g,29.6,1.0,,3.0,0.49,0.04,0.05,0.0,,,,,,,,,,,,,,,,,,,,,,,,,,,
1364,kopi seduh,Buatan sendiri,,g,248.0,1.0,,5.0,0.42,0.74,0.0,0.0,,,,,,,,,,,,,,,,,,,,,,,,,,,
1365,Frisian flag full cream,Produk industri,PT.Frisian Flag Indonesia,ml,225.0,1.0,,140.0,13.0,7.0,7.0,100.0,,,,,,,,,,,,,,,,11.0,,,,,,,,,,,
1366,Frisian flag coconut delight,Produk industri,PT. Frisian Flag Indonesia,ml,225.0,1.0,,160.0,25.0,6.0,5.0,95.0,,,,,,,,,,,,,,,,14.0,,,,,,,,,,,
1367,Frisian flag sweet delight,Produk industri,PT. Frisian Flag Indonesia,ml,225.0,1.0,,150.0,20.0,6.0,6.0,75.0,,,,,,,,,,,,,,,,18.0,,,,,,,,,,,
1368,Frisian flag french vanilla low fat,Produk industri,PT. Frisian Flag Indonesia,ml,225.0,1.0,,110.0,16.0,7.0,2.5,110.0,,,,,,,,,,,,,,,,16.0,,,,,,,,,,,
1369,Frisian flag belgian chocolate low fat,Produk industri,PT. Frisian Flag Indonesia,ml,225.0,1.0,,150.0,25.0,7.0,2.5,100.0,,,,,,,,,,,,,,,,19.0,,,,,,,,,,,
1370,Frisian flag california strawberry low fat,Produk industri,PT. Frisian Flag Indonesia,ml,225.0,1.0,,150.0,24.0,7.0,2.5,125.0,,,,,,,,,,,,,,,,22.0,,,,,,,,,,,
1371,Nuttela,Merek/restoran,Nuttela indonesia,g,15.0,1.0,,80.0,9.0,1.0,4.5,5.0,,,,,,,,,,,,,,,,8.0,,,,,,,,,,,
1372,Jules drestrooper speculoos,Merek/restoran,Jules drestrooper speculoos,g,100.0,1.0,,545.0,53.0,3.0,35.0,600.0,,,,,,,,,,,,,,,,41.0,,,,,,,,,,,
1373,Hershey's Spreads,Merek/restoran,Hershey's Spreads,g,37.0,1.0,,190.0,20.0,3.0,12.0,50.0,1.0,,,,,,,,,,,,,,,19.0,,,,,,,,,,,
1374,Ovomaltine,Merek/restoran,Ovomaltine,g,20.0,1.0,,109.0,11.9,0.8,6.4,50.0,,,,,,,,,,,,,,,,10.9,,,,,,,,,,,
1375,Lotus Biscoff,Merek/restoran,Lotus Biscoff,g,100.0,1.0,,584.0,57.0,2.9,38.1,540.0,0.8,,,,,,,,,,,,,,,36.8,,,,,,,,,,,
1376,Caotina,Merek/restoran,Caotina,g,20.0,1.0,,114.0,10.4,1.0,7.4,20.0,,,,,,,,,,,,,,,,10.0,,,,,,,,,,,
1377,Fitbar,Produk industri,PT.Sanghiang perkasa,g,24.0,1.0,,90.0,14.0,3.0,2.5,0.0,1.0,,,,,,,,,,,,,,,4.0,,,,,,,,,,,
1378,.Heavenly Blush,Produk industri,PT.Heavenly Blush,g,25.0,1.0,,90.0,15.0,2.0,2.5,0.0,4.0,,,,,,,,,,,,,,,5.0,,,,,,,,,,,
1379,Snickers,Merek/restoran,Mars Incorporated,g,35.0,1.0,,175.0,21.0,3.5,8.75,0.0,1.0,,,,,,,,,,,,,,,16.0,,,,,,,,,,,
1380,WRP truil bar,Produk industri,PT.Nutrifood indonesia,g,20.0,1.0,,80.0,14.0,1.0,3.5,0.0,2.0,,,,,,,,,,,,,,,7.0,,,,,,,,,,,
1381,Soyjoy,Produk industri,PT. Amerta indah otsuka,g,30.0,1.0,,150.0,12.0,5.0,9.0,0.0,5.0,,,,,,,,,,,,,,,7.0,,,,,,,,,,,
1382,Koko krunch,Produk industri,PT. Nestle Indonesia,g,30.0,1.0,,110.0,23.0,2.0,1.0,0.0,1.0,,,,,,,,,,,,,,,9.0,,,,,,,,,,,
1383,Honey Stars,Produk industri,PT. Nestle Indonesia,g,30.0,1.0,,110.0,25.0,1.0,0.5,0.0,1.0,,,,,,,,,,,,,,,8.0,,,,,,,,,,,
1384,MILO cereal,Produk industri,PT. Nestle Indonesia,g,30.0,1.0,,110.0,23.0,2.0,1.0,0.0,2.0,,,,,,,,,,,,,,,9.0,,,,,,,,,,,
1385,Corn flakes,Merek/restoran,Kelloog company,g,30.0,1.0,,110.0,26.0,2.0,0.0,0.0,1.0,,,,,,,,,,,,,,,3.0,,,,,,,,,,,
1386,Froot Loops,Merek/restoran,Kelloog company,g,30.0,1.0,,120.0,26.0,2.0,0.5,0.0,3.0,,,,,,,,,,,,,,,11.0,,,,,,,,,,,
1387,Coco pops,Merek/restoran,Coca cola company,g,30.0,1.0,,120.0,26.0,2.0,0.5,0.0,1.0,,,,,,,,,,,,,,,12.0,,,,,,,,,,,
1388,Biokul natural set yogurt,Produk industri,PT. Sukanda djaya,g,100.0,1.0,,70.0,10.0,5.0,1.0,0.0,,,,,,,,,,,,,,,,3.0,,,,,,,,,,,
1389,Biokul plain yogurt,Produk industri,PT. Sukanda djaya,g,100.0,1.0,,90.0,15.0,5.0,0.5,0.0,,,,,,,,,,,,,,,,7.0,,,,,,,,,,,
1390,Biokul greek  yogurt,Produk industri,PT. Sukanda djaya,g,100.0,1.0,,160.0,6.0,6.0,12.0,0.0,,,,,,,,,,,,,,,,2.0,,,,,,,,,,,
1391,Cimory yogurt set,Produk industri,PT. Cisaura mountain dairy,g,100.0,1.0,,100.0,16.0,3.0,2.5,0.0,,,,,,,,,,,,,,,,11.0,,,,,,,,,,,
1392,Elle vire yogurt,Produk industri,PT. Sukanda djaya,g,100.0,1.0,,90.0,13.0,2.3,3.1,0.0,0.4,,,,,,,,,,,,,,,11.0,,,,,,,,,,,
1393,Heavenly blush greek yogurt,Produk industri,PT. Heavenly nutrition indonesia,g,100.0,1.0,,170.0,16.0,6.0,9.0,0.0,3.0,,,,,,,,,,,,,,,9.0,,,,,,,,,,,
1394,Milna beras merah,Produk industri,PT. Kalbe Nutritional,g,50.0,1.0,,210.0,36.0,6.0,5.0,35.0,,,,,,,,,,,,,,,,,,,,,,,,,,,
1395,Milna pisang,Produk industri,PT. Kalbe Nutritional,g,50.0,1.0,,210.0,36.0,6.0,4.5,50.0,,,,,,,,,,,,,,,,,,,,,,,,,,,
1396,Milna kacang hijau,Produk industri,PT. Kalbe Nutritional,g,50.0,1.0,,210.0,36.0,6.0,5.0,55.0,,,,,,,,,,,,,,,,,,,,,,,,,,,
1397,Promina milky beras merah,Produk industri,PT. Indofood CBP Sukses Makmur Tbk.,g,50.0,1.0,,210.0,35.0,8.0,4.5,150.0,,,,,,,,,,,,,,,,,,,,,,,,,,,
1398,Promina pisang susu,Produk industri,PT. Indofood CBP Sukses Makmur Tbk.,g,50.0,1.0,,210.0,35.0,8.0,4.5,150.0,,,,,,,,,,,,,,,,,,,,,,,,,,,
1399,Promina smooth kacang hijau,Produk industri,PT. Indofood CBP Sukses Makmur Tbk.,g,50.0,1.0,,210.0,35.0,8.0,4.5,150.0,,,,,,,,,,,,,,,,,,,,,,,,,,,
1400,Tim tam chocolate,Produk industri,PT. Arrnott's Indonesia,g,30.0,1.0,,150.0,21.0,2.0,7.0,0.0,,,,,,,,,,,,,,,,,,,,,,,,,,,
1401,Loacker chocolate,Produk industri,PT. Petra food indonesia,g,100.0,1.0,,511.0,59.0,7.7,26.0,0.0,,,,,,,,,,,,,,,,,,,,,,,,,,,
1402,Nissin wafer,Produk industri,PT.Nissin Foods Indonesia,g,25.0,1.0,,140.0,14.0,2.0,9.0,0.0,,,,,,,,,,,,,,,,,,,,,,,,,,,
1403,Walens choco soes,Produk industri,PT. nissin biscuit indonesia,g,25.0,1.0,,140.0,14.0,2.0,8.0,0.0,,,,,,,,,,,,,,,,,,,,,,,,,,,
1404,Tango chocolate,Produk industri,PT. Orang Tua (OT),g,20.0,1.0,,100.0,14.0,1.0,4.0,0.0,,,,,,,,,,,,,,,,,,,,,,,,,,,
1405,Selamat wafer,Produk industri,PT. Jenindo prakarsa,g,30.0,1.0,,160.0,19.0,2.0,8.0,0.0,,,,,,,,,,,,,,,,,,,,,,,,,,,
1406,Chitato fresh potato,Produk industri,PT. Indofood CBP Sukses Makmur Tbk.,g,20.0,1.0,,110.0,12.0,1.0,6.0,0.0,,,,,,,,,,,,,,,,,,,,,,,,,,,
1407,Cheetos jagung bakar,Produk industri,PT. Indofoodd fretolay makmur,g,10.0,1.0,,50.0,6.0,1.0,3.0,0.0,,,,,,,,,,,,,,,,,,,,,,,,,,,
1408,Lays krim dan bawang,Produk industri,PT. Indofoodd fretolay makmur,g,20.0,1.0,,110.0,11.0,2.0,6.0,0.0,,,,,,,,,,,,,,,,,,,,,,,,,,,
1409,WRP deli chips,Produk industri,PT. Indofood indonesia,g,40.0,1.0,,210.0,26.0,1.0,11.0,0.0,3.0,,,,,,,,,,,,,,,1.0,,,,,,,,,,,
1410,Doritos barbeque,Produk industri,PT. Indofoodd fretolay makmur,g,20.0,1.0,,100.0,13.0,2.0,4.5,0.0,,,,,,,,,,,,,,,,1.0,,,,,,,,,,,
1411,Es batu,Buatan sendiri,,g,100.0,1.0,,0.0,0.0,0.0,0.0,0.0,,,,,,,,,,,,,,,,,,,,,,,,,,,
1412,Oreo,Produk industri,PT.Kraft foods,g,29.4,1.0,,140.0,21.0,1.0,6.0,0.0,1.0,,,,,,,,,,,,,,,11.0,,,,,,,,,,,
1413,Milo bubuk,Produk industri,PT. Nestle Indonesia,g,18.0,1.0,,80.0,13.0,2.0,2.0,0.0,,,,,,,,,,,,,,,,8.0,,,,,,,,,,,
1414,Meises coklat,Merek/restoran,Ceres,g,25.0,1.0,,120.0,20.0,0.0,4.0,0.0,2.0,,,,,,,,,,,,,,,16.0,,,,,,,,,,,
1415,Susu greenfields skimmed milk,Produk industri,PT. Greenfield Indonesia,ml,250.0,1.0,,80.0,11.0,10.0,0.0,0.0,,,,,,,,,,,,,,,,8.0,,,,,,,,,,,
1416,Susu greenfields low fat,Produk industri,PT. Greenfield Indonesia,ml,250.0,1.0,,110.0,12.0,9.0,3.0,0.0,,,,,,,,,,,,,,,,12.0,,,,,,,,,,,
1417,Susu greenfields full cream,Produk industri,PT. Greenfield Indonesia,ml,250.0,1.0,,160.0,12.0,8.0,9.0,0.0,1.0,,,,,,,,,,,,,,,7.0,,,,,,,,,,,
1418,Frisian flag putih (kental manis),Produk industri,PT. Frisian Flag Indonesia,g,40.0,1.0,,140.0,23.0,1.0,4.0,0.0,,,,,,,,,,,,,,,,19.0,,,,,,,,,,,
1419,Frisian flag gold (kental manis),Produk industri,PT. Frisian Flag Indonesia,g,40.0,1.0,,130.0,22.0,3.0,3.5,0.0,,,,,,,,,,,,,,,,21.0,,,,,,,,,,,
1420,Frisian flag cokelat (kental manis),Produk industri,PT. Frisian Flag Indonesia,g,40.0,1.0,,135.0,23.0,1.0,4.5,0.0,,,,,,,,,,,,,,,,19.0,,,,,,,,,,,
1421,Nestle Carnation (kental manis),Produk industri,PT. Nestle Indonesia,g,29.0,1.0,,100.0,17.0,1.0,3.0,0.0,,,,,,,,,,,,,,,,16.0,,,,,,,,,,,
1422,Indomilk (kental manis),Produk industri,PT. Indolakto,g,37.0,1.0,,120.0,21.0,1.0,3.5,0.0,2.0,,,,,,,,,,,,,,,19.0,,,,,,,,,,,
1423,Indofood cap enak (kental manis),Produk industri,PT. Indofood indonesia,g,37.0,1.0,,120.0,21.0,1.0,4.0,0.0,2.0,,,,,,,,,,,,,,,19.0,,,,,,,,,,,
1424,Ayam brand tuna dalam air,Produk industri,PT. Ayam brand Indonesia,g,43.0,3.0,,50.0,0.0,13.0,0.0,0.0,,,,,,,,,,,,,,,,,,,,,,,,,,,
1425,Ayam brand tuna dalam minyak,Produk industri,PT. Ayam brand Indonesia,g,43.0,3.0,,70.0,0.0,0.0,3.5,0.0,,,,,,,,,,,,,,,,,,,,,,,,,,,
1426,Ayam brand chilli tuna,Produk industri,PT. Ayam brand Indonesia,g,46.0,3.0,,100.0,3.0,8.0,6.0,0.0,,,,,,,,,,,,,,,,2.0,,,,,,,,,,,
1427,Pocari sweat,Produk industri,PT. Amerta indah otsuka,ml,250.0,1.0,,70.0,17.0,0.0,0.0,0.0,,,,,,,,,,,,,,,,16.0,,,,,,,,,,,
1428,Mizone,Produk industri,PT.Danone Indonesia,ml,250.0,1.0,,45.0,11.0,0.0,0.0,0.0,,,,,,,,,,,,,,,,11.0,,,,,,,,,,,
1430,Hydro coco,Produk industri,PT. Kalbe Nutritional,ml,250.0,1.0,,60.0,18.0,0.0,0.0,0.0,7.0,,,,,,,,,,,,,,,10.0,,,,,,,,,,,
1431,Coolant minuman,Produk industri,PT. Sari Enesis Indonesia,ml,250.0,1.0,,100.0,25.0,0.0,0.0,0.0,,,,,,,,,,,,,,,,23.0,,,,,,,,,,,
1432,Nu Oceana,Produk industri,PT. ABC president indonesia,ml,250.0,1.0,,60.0,19.0,0.0,0.0,0.0,,,,,,,,,,,,,,,,18.0,,,,,,,,,,,
1433,L-MEN 2 GO,Produk industri,PT. Indomarco Prismatama,ml,200.0,1.0,,90.0,10.0,8.0,2.0,0.0,,,,,,,,,,,,,,,,9.0,,,,,,,,,,,
1434,Entrasol (coklat),Produk industri,PT. Kalbe Nutritional,ml,200.0,1.0,,140.0,24.0,5.0,2.5,0.0,1.0,,,,,,,,,,,,,,,11.0,,,,,,,,,,,
1435,Milo cair (coklat),Produk industri,PT. Nestle Indonesia,ml,190.0,1.0,,120.0,17.0,3.0,4.0,0.0,,,,,,,,,,,,,,,,15.0,,,,,,,,,,,
1436,WRP on the go (cokelat),Produk industri,PT.Nutrifood indonesia,ml,200.0,1.0,,150.0,24.0,7.0,3.0,0.0,6.0,,,,,,,,,,,,,,,16.0,,,,,,,,,,,
1437,Diabetasol (vanilla malt),Produk industri,PT. Kalbe Nutritional,g,200.0,1.0,,170.0,26.0,8.0,4.0,0.0,3.0,,,,,,,,,,,,,,,,,,,,,,,,,,
1438,Anlene (cokelat),Produk industri,PT. Fonterra brands,ml,175.0,1.0,,135.0,21.0,7.0,3.0,0.0,,,,,,,,,,,,,,,,20.0,,,,0.0,,,,,,,
1439,Indomie ayam geprek,Produk industri,PT. Indofood CBP Sukses Makmur Tbk.,g,85.0,1.0,,410.0,49.0,9.0,20.0,0.0,3.0,,,,,,,,,,,,,,,6.0,,,,,,,,,,,
1440,Indomie mi rendang,Produk industri,PT. Indofood CBP Sukses Makmur Tbk.,g,91.0,1.0,,420.0,59.0,9.0,16.0,0.0,3.0,,,,,,,,,,,,,,,9.0,,,,,,,,,,,
1441,Indomie tengkleng,Produk industri,PT. Indofood CBP Sukses Makmur Tbk.,g,75.0,1.0,,350.0,45.0,9.0,14.0,0.0,7.0,,,,,,,,,,,,,,,2.0,,,,,,,,,,,
1442,Indomie soto spesial,Produk industri,PT. Indofood CBP Sukses Makmur Tbk.,g,75.0,1.0,,330.0,44.0,7.0,14.0,0.0,5.0,,,,,,,,,,,,,,,2.0,,,,,,,,,,,
1443,Indomie kari ayam,Produk industri,PT. Indofood CBP Sukses Makmur Tbk.,g,72.0,1.0,,320.0,46.0,7.0,12.0,0.0,2.0,,,,,,,,,,,,,,,4.0,,,,,,,,,,,
1444,Pronas kornet ayam,Produk industri,PT. Canning Indonesia,g,50.0,4.0,,70.0,5.0,5.0,3.0,0.0,2.0,,,,,,,,,,,,,,,,,,,,,,,,,,
1445,Pronas kornet sapi,Produk industri,PT. Canning Indonesia,g,50.0,1.0,,80.0,5.0,6.0,3.5,0.0,3.0,,,,,,,,,,,,,,,1.0,,,,,,,,,,,
1446,Pronas chicken luncheon,Produk industri,PT. Canning Indonesia,g,50.0,4.0,,80.0,3.0,4.0,6.0,0.0,3.0,,,,,,,,,,,,,,,,,,,,,,,,,,
1447,Saus Char siu (chinese BBQ),Merek/restoran,Charsiu,g,22.0,1.0,,60.0,14.0,0.0,0.0,0.0,,,,,,,,,,,,,,,,13.0,,,,,,,,,,,
1448,Saus Teriyaki,Merek/restoran,Teriyaki,g,19.0,1.0,,15.0,4.0,0.0,0.0,0.0,,,,,,,,,,,,,,,,3.0,,,,,,,,,,,
1449,Saus Curry,Merek/restoran,Curry,g,29.0,1.0,,70.0,7.0,1.0,4.5,0.0,1.0,,,,,,,,,,,,,,,5.0,,,,,,,,,,,
1450,Saus Black pepper,Merek/restoran,Black pepper,g,18.0,1.0,,25.0,5.0,0.0,0.5,0.0,0.0,,,,,,,,,,,,,,,3.0,,,,,,,,,,,
1451,Saus Black bean,Merek/restoran,Black bean,g,9.0,1.0,,15.0,2.0,0.0,0.5,0.0,,,,,,,,,,,,,,,,1.0,,,,,,,,,,,
1452,Saus Hoisin,Merek/restoran,Hoisin,g,42.0,1.0,,100.0,22.0,1.0,0.5,0.0,1.0,,,,,,,,,,,,,,,21.0,,,,,,,,,,,
1453,Hokben Bento special 1,Merek/restoran,Hoka hoka bento,g,0.0,1.0,,612.0,74.8,24.2,23.6,0.0,,,,,,,,,,,,,,,,,,,,,,,,,,,
1454,Hokben paket B,Merek/restoran,Hoka hoka bento,g,0.0,1.0,,522.0,52.8,26.3,22.4,0.0,,,,,,,,,,,,,,,,,,,,,,,,,,,
1455,Hokben Chicken karaage,Merek/restoran,Hoka hoka bento,g,0.0,1.0,,340.0,15.0,25.0,20.5,0.0,,,,,,,,,,,,,,,,,,,,,,,,,,,
1456,Hoka hemat 4,Merek/restoran,Hoka hoka bento,g,0.0,1.0,,413.0,47.2,20.3,15.3,0.0,,,,,,,,,,,,,,,,,,,,,,,,,,,
1457,Hokben Paket C,Merek/restoran,Hoka hoka bento,g,0.0,1.0,,625.0,64.0,35.4,24.1,0.0,,,,,,,,,,,,,,,,,,,,,,,,,,,
1458,Hokben Tori Ball,Merek/restoran,Hoka hoka bento,g,0.0,1.0,,250.0,15.0,7.0,14.0,0.0,,,,,,,,,,,,,,,,,,,,,,,,,,,
1459,Sonice Chicken nugget,Produk industri,PT. So Good Food Manufacturing,g,100.0,2.0,,250.0,14.0,16.0,14.0,0.0,,,,,,,,,,,,,,,,,,,,,,,,,,,
1460,Sonice Chicken Stick,Produk industri,PT. So Good Food Manufacturing,g,100.0,15.0,,250.0,13.0,13.0,17.0,0.0,,,,,,,,,,,,,,,,,,,,,,,,,,,
1461,Sonice Chicken karage,Produk industri,PT. So Good Food Manufacturing,g,100.0,15.0,,300.0,21.0,12.0,18.0,0.0,,,,,,,,,,,,,,,,,,,,,,,,,,,
1462,Sonice Chicken wing,Produk industri,PT. So Good Food Manufacturing,g,100.0,15.0,,220.0,4.0,20.0,14.0,0.0,,,,,,,,,,,,,,,,,,,,,,,,,,,
1463,Sonice Chicken sausage,Produk industri,PT. So Good Food Manufacturing,g,60.0,20.0,,110.0,2.0,9.0,7.0,0.0,,,,,,,,,,,,,,,,,,,,,,,,,,,
1464,Sonice Bakso kuah sapi,Produk industri,PT. So Good Food Manufacturing,g,120.0,15.0,,160.0,20.0,8.0,5.0,0.0,,,,,,,,,,,,,,,,,,,,,,,,,,,
1465,Nescafe black,Produk industri,PT. Nestle Indonesia,ml,200.0,1.0,,60.0,15.0,0.0,0.0,0.0,,,,,,,,,,,,,,,,12.0,,,,,,,,,,,
1466,Luwak white coffe,Produk industri,PT. Java prima abadi,ml,240.0,1.0,,130.0,23.0,4.0,2.0,0.0,,,,,,,,,,,,,,,,,,,,,,,,,,,
1467,Good day cappuccino,Produk industri,PT. Santos jaya abadi,ml,250.0,1.0,,170.0,32.0,1.0,3.5,0.0,1.0,,,,,,,,,,,,,,,25.0,,,,,,,,,,,
1468,Nescafe latte,Produk industri,PT. Nestle Indonesia,ml,240.0,1.0,,130.0,22.0,4.0,3.5,0.0,,,,,,,,,,,,,,,,18.0,,,,,,,,,,,
1469,Kopiko 78'C coffe latte,Produk industri,PT. Mayora Indah Tbk.,ml,240.0,1.0,,160.0,28.0,4.0,3.0,0.0,,,,,,,,,,,,,,,,24.0,,,,,,,,,,,
1470,ABC EXO milk coffe,Produk industri,PT. ABC president indonesia,ml,230.0,1.0,,160.0,24.0,8.0,24.0,0.0,2.0,,,,,,,,,,,,,,,22.0,,,,,,,,,,,
1472,Coca cola zero sugar,Merek/restoran,Coca cola company,ml,330.0,1.0,,0.0,0.0,0.0,0.0,0.0,,,,,,,,,,,,,,,,,,,,,,,,,,,
1473,Sprite (kaleng),Merek/restoran,Coca cola company,ml,250.0,1.0,,100.0,25.0,0.0,0.0,0.0,,,,,,,,,,,,,,,,25.0,,,,,,,,,,,
1474,Kratingdaeng Pro,Merek/restoran,Kratingdaeng Indonesia,ml,240.0,1.0,,120.0,27.0,0.0,0.0,0.0,,,,,,,,,,,,,,,,27.0,,,,,,,,,,,
1475,A&W,Merek/restoran,Coca cola company,ml,330.0,1.0,,170.0,43.0,0.0,0.0,0.0,,,,,,,,,,,,,,,,43.0,,,,,,,,,,,
1476,Red Bull,Merek/restoran,Red Bull,g,250.0,1.0,,112.0,28.0,0.0,0.0,0.0,,,,,,,,,,,,,,,,,,,,,,,,,,,
1477,Kopiko coffe candy,Produk industri,PT. Mayora Indah Tbk.,g,9.0,50.0,,40.0,8.0,0.0,1.0,0.0,,,,,,,,,,,,,,,,6.0,,,,,,,,,,,
1478,Fox's Fruits,Produk industri,PT. Jaya Utama Santika,g,4.5,50.0,,15.0,4.0,0.0,0.0,0.0,,,,,,,,,,,,,,,,3.0,,,,,,,,,,,
1479,UHA Milk Candy,Produk industri,PT. UHA Mikakuto Indonesia,g,3.0,50.0,,15.0,3.0,0.0,0.0,0.0,,,,,,,,,,,,,,,,2.0,,,,,,,,,,,
1480,Permen RELAXA,Produk industri,PT. Aggel Langgeng,g,2.5,50.0,,10.0,2.0,0.0,0.0,0.0,,,,,,,,,,,,,,,,2.0,,,,,,,,,,,
1481,Ricola herb canndy,Merek/restoran,Ricola,g,15.0,50.0,,60.0,15.0,0.0,0.0,0.0,,,,,,,,,,,,,,,,,,,,,,,,,,,
1482,Permen Fisherman's friend original,Merek/restoran,Fishermans's,g,1.15,50.0,,0.0,0.0,0.0,0.0,0.0,,,,,,,,,,,,,,,,,,,,,,,,,,,
1483,Dua kelinci kacang garing,Produk industri,PT. Kacang dua kelincii,g,25.0,1.0,,160.0,4.0,8.0,12.0,0.0,3.0,,,,,,,,,,,,,,,1.0,,,,,,,,,,,
1484,Dua kelinci sukro,Produk industri,PT. Kacang dua kelincii,g,25.0,1.0,,130.0,15.0,2.0,7.0,0.0,2.0,,,,,,,,,,,,,,,1.0,,,,,,,,,,,
1485,Dua kelinci kacang polong,Produk industri,PT. Kacang dua kelincii,g,25.0,1.0,,120.0,15.0,3.0,5.0,0.0,5.0,,,,,,,,,,,,,,,,,,,,,,,,,,
1486,MR.P Garlic peanut,Produk industri,PT. Mitrasatrya Perkasautama,g,40.0,1.0,,240.0,14.0,6.0,17.0,0.0,,,,,,,,,,,,,,,,,,,,,,,,,,,
1487,MR.P Cashewnuts,Produk industri,PT. Mitrasatrya Perkasautama,g,40.0,1.0,,250.0,11.0,7.0,19.0,0.0,,,,,,,,,,,,,,,,,,,,,,,,,,,
1488,MR. P Honey Peanuts,Produk industri,PT. Mitrasatrya Perkasautama,g,25.0,1.0,,150.0,5.0,7.0,12.0,0.0,,,,,,,,,,,,,,,,3.0,,,,,,,,,,,
1489,Saladstop Jai Ho,Merek/restoran,Saladstop!,g,0.0,1.0,,324.9,28.3,22.3,14.3,355.3,7.1,,,,,,,,,,,,,,,8.4,47.7,,,,,,,,,,
1490,Saladstop bold bulgogi,Merek/restoran,Saladstop!,g,0.0,1.0,,411.8,30.6,17.7,25.7,695.4,6.0,,,,,,,,,,,,,,,13.3,33.4,,,,,,,,,,
1491,Saladstop Sunshine jakarta,Merek/restoran,Saladstop!,g,0.0,1.0,,556.6,50.7,45.2,26.6,988.8,15.1,,,,,,,,,,,,,,,18.1,70.4,,,,,,,,,,
1492,Saladstop Cobb,Merek/restoran,Saladstop!,g,0.0,1.0,,538.0,20.1,34.0,35.3,785.6,6.4,,,,,,,,,,,,,,,6.4,265.2,,,,,,,,,,
1493,Saladstop tingtong,Merek/restoran,Saladstop!,g,0.0,1.0,,843.4,83.3,30.6,46.2,1004.6,13.5,,,,,,,,,,,,,,,14.5,50.4,,,,,,,,,,
1494,Saladstop Sea Breeze,Merek/restoran,Saladstop!,g,0.0,1.0,,379.3,17.4,29.5,23.0,2032.3,6.2,,,,,,,,,,,,,,,7.9,21.1,,,,,,,,,,
1495,Yoshinoya Beef bowl (Reguler bowl),Merek/restoran,Yoshinoya,g,425.0,1.0,,730.0,91.0,30.0,27.0,0.0,3.0,,,,,,,,,,,,,,,5.0,,,,,,,,,,,
1496,Yoshinoya Beef bowl (Large bowl),Merek/restoran,Yoshinoya,g,610.0,1.0,,1040.0,131.0,43.0,38.0,0.0,5.0,,,,,,,,,,,,,,,8.0,,,,,,,,,,,
1497,Yoshinoya Teriyaki (Reguler bowl),Merek/restoran,Yoshinoya,g,572.0,1.0,,790.0,110.0,48.0,18.0,0.0,5.0,,,,,,,,,,,,,,,16.0,,,,,,,,,,,
1498,Yoshinoya Teriyaki (Large bowl),Merek/restoran,Yoshinoya,g,903.0,1.0,,1140.0,165.0,66.0,25.0,0.0,9.0,,,,,,,,,,,,,,,25.0,,,,,,,,,,,
1499,Yoshinoya Veggie beef bowl (Reguler bowl),Merek/restoran,Yoshinoya,g,496.0,1.0,,650.0,95.0,24.0,20.0,0.0,5.0,,,,,,,,,,,,,,,4.0,,,,,,,,,,,
1500,Yoshinoya Veggie beef bowl (Large bowl),Merek/restoran,Yoshinoya,g,808.0,1.0,,960.0,141.0,35.0,29.0,0.0,9.0,,,,,,,,,,,,,,,8.0,,,,,,,,,,,
1501,Es krim Wall's double dutch,Produk industri,PT. Andrawina Darma Manunggal Mulya,ml,100.0,1.0,,150.0,18.0,3.0,7.0,0.0,1.0,,,,,,,,,,,,,,,9.0,,,,,,,,,,,
1502,Es krim Wall's oreo cookies cream,Produk industri,PT. Andrawina Darma Manunggal Mulya,ml,100.0,1.0,,140.0,17.0,2.0,7.0,0.0,1.0,,,,,,,,,,,,,,,11.0,,,,,,,,,,,
1503,Es krim Wall's oreo chocolate,Produk industri,PT. Andrawina Darma Manunggal Mulya,ml,100.0,1.0,,140.0,21.0,2.0,4.0,0.0,1.0,,,,,,,,,,,,,,,15.0,,,,,,,,,,,
1504,Es krim Diamond durian,Produk industri,PT. Sukanda djaya,ml,100.0,1.0,,100.0,12.0,2.0,6.0,0.0,,,,,,,,,,,,,,,,9.0,,,,,,,,,,,
1505,Es krim Diamond vanilla,Produk industri,PT. Sukanda djaya,ml,100.0,1.0,,110.0,12.0,2.0,6.0,0.0,,,,,,,,,,,,,,,,9.0,,,,,,,,,,,
1506,Es krim Diamond kacang hijau,Produk industri,PT. Sukanda djaya,ml,100.0,1.0,,220.0,12.0,4.0,11.0,0.0,,,,,,,,,,,,,,,,8.0,,,,,,,,,,,
1507,Jif extra crunchy,Produk industri,PT. Astaguna Wisesa,g,32.0,1.0,,190.0,8.0,7.0,16.0,0.0,2.0,,,,,,,,,,,,,,,3.0,,,,,,,,,,,
1508,Selai Smucker's Strawberry,Produk industri,PT. Sonton Food Indonesia,g,20.0,1.0,,50.0,13.0,0.0,0.0,0.0,,,,,,,,,,,,,,,,,,,,,,,,,,,
1509,Selai Smucker's Blueberry,Produk industri,PT. Sonton Food Indonesia,g,20.0,1.0,,50.0,13.0,0.0,0.0,0.0,,,,,,,,,,,,,,,,12.0,,,,,,,,,,,
1510,Selai Skippy Chunky,Merek/restoran,Skippy Indonesia,g,32.0,1.0,,210.0,7.0,7.0,17.0,0.0,2.0,,,,,,,,,,,,,,,3.0,,,,,,,,,,,
1511,Yogurt greek yummy original,Produk industri,PT. Heavenly nutrition indonesia,g,100.0,1.0,,140.0,17.0,7.0,4.0,0.0,,,,,,,,,,,,,,,,8.0,,,,,,,,,,,
1512,Yogurt greek yummy blueberry,Produk industri,PT. Heavenly nutrition indonesia,g,100.0,1.0,,140.0,19.0,8.0,3.5,65.0,,,,,,,,,,,,,,,,10.0,,,,,,,,,,,
1513,Yogurt greek heavenly blush honey,Produk industri,PT. Heavenly nutrition indonesia,g,100.0,1.0,,180.0,18.0,5.0,10.0,40.0,2.0,,,,,,,,,,,,,,,9.0,,,,,,,,,,,
1514,Yogurt greek yummy strawberry,Produk industri,PT. Heavenly nutrition indonesia,g,100.0,1.0,,120.0,16.0,8.0,3.0,70.0,,,,,,,,,,,,,,,,9.0,,,,,,,,,,,
1515,Yogurt greek heavenly blush strawberrt,Produk industri,PT. Heavenly nutrition indonesia,g,100.0,1.0,,170.0,18.0,5.0,9.0,45.0,4.0,,,,,,,,,,,,,,,10.0,,,,,,,,,,,
1516,Nescafe original 3 in 1,Produk industri,PT. Nestle Indonesia,g,17.5,1.0,,80.0,15.0,1.0,2.0,0.0,,,,,,,,,,,,,,,,11.0,,,,,,,,,,,
1517,Kopi Good day the original,Produk industri,PT. Santos jaya abadi,g,20.0,1.0,,90.0,16.0,1.0,2.5,0.0,1.0,,,,,,,,,,,,,,,13.0,,,,,,,,,,,
1518,Kopi Kapal api grande white coffe,Produk industri,PT. Santos jaya abadi,g,20.0,1.0,,90.0,17.0,1.0,2.0,0.0,1.0,,,,,,,,,,,,,,,12.0,,,,,,,,,,,
1519,Kopi Indocafe coffemix 3 in 1,Produk industri,PT. Sari Incofood,g,20.0,1.0,,90.0,17.0,1.0,2.0,0.0,,,,,,,,,,,,,,,,13.0,,,,,,,,,,,
1520,Kopi Indocafe cappuccino,Produk industri,PT. Sari Incofood,g,25.0,1.0,,110.0,19.0,2.0,3.0,0.0,,,,,,,,,,,,,,,,14.0,,,,,,,,,,,
1521,Kopi luwak white koffie,Produk industri,PT. Java prima abadi,g,20.0,1.0,,90.0,17.0,1.0,2.0,0.0,2.0,,,,,,,,,,,,,,,12.0,,,,,,,,,,,
1522,Krupuk Bocah Tua (mentah),Produk industri,PT. . Indosnack Makmur Abadi,g,100.0,1.0,,340.0,84.0,1.0,0.0,1570.0,,,,,,,,,,,,,,,,,,,,,,,,,,,
1523,Krupuk udang Ny. Siok (mentah),Merek/restoran,NY. SIOK,g,20.0,1.0,,70.0,16.0,2.0,0.0,260.0,,,,,,,,,,,,,,,,2.0,,,,,,,,,,,
1524,Pocky Chocolate,Produk industri,PT. Glico Indonesia,,,1.0,,220.0,32.0,4.0,8.0,90.0,2.0,,,,,,,,,,,,,,,14.0,,7.0,35.0,,,,,,,,
1527,Pocky Strawberry,Produk industri,PT. Glico Indonesia,g,45.0,1.0,,220.0,31.0,3.0,10.0,0.0,,,,,,,,,,,,,,,,9.0,,,,,,,,,,,
1528,Pocky Choco banana,Produk industri,PT. Glico Indonesia,g,42.0,1.0,,220.0,28.0,3.0,10.0,0.0,,,,,,,,,,,,,,,,12.0,,,,,,,,,,,
1530,san remo pasta sauce spaghetti (mentah),Produk industri,PT. Sukanda djaya,g,125.0,1.0,,457.0,90.0,15.0,2.5,0.0,3.8,,,,,,,,,,,,,,,3.1,,,,,,,,,,,
1531,san remo pasta sauce wholemeal (mentah),Produk industri,PT. Sukanda djaya,g,125.0,1.0,,452.0,78.0,19.0,4.0,0.0,11.0,,,,,,,,,,,,,,,4.0,,,,,,,,,,,
1532,san remo pasta sauce spinach fettuccine(mentah),Produk industri,PT. Sukanda djaya,g,125.0,1.0,,457.0,89.0,15.0,2.5,0.0,6.0,,,,,,,,,,,,,,,4.0,,,,,,,,,,,
1533,san remo pasta sauce bolognese mushroom,Produk industri,PT. Sukanda djaya,g,125.0,1.0,,77.0,8.6,2.1,3.6,0.0,,,,,,,,,,,,,,,,4.8,,,,,,,,,,,
1534,san remo sauce tomato basil,Produk industri,PT. Sukanda djaya,g,125.0,1.0,,96.0,11.5,2.0,4.6,0.0,,,,,,,,,,,,,,,,7.4,,,,,,,,,,,
1535,san remo sauce napolitana,Produk industri,PT. Sukanda djaya,g,125.0,1.0,,72.0,8.6,1.4,3.5,0.0,,,,,,,,,,,,,,,,6.5,,,,,,,,,,,
1536,Permen Xylitol fresh mint,Merek/restoran,Lotte Indonesia,g,2.9,10.0,,10.0,3.0,0.0,0.0,0.0,,,,,,,,,,,,,,,,,,,,,,,,,,,
1537,Permen mentos peppermint,Merek/restoran,Lotte Indonesia,g,1.4,10.0,,5.0,1.0,0.0,0.0,0.0,,,,,,,,,,,,,,,,,,,,,,,,,,,
1538,Permen frozz mint,Produk industri,PT. Konimex,g,1.1,10.0,,0.0,1.0,0.0,0.0,0.0,,,,,,,,,,,,,,,,,,,,,,,,,,,
1539,Permen frozz lime mint,Produk industri,PT. Konimex,g,1.1,10.0,,0.0,1.0,0.0,0.0,0.0,,,,,,,,,,,,,,,,,,,,,,,,,,,
1540,permen xylitol jeruk nipis,Merek/restoran,Lotte Indonesia,g,2.9,10.0,,10.0,2.0,0.0,0.0,0.0,,,,,,,,,,,,,,,,,,,,,,,,,,,
1541,Permen mentos spearmint,Produk industri,PT. Perfetti van melle,g,1.4,10.0,,5.0,1.0,0.0,0.0,0.0,,,,,,,,,,,,,,,,,,,,,,,,,,,
1542,Hati kambing (mentah),Buatan sendiri,,g,100.0,0.0,,139.0,1.78,20.38,5.02,0.0,0.0,,,,,,,,,,,,,,,0.0,371.0,,,,,,,,,,
1543,Ginjal kambing (mentah),Buatan sendiri,,g,100.0,0.0,,97.0,0.82,15.74,2.95,0.0,0.0,,,,,,,,,,,,,,,0.0,337.0,,,,,,,,,,
1544,Otak kambing (mentah),Buatan sendiri,,g,100.0,0.0,,122.0,0.0,10.4,8.58,0.0,0.0,,,,,,,,,,,,,,,0.0,1352.0,,,,,,,,,,
1545,Jantung kambing (mentah),Buatan sendiri,,g,100.0,0.0,,122.0,0.21,16.47,5.68,0.0,0.0,,,,,,,,,,,,,,,0.0,135.0,,,,,,,,,,
1546,Pankreas kambing (mentah),Buatan sendiri,,g,100.0,0.0,,152.0,0.0,14.84,9.82,0.0,0.0,,,,,,,,,,,,,,,0.0,260.0,,,,,,,,,,
1547,donat Krispy kreme original glazed,Merek/restoran,Krispy kreme,g,49.0,1.0,,190.0,21.0,3.0,11.0,0.0,1.0,,,,,,,,,,,,,,,10.0,,,,,,,,,,,
1548,donat Krispy kreme classic cinnamon,Merek/restoran,Krispy kreme,g,45.0,1.0,,190.0,21.0,3.0,11.0,0.0,1.0,,,,,,,,,,,,,,,8.0,,,,,,,,,,,
1549,donat Krispy kreme mini original glazed,Merek/restoran,Krispy kreme,g,23.3,1.0,,83.3,10.0,1.0,4.3,0.0,0.3,,,,,,,,,,,,,,,4.7,,,,,,,,,,,
1550,donat Krispy kreme chocolate iced,Merek/restoran,Krispy kreme,g,63.0,1.0,,240.0,33.0,3.0,11.0,0.0,1.0,,,,,,,,,,,,,,,20.0,,,,,,,,,,,
1551,donat Krispy kreme oreo chocolate cream,Merek/restoran,Krispy kreme,g,96.0,1.0,,390.0,49.0,4.0,21.0,0.0,1.0,,,,,,,,,,,,,,,27.0,,,,,,,,,,,
1552,donat Krispy kreme glazed chocolate cake,Merek/restoran,Krispy kreme,g,71.0,1.0,,250.0,38.0,3.0,10.0,0.0,1.0,,,,,,,,,,,,,,,24.0,,,,,,,,,,,
1553,Teh botol sosro original,Produk industri,PT.Sinar Sosro,ml,450.0,1.0,,140.0,34.0,0.0,0.0,0.0,,,,,,,,,,,,,,,,32.0,,,,,,,,,,,
1554,Teh botol sosro less sugar,Produk industri,PT.Sinar Sosro,ml,450.0,1.0,,90.0,22.0,0.0,0.0,0.0,,,,,,,,,,,,,,,,22.0,,,,,,,,,,,
1555,Teh botol tawar,Produk industri,PT.Sinar Sosro,ml,350.0,1.0,,0.0,0.0,0.0,0.0,0.0,,,,,,,,,,,,,,,,0.0,,,,,,,,,,,
1556,Teh botol sosro tawar,Produk industri,PT. Mayora Indah Tbk.,g,350.0,1.0,,0.0,0.0,0.0,0.0,0.0,,,,,,,,,,,,,,,,0.0,,,,,,,,,,,
1557,Teh pucuk harum,Produk industri,PT. Mayora Indah Tbk.,ml,500.0,1.0,,140.0,36.0,0.0,0.0,0.0,,,,,,,,,,,,,,,,36.0,,,,,,,,,,,
1558,Teh frestea,Merek/restoran,Coca cola company,ml,500.0,1.0,,160.0,40.0,0.0,0.0,0.0,,,,,,,,,,,,,,,,36.0,,,,,,,,,,,
1559,Teh gelas,Produk industri,PT. Orang Tua (OT),ml,500.0,1.0,,175.0,45.0,0.0,0.0,0.0,,,,,,,,,,,,,,,,40.0,,,,,,,,,,,
1560,Eskrim Magnum classic,Produk industri,PT. Andrawina Darma Manunggal Mulya,ml,90.0,1.0,,240.0,30.0,3.0,13.0,0.0,4.0,,,,,,,,,,,,,,,18.0,,,,,,,,,,,
1561,Eskrim magnum white almond,Produk industri,PT. Andrawina Darma Manunggal Mulya,ml,80.0,1.0,,230.0,23.0,3.0,14.0,0.0,3.0,,,,,,,,,,,,,,,13.0,,,,,,,,,,,
1562,Eskrim paddle pop choco magma,Produk industri,PT. Andrawina Darma Manunggal Mulya,ml,55.0,1.0,,70.0,12.0,1.0,2.5,0.0,1.0,,,,,,,,,,,,,,,8.0,,,,,,,,,,,
1563,Eskrim walls feast vanila,Produk industri,PT. Andrawina Darma Manunggal Mulya,ml,65.0,1.0,,140.0,15.0,2.0,8.0,0.0,1.0,,,,,,,,,,,,,,,13.0,,,,,,,,,,,
1564,Eskrim cornetto chocolate,Produk industri,PT. Andrawina Darma Manunggal Mulya,ml,120.0,1.0,,260.0,34.0,3.0,12.0,0.0,2.0,,,,,,,,,,,,,,,22.0,,,,,,,,,,,
1565,Eskrim cornetto oreo,Produk industri,PT. Andrawina Darma Manunggal Mulya,ml,110.0,1.0,,240.0,33.0,2.0,11.0,0.0,2.0,,,,,,,,,,,,,,,20.0,,,,,,,,,,,
1566,Roma Malkist,Produk industri,PT. Mayora Indah Tbk.,g,27.0,12.0,,120.0,19.0,2.0,4.5,0.0,,,,,,,,,,,,,,,,3.0,,,,,,,,,,,
1567,Nissin crispy crackers,Produk industri,PT. nissin biscuit indonesia,g,30.0,20.0,,150.0,21.0,2.0,6.0,0.0,,,,,,,,,,,,,,,,3.0,,,,,,,,,,,
1568,Gery Saluut Malkist,Produk industri,PT. Garudafood Putra Putri Jaya Tbk,g,28.0,12.0,,130.0,19.0,2.0,5.0,0.0,,,,,,,,,,,,,,,,5.0,,,,,,,,,,,
1569,Khong Guan Malkist abon,Produk industri,PT. KHONG GUAN,g,18.0,12.0,,80.0,13.0,2.0,3.0,0.0,,,,,,,,,,,,,,,,3.0,,,,,,,,,,,
1570,Khong guan Saltcheese,Produk industri,PT Khong Guan Biscuit Factory Indonesia Ltd,g,16.0,20.0,,80.0,10.0,1.0,4.0,0.0,0.0,,,,,,,,,,,,,,,2.0,,,,,,,,,,,
1571,Khong guan malkist seaweed,Produk industri,PT Khong Guan Biscuit Factory Indonesia Ltd,g,18.0,20.0,,90.0,12.0,1.0,3.5,0.0,,,,,,,,,,,,,,,,2.0,,,,,,,,,,,
1572,Coklat silverqueen almond,Produk industri,PT. Petra food indonesia,g,30.0,1.0,,170.0,14.0,4.0,11.0,0.0,,,,,,,,,,,,,,,,11.0,,,,,,,,,,,
1573,Cadbury Dairy Milk,Produk industri,PT. Cadbury Indonesia,g,30.0,1.0,,160.0,18.0,2.0,2.0,0.0,,,,,,,,,,,,,,,,15.0,,,,,,,,,,,
1574,Coklat silverqueen chunky almond bar,Produk industri,PT. Petra food indonesia,g,30.0,3.0,,170.0,15.0,3.0,11.0,0.0,,,,,,,,,,,,,,,,12.0,,,,,,,,,,,
1575,Coklat Ritter Sport Whole Almonds,Produk industri,PT. Nirwana Lestari,g,25.0,2.0,,140.0,13.0,3.0,9.0,0.0,,,,,,,,,,,,,,,,9.0,,,,,,,,,,,
1576,Coklat Delfi dairy milk,Produk industri,PT. Petra Food,g,27.0,8.0,,150.0,15.0,2.0,9.0,0.0,,,,,,,,,,,,,,,,12.0,,,,,,,,,,,
1577,Coklat Toblerone,Produk industri,PT. Nirwana Lestari,g,25.0,12.0,,130.0,15.0,1.0,7.0,0.0,,,,,,,,,,,,,,,,15.0,,,,,,,,,,,
1578,Buavita Apple,Produk industri,"PT. Ultrajaya Milk Industry, Tbk",ml,250.0,1.0,,110.0,25.0,0.0,0.0,0.0,0.0,,,,,,,,,,,,,,,23.0,,,,,,,,,,,
1579,Buavita Orange,Produk industri,"PT. Ultrajaya Milk Industry, Tbk",ml,250.0,1.0,,120.0,28.0,0.0,0.0,0.0,0.5,,,,,,,,,,,,,,,23.0,,,,,,,,,,,
1580,Buavita royale sunshine carrot,Produk industri,"PT. Ultrajaya Milk Industry, Tbk",ml,250.0,1.0,,120.0,28.0,0.0,0.0,0.0,2.0,,,,,,,,,,,,,,,25.0,,,,,,,,,,,
1581,Buavita royale chloro broccoli,Produk industri,"PT. Ultrajaya Milk Industry, Tbk",ml,250.0,1.0,,120.0,29.0,0.0,0.0,0.0,0.0,,,,,,,,,,,,,,,27.0,,,,,,,,,,,
1582,Buavita Guava,Produk industri,"PT. Ultrajaya Milk Industry, Tbk",ml,250.0,1.0,,130.0,30.0,1.0,0.0,0.0,4.0,,,,,,,,,,,,,,,20.0,,,,,,,,,,,
1583,Buavita Mango,Produk industri,"PT. Ultrajaya Milk Industry, Tbk",ml,250.0,1.0,,130.0,30.0,0.0,0.0,0.0,0.0,,,,,,,,,,,,,,,23.0,,,,,,,,,,,
1584,Susu tropicana slim high fiber milk cokelat,Produk industri,PT.Nutrifood indonesia,g,45.0,1.0,,170.0,31.0,10.0,0.0,0.0,6.0,,,,,,,,,,,,,,,12.0,,,,,,,,,,,
1585,Susu tropicana slim high fiber milk vanilla,Produk industri,PT. Nutrifood Indonesia,g,40.0,1.0,,150.0,25.0,10.0,1.0,0.0,6.0,,,,,,,,,,,,,,,12.0,,,,,,,,,,,
1586,Susu Slim dan fit coklat,Produk industri,PT. Kalbe Nutritional,g,54.0,1.0,,200.0,30.0,15.0,3.0,0.0,5.0,,,,,,,,,,,,,,,12.0,,,,,,,,,,,
1587,Susu Slim dan fit vanila,Produk industri,PT. Kalbe Nutritional,g,54.0,1.0,,200.0,30.0,15.0,2.5,0.0,5.0,,,,,,,,,,,,,,,13.0,,,,,,,,,,,
1588,Susu WRP loses weight coklat,Produk industri,PT. Nutrifood Indonesia,g,50.0,1.0,,220.0,27.0,14.0,6.0,0.0,2.0,,,,,,,,,,,,,,,20.0,,,,,,,,,,,
1589,Susu WRP Lose weight stroberi,Produk industri,PT.Nutrifood indonesia,g,50.0,1.0,,220.0,25.0,14.0,6.0,0.0,2.0,,,,,,,,,,,,,,,21.0,,,,,,,,,,,
1590,Keju kraft cheddar,Produk industri,PT. Kraft foods Indonesia,g,20.0,1.0,,70.0,2.0,4.0,5.0,0.0,,,,,,,,,,,,,,,,,,,,,,,,,,,
1591,Keju kraft quick melt,Produk industri,PT. Kraft foods Indonesia,g,30.0,1.0,,100.0,4.0,5.0,7.0,0.0,,,,,,,,,,,,,,,,1.0,,,,,,,,,,,
1592,Keju greenfileds mozzarella,Produk industri,PT. Greenfield Indonesia,g,20.0,1.0,,90.0,2.0,7.0,6.0,0.0,,,,,,,,,,,,,,,,,,,,,,,,,,,
1593,Keju greenfields ricotta,Produk industri,PT. Greenfield Indonesia,g,50.0,1.0,,110.0,2.0,4.0,9.0,0.0,0.0,,,,,,,,,,,,,,,1.0,,,,,,,,,,,
1594,Keju Meg cheddar,Produk industri,PT. Megmilk Snow Brand Indonesia,g,30.0,1.0,,90.0,2.0,6.0,7.0,0.0,,,,,,,,,,,,,,,,,,,,,,,,,,,
1595,Keju Diamond cheddar,Produk industri,PT. Sukanda djaya,g,30.0,1.0,,70.0,8.0,5.0,2.0,0.0,,,,,,,,,,,,,,,,,,,,,,,,,,,
1596,biskuit Lotte choco pie,Produk industri,PT. Lotte Indonesia,g,28.0,8.0,,120.0,19.0,1.0,4.5,0.0,,,,,,,,,,,,,,,,10.0,,,,,,,,,,,
1597,Biskuit serena egg rolls chocolate,Produk industri,PT. Monde Mahkota Biskuit,g,14.0,1.0,,80.0,8.0,1.0,4.5,0.0,1.0,,,,,,,,,,,,,,,4.0,,,,,,,,,,,
1598,Timtam,Produk industri,PT. Arrnott's Indonesia,g,30.0,10.0,,150.0,21.0,2.0,7.0,0.0,2.0,,,,,,,,,,,,,,,11.0,,,,,,,,,,,
1600,Susu My protein impact whey protein,Produk industri,PT. Natural Nusantara,g,25.0,1.0,,105.0,3.0,20.0,1.8,0.0,0.5,,,,,,,,,,,,,,,1.6,,,,,,,,,,,
1601,Susu BSN syntha-6,Merek/restoran,BSN,g,47.2,1.0,,200.0,14.0,22.0,6.0,0.0,5.0,,,,,,,,,,,,,,,2.0,,,,,,,,,,,
1602,Susu On gold standard whey,Produk industri,PT. Optimum Nutrition,g,30.4,1.0,,120.0,3.0,20.0,1.8,0.0,0.5,,,,,,,,,,,,,,,1.6,,,,,,,,,,,
1603,Nissin Kukis Sagu Keju,Produk industri,PT. nissin biscuit indonesia,g,30.0,4.0,,150.0,21.0,1.0,6.0,90.0,,,,,,,,,,,,,,,,6.0,,,,,,,,,,,
1604,Sushi ngiri salmon,Merek/restoran,Sansai grill,g,28.5,1.0,,45.0,3.0,3.0,2.0,0.0,0.5,,,,,,,,,,,,,,,0.0,,,,,,,,,,,
1605,Sushi ngiri tuna,Merek/restoran,Sansai grill,g,28.5,1.0,,31.0,3.0,4.0,1.0,0.0,0.5,,,,,,,,,,,,,,,0.0,,,,,,,,,,,
1606,Sushi hand roll unagi,Merek/restoran,Sansai grill,g,116.0,1.0,,152.0,14.0,9.0,6.0,0.0,1.0,,,,,,,,,,,,,,,1.0,,,,,,,,,,,
1607,Sushi hand roll shrimp,Merek/restoran,Sansai grill,g,102.0,1.0,,90.0,9.0,8.0,2.0,0.0,1.0,,,,,,,,,,,,,,,0.5,,,,,,,,,,,
1608,Sushi dragon roll,Merek/restoran,Sansai grill,g,342.0,1.0,,373.0,65.5,12.0,8.0,0.0,3.0,,,,,,,,,,,,,,,12.0,,,,,,,,,,,
1609,Sushi red bull roll,Merek/restoran,Sansai grill,g,337.5,1.0,,484.0,72.0,28.0,7.5,0.0,1.0,,,,,,,,,,,,,,,28.0,,,,,,,,,,,
1610,Burger whopper,Merek/restoran,BURGER KING,g,270.0,1.0,,660.0,49.0,28.0,40.0,0.0,2.0,,,,,,,,,,,,,,,11.0,,,,,,,,,,,
1611,Burger double whopper,Merek/restoran,BURGER KING,g,354.0,1.0,,900.0,49.0,48.0,58.0,0.0,2.0,,,,,,,,,,,,,,,11.0,,,,,,,,,,,
1612,Burger cheeseburger,Merek/restoran,BURGER KING,g,111.0,1.0,,280.0,27.0,15.0,13.0,0.0,1.0,,,,,,,,,,,,,,,7.0,,,,,,,,,,,
1613,French fries,Merek/restoran,BURGER KING,g,153.0,1.0,,380.0,53.0,5.0,17.0,0.0,4.0,,,,,,,,,,,,,,,0.0,,,,,,,,,,,
1614,Onion rings,Merek/restoran,BURGER KING,g,117.0,1.0,,410.0,53.0,4.0,21.0,0.0,4.0,,,,,,,,,,,,,,,5.0,,,,,,,,,,,
1615,Ice Cone,Merek/restoran,BURGER KING,g,120.0,1.0,,190.0,32.0,5.0,4.5,0.0,0.0,,,,,,,,,,,,,,,24.0,,,,,,,,,,,
1616,Royco kaldu ayam,Produk industri,PT. Unilever Indonesia,g,2.0,1.0,,0.0,0.0,0.0,0.0,0.0,,,,,,,,,,,,,,,,,,,,,,,,,,,
1617,Royco kaldu sapi,Produk industri,PT. Unilever Indonesia,g,2.0,1.0,,0.0,0.0,0.0,0.0,0.0,,,,,,,,,,,,,,,,,,,,,,,,,,,
1618,Boncabe level 15,Produk industri,PT. KOBE,g,2.5,1.0,,10.0,1.0,0.0,0.0,0.0,,,,,,,,,,,,,,,,,,,,,,,,,,,
1619,Boncabe level 10,Produk industri,PT. Kobe Boga Utama,g,2.5,1.0,,10.0,1.0,0.0,0.0,0.0,,,,,,,,,,,,,,,,,,,,,,,,,,,
1620,Royco ayam bumbu rujak,Produk industri,PT. Unilever Indonesia,g,3.7,1.0,,10.0,2.0,0.0,0.0,0.0,,,,,,,,,,,,,,,,2.0,,,,,,,,,,,
1621,Royco nasi goreng,Produk industri,PT. Unilever Indonesia,g,4.5,1.0,,15.0,2.0,0.0,0.0,0.0,,,,,,,,,,,,,,,,2.0,,,,,,,,,,,
1622,Dairy queen Vanilla cone,Merek/restoran,Dairy queen,g,199.0,1.0,,330.0,52.0,9.0,9.0,0.0,0.0,,,,,,,,,,,,,,,36.0,,,,,,,,,,,
1623,Dairy queen chocolate dipped cone,Merek/restoran,Dairy queen,g,220.0,1.0,,460.0,59.0,9.0,22.0,0.0,1.0,,,,,,,,,,,,,,,43.0,,,,,,,,,,,
1624,Dairy queen mocha moolatte,Merek/restoran,Dairy queen,g,489.0,1.0,,580.0,88.0,10.0,22.0,0.0,1.0,,,,,,,,,,,,,,,77.0,,,,,,,,,,,
1625,Dairy queen oreo cookie blizzard,Merek/restoran,Dairy queen,g,358.0,1.0,,780.0,117.0,15.0,29.0,0.0,1.0,,,,,,,,,,,,,,,84.0,,,,,,,,,,,
1626,Dairy queen hot fudge sundae,Merek/restoran,Dairy queen,g,234.0,1.0,,430.0,66.0,9.0,15.0,0.0,1.0,,,,,,,,,,,,,,,52.0,,,,,,,,,,,
1627,Dairy queen banana split,Merek/restoran,Dairy queen,g,374.0,1.0,,520.0,92.0,9.0,14.0,0.0,4.0,,,,,,,,,,,,,,,72.0,,,,,,,,,,,
1628,Kusuka keripik singkong,Produk industri,PT. Arira Pangindo,g,20.0,1.0,,100.0,14.0,0.0,4.5,0.0,1.0,,,,,,,,,,,,,,,1.0,,,,,,,,,,,
1629,Kusuka keripik ubi,Produk industri,PT. Arira Pangindo,g,20.0,1.0,,110.0,12.0,1.0,7.0,0.0,1.0,,,,,,,,,,,,,,,3.0,,,,,,,,,,,
1630,Kusuka keripik emping,Produk industri,PT. Arira Pangindo,g,25.0,1.0,,140.0,13.0,2.0,9.0,0.0,1.0,,,,,,,,,,,,,,,1.0,,,,,,,,,,,
1631,keripik Qtela singkong,Produk industri,PT. Arira Pangindo,g,20.0,1.0,,100.0,14.0,0.0,5.0,0.0,,,,,,,,,,,,,,,,1.0,,,,,,,,,,,
1632,Keripik Qtela ubi ungu,Produk industri,PT. Indofood CBP Sukses Makmur Tbk.,g,20.0,1.0,,100.0,14.0,0.0,5.0,0.0,,,,,,,,,,,,,,,,3.0,,,,,,,,,,,
1633,Qtela Tempe,Produk industri,PT. Indofood CBP Sukses Makmur Tbk.,g,20.0,1.0,,110.0,8.0,4.0,7.0,0.0,,,,,,,,,,,,,,,,0.0,,,,,,,,,,,
1634,Yogurt frozen pinkberry (Besar),Merek/restoran,Pinkberry,g,369.0,1.0,,390.0,81.0,15.0,1.0,0.0,0.0,,,,,,,,,,,,,,,77.0,,,,,,,,,,,
1635,Yogurt frozen pinkberry (Medium),Merek/restoran,Pinkberry,g,227.0,1.0,,240.0,50.0,9.0,0.0,0.0,0.0,,,,,,,,,,,,,,,47.0,,,,,,,,,,,
1636,Yogurt frozen pinkberry (Kecil),Merek/restoran,Pinkberry,g,142.0,1.0,,150.0,31.0,6.0,0.0,0.0,0.0,,,,,,,,,,,,,,,30.0,,,,,,,,,,,
1637,Garlic parmesan (classic wings),Merek/restoran,Wingstop,g,0.0,1.0,,206.0,1.0,16.0,15.0,0.0,1.0,,,,,,,,,,,,,,,0.0,,,,,,,,,,,
1638,Lemon pepper (classic wings),Merek/restoran,Wingstop,g,0.0,1.0,,180.0,1.0,15.0,13.0,0.0,1.0,,,,,,,,,,,,,,,0.0,,,,,,,,,,,
1639,Red Hot Cajun  (classic wings),Merek/restoran,Wingstop,g,0.0,1.0,,142.0,1.0,15.0,8.0,0.0,1.0,,,,,,,,,,,,,,,0.0,,,,,,,,,,,
1640,Lousiana rub (classic wings),Merek/restoran,Wingstop,g,0.0,1.0,,171.0,1.0,15.0,12.0,0.0,1.0,,,,,,,,,,,,,,,0.0,,,,,,,,,,,
1641,Hickory smoked BBQ  (classic wings),Merek/restoran,Wingstop,g,0.0,1.0,,171.0,8.0,15.0,8.0,0.0,1.0,,,,,,,,,,,,,,,7.0,,,,,,,,,,,
1642,Atomic blast,Merek/restoran,Wingstop,g,0.0,1.0,,144.0,2.0,15.0,9.0,0.0,1.0,,,,,,,,,,,,,,,0.0,,,,,,,,,,,
1643,Baked lotus paste mooncake,Merek/restoran,Mooncake,g,50.0,1.0,,191.0,25.38,2.78,8.66,0.0,1.34,,,,,,,,,,,,,,,,,,,,,,,,,,
1644,Baked lotus paste mooncake with one egg yolk,Merek/restoran,Mooncake,g,47.0,1.0,,197.0,20.79,3.2,11.21,0.0,0.97,,,,,,,,,,,,,,,,,,,,,,,,,,
1645,Snow skin lotus paste mooncake,Merek/restoran,Mooncake,g,50.0,1.0,,187.0,26.36,2.12,8.04,0.0,1.16,,,,,,,,,,,,,,,,,,,,,,,,,,
1646,Red Bean Paste Mooncake,Merek/restoran,Mooncake,g,50.0,1.0,,185.0,27.14,2.76,7.18,0.0,2.48,,,,,,,,,,,,,,,,,,,,,,,,,,
1647,Baked lotus paste mooncake with two egg yolks,Merek/restoran,Mooncake,g,48.0,1.0,,223.0,20.5,4.05,13.79,0.0,0.85,,,,,,,,,,,,,,,,,,,,,,,,,,
1648,Mixed nut and Ham Mooncake,Merek/restoran,Mooncake,g,50.0,1.0,,245.0,21.38,5.4,15.3,0.0,2.08,,,,,,,,,,,,,,,,,,,,,,,,,,
1649,Quaker 3 in 1,Produk industri,PT. Yellow Pages,g,29.0,1.0,,120.0,22.0,1.0,3.0,0.0,1.0,,,,,,,,,,,,,,,11.0,,,,,,,,,,,
1650,Quaker kari ayam,Produk industri,PT. Yellow Pages,g,28.0,1.0,,110.0,18.0,4.0,2.5,0.0,2.0,,,,,,,,,,,,,,,,,,,,,,,,,,
1651,Energen Oat milk,Produk industri,PT. Mayora Indah Tbk.,g,24.0,1.0,,100.0,16.0,3.0,2.0,0.0,2.0,,,,,,,,,,,,,,,1.0,,,,,,,,,,,
1652,Energen sereal cokelat,Produk industri,PT. Mayora Indah Tbk.,g,29.0,1.0,,130.0,23.0,1.0,3.5,0.0,1.0,,,,,,,,,,,,,,,17.0,,,,,,,,,,,
1653,Nestle nestum,Produk industri,PT. Nestle Indonesia,g,32.0,1.0,,130.0,27.0,3.0,1.5,0.0,1.0,,,,,,,,,,,,,,,9.0,,,,,,,,,,,
1654,Yakult,Produk industri,PT. Yakult Indonesia,ml,65.0,1.0,,50.0,11.0,1.0,0.0,0.0,,,,,,,,,,,,,,,,10.0,,,,,,,,,,,
1655,Nutrive Benecol,Produk industri,PT. Kalbe Nutritional,ml,100.0,1.0,,60.0,9.0,1.0,2.0,0.0,0.0,,,,,,,,,,,,,,,4.0,,,,,,,,,,,
1656,Yoforia Berry smooth,Produk industri,PT. Prima Laktosa,ml,200.0,1.0,,130.0,24.0,4.0,2.0,0.0,,,,,,,,,,,,,,,,20.0,,,,,,,,,,,
1657,Montou Plain,Produk industri,PT. Lotte Mart Indonesia,g,40.0,12.0,,120.0,24.0,2.0,1.0,0.0,,,,,,,,,,,,,,,,4.0,,,,,,,,,,,
1658,Montou rasa coklat,Produk industri,PT. Lotte Indonesia,g,40.0,12.0,,120.0,24.0,3.0,1.5,0.0,,,,,,,,,,,,,,,,6.0,,,,,,,,,,,
1659,Mini pau kacang merah,Produk industri,PT. Sorin Mahasa,g,25.0,12.0,,80.0,13.0,2.0,1.5,0.0,,,,,,,,,,,,,,,,2.0,,,,,,,,,,,
1660,Pancake original,Buatan sendiri,,g,55.0,1.0,,160.0,22.0,4.0,7.0,0.0,,,,,,,,,,,,,,,,8.0,,,,,,,,,,,
1661,Puff pastry sheet,Buatan sendiri,,g,50.0,1.0,,200.0,18.0,3.0,13.0,0.0,,,,,,,,,,,,,,,,1.0,,,,,,,,,,,
1662,Pizza Base,Produk industri,PT. Diamond Cold Storage,g,40.0,1.0,,110.0,22.0,3.0,1.0,0.0,,,,,,,,,,,,,,,,0.0,,,,,,,,,,,
1663,Granola creation dark chocolate,Produk industri,PT. Lemonilo Indonesia Sehat,g,60.0,1.0,,236.0,38.0,7.0,7.0,0.0,2.0,,,,,,,,,,,,,,,10.0,,,,,,,,,,,
1664,Granola creation tropical fruit and nuts,Produk industri,PT. Lemonilo Indonesia Sehat,g,60.0,1.0,,162.0,23.0,7.0,5.0,0.0,2.0,,,,,,,,,,,,,,,5.0,,,,,,,,,,,
1665,Granola Bites chocolate vanilla,Produk industri,PT. Lemonilo Indonesia Sehat,g,30.0,1.0,,159.0,21.0,3.0,8.0,0.0,2.0,,,,,,,,,,,,,,,7.0,,,,,,,,,,,
1666,Granola creation cinnamon and raisin,Produk industri,PT. Lemonilo Indonesia Sehat,g,60.0,1.0,,225.0,36.0,7.0,5.0,0.0,2.0,,,,,,,,,,,,,,,10.0,,,,,,,,,,,
1667,Granola creation honey and mango,Produk industri,PT. Lemonilo Indonesia Sehat,g,60.0,1.0,,222.0,38.0,7.0,5.0,0.0,2.0,,,,,,,,,,,,,,,10.0,,,,,,,,,,,
1668,Granola bites coconut banana,Produk industri,PT. Lemonilo Indonesia Sehat,g,330.0,1.0,,129.0,17.0,2.0,6.0,0.0,2.0,,,,,,,,,,,,,,,8.0,,,,,,,,,,,
1669,Sambal cuk original cabe,Produk industri,CV. SAMBAL CUK,g,40.0,1.0,,160.0,9.0,1.0,13.0,0.0,4.0,,,,,,,,,,,,,,,3.0,,,,,,,,,,,
1670,Sambal cuk ikan roa asap,Produk industri,CV. SAMBAL CUK,g,40.0,1.0,,220.0,7.0,4.0,20.0,0.0,3.0,,,,,,,,,,,,,,,4.0,,,,,,,,,,,
1671,Sambal cuk korek bebek madura,Produk industri,CV. SAMBAL CUK,g,40.0,1.0,,170.0,10.0,2.0,14.0,0.0,7.0,,,,,,,,,,,,,,,3.0,,,,,,,,,,,
1672,Sambal cuk ijo teri medan,Produk industri,CV. SAMBAL CUK,g,40.0,1.0,,190.0,9.0,2.0,17.0,0.0,,,,,,,,,,,,,,,,,,,,,,,,,,,
1673,Saus sambal ABC,Produk industri,PT. ABC Heinz Indonesia,g,9.0,1.0,,28.0,6.0,0.0,0.0,0.0,,,,,,,,,,,,,,,,5.0,,,,,,,,,,,
1674,Sambal Terasi Kokita,Produk industri,PT. Sekar Laut Tbk,g,15.0,1.0,,30.0,5.0,1.0,1.0,0.0,,,,,,,,,,,,,,,,1.0,,,,,,,,,,,
1675,Sarden maya sardines saus tomat,Produk industri,PT. Sarani tani pratama,g,100.0,1.0,,80.0,4.0,13.0,1.0,0.0,,,,,,,,,,,,,,,,,,,,,,,,,,,
1676,Mackerel Maya saus tomat,Produk industri,PT. Sarani tani pratama,g,100.0,1.0,,100.0,4.0,16.0,3.0,0.0,,,,,,,,,,,,,,,,,,,,,,,,,,,
1677,Mackerel ayam brand saus tomat,Merek/restoran,AYAM BRAND,g,70.0,1.0,,130.0,1.0,13.0,8.0,0.0,,,,,,,,,,,,,,,,1.0,,,,,,,,,,,
1678,Sarden ABC saus tomat,Produk industri,PT. ABC Heinz Indonesia,g,70.0,1.0,,100.0,9.0,12.0,2.0,0.0,,,,,,,,,,,,,,,,2.0,,,,,,,,,,,
1679,King's Fisher sarden sambal bangkok,Produk industri,PT. Bali Maya Permai Food Canning Industry,g,60.0,1.0,,70.0,6.0,8.0,2.0,0.0,,,,,,,,,,,,,,,,,,,,,,,,,,,
1680,King's Fisher sarden goreng balado,Produk industri,PT. Bali Maya Permai Food Canning Industry,g,60.0,1.0,,120.0,4.0,8.0,8.0,0.0,,,,,,,,,,,,,,,,,,,,,,,,,,,
1681,Indomie salted Egg,Produk industri,PT. Indofood CBP Sukses Makmur Tbk.,g,100.0,1.0,,480.0,53.0,11.0,25.0,0.0,2.0,,,,,,,,,,,,,,,6.0,,,,,,,,,,,
1682,Indomie goreng sambal rica rica,Produk industri,PT. Indofood CBP Sukses Makmur Tbk.,g,85.0,1.0,,420.0,49.0,8.0,22.0,0.0,7.0,,,,,,,,,,,,,,,3.0,,,,,,,,,,,
1683,Indomie goreng sambal matah,Produk industri,PT. Indofood CBP Sukses Makmur Tbk.,g,85.0,1.0,,410.0,51.0,8.0,20.0,0.0,6.0,,,,,,,,,,,,,,,2.0,,,,,,,,,,,
1684,Samyang buldak cheese,Merek/restoran,Samyang Foods Co.Ltd Korea,g,140.0,1.0,,550.0,84.0,13.0,18.0,0.0,1.0,,,,,,,,,,,,,,,7.0,,,,,,,,,,,
1685,Samyang Buldak extra hot,Merek/restoran,Samyang Foods Co.Ltd Korea,g,140.0,1.0,,530.0,85.0,12.0,16.0,0.0,1.0,,,,,,,,,,,,,,,7.0,,,,,,,,,,,
1686,Samyang buldak stew,Merek/restoran,Samyang Foods Co.Ltd Korea,g,145.0,1.0,,540.0,69.0,10.0,16.0,0.0,1.0,,,,,,,,,,,,,,,7.0,,,,,,,,,,,
1687,Mcdonald Sausage Mcmuffin,Merek/restoran,McDonald's,g,114.0,1.0,,400.0,29.0,14.0,25.0,0.0,2.0,,,,,,,,,,,,,,,3.0,,,,,,,,,,,
1688,Mcdonald kentang gorengg / french fries,Merek/restoran,Mc,g,117.0,1.0,,340.0,44.0,4.0,16.0,0.0,4.0,,,,,,,,,,,,,,,0.0,,,,,,,,,,,
1689,Mcdonald Apple pie,Merek/restoran,McDonald's,g,77.0,1.0,,230.0,32.0,2.0,10.0,0.0,4.0,,,,,,,,,,,,,,,13.0,,,,,,,,,,,
1690,Mcdonald Eeg  mcmuffin,Merek/restoran,McDonald's,g,138.0,1.0,,300.0,30.0,18.0,12.0,0.0,2.0,,,,,,,,,,,,,,,3.0,,,,,,,,,,,
1691,Mcdonald Mcnugget,Merek/restoran,McDonald's,g,97.0,1.0,,270.0,16.0,15.0,16.0,0.0,1.0,,,,,,,,,,,,,,,0.0,,,,,,,,,,,
1692,Mcdonald Hotcakes,Merek/restoran,McDonald's,g,151.0,1.0,,600.0,102.0,9.0,16.0,0.0,2.0,,,,,,,,,,,,,,,45.0,,,,,,,,,,,
1693,Cheesecake Factory original cheesecake,Merek/restoran,Cheesecake Factory,g,0.0,1.0,,830.0,64.0,12.0,58.0,0.0,1.0,,,,,,,,,,,,,,,52.0,,,,,,,,,,,
1694,Cheesecake Factory Oreo dream extreme cheesecake,Merek/restoran,Cheesecake Factory,g,0.0,1.0,,1620.0,178.0,17.0,99.0,0.0,7.0,,,,,,,,,,,,,,,134.0,,,,,,,,,,,
1695,Cheesecake Factory ultimate red velvet cake cheesecake,Merek/restoran,Cheesecake Factory,g,0.0,1.0,,1570.0,125.0,14.0,116.0,0.0,1.0,,,,,,,,,,,,,,,105.0,,,,,,,,,,,
1696,Cheesecake Factory Hot fudge sundae,Merek/restoran,Cheesecake Factory,g,0.0,1.0,,1310.0,116.0,20.0,86.0,0.0,6.0,,,,,,,,,,,,,,,94.0,,,,,,,,,,,
1697,Cheesecake Factory oreo milkshake,Merek/restoran,Cheesecake Factory,g,0.0,1.0,,1680.0,183.0,27.0,94.0,0.0,3.0,,,,,,,,,,,,,,,131.0,,,,,,,,,,,
1698,Cheesecake Factory carrot cake,Merek/restoran,Cheesecake Factory,g,0.0,1.0,,1710.0,146.0,15.0,122.0,0.0,5.0,,,,,,,,,,,,,,,117.0,,,,,,,,,,,
1699,Sariroti roti tawar double soft,Produk industri,PT. Nippon Indosari corporindo Tbk,g,45.0,1.0,,140.0,23.0,4.0,3.0,105.0,3.0,,,,,,,,,,,,,,,1.0,,,,,,,,,,,
1700,Sariroti roti isi cokelat keju,Produk industri,PT. Nippon Indosari corporindo Tbk,g,69.0,1.0,,230.0,32.0,6.0,9.0,220.0,2.0,,,,,,,,,,,,,,,6.0,,,,,,,,,,,
1701,Sariroti roti krim keju,Produk industri,PT. Nippon Indosari corporindo Tbk,g,60.0,1.0,,210.0,30.0,5.0,7.0,220.0,1.0,,,,,,,,,,,,,,,7.0,,,,,,,,,,,
1702,Sariroti roti tawar gandum,Produk industri,PT. Nippon Indosari corporindo Tbk,g,70.0,1.0,,190.0,32.0,6.0,3.5,290.0,6.0,,,,,,,,,,,,,,,2.0,,,,,,,,,,,
1703,Sariroti roti isi cokelat,Produk industri,PT. Nippon Indosari corporindo Tbk,g,66.0,1.0,,240.0,36.0,5.0,8.0,0.0,2.0,,,,,,,,,,,,,,,8.0,,,,,,,,,,,
1704,Sariroti roti krim cokelat,Produk industri,PT. Nippon Indosari corporindo Tbk,g,60.0,1.0,,220.0,52.0,4.0,8.0,230.0,2.0,,,,,,,,,,,,,,,10.0,,,,,,,,,,,
1705,Kewpie mayonais original,Merek/restoran,KEWPIE,g,15.0,1.0,,100.0,0.0,1.0,11.0,70.0,,,,,,,,,,,,,,,,,,,,,,,,,,,
1706,Kewpie Thousand island,Merek/restoran,KEWPIE,ml,25.0,1.0,,70.0,4.0,1.0,6.0,260.0,,,,,,,,,,,,,,,,,,,,,,,,,,,
1707,Kewpie Tomat pedas,Merek/restoran,KEWPIE,ml,25.0,1.0,,80.0,5.0,1.0,6.0,350.0,,,,,,,,,,,,,,,,,,,,,,,,,,,
1708,Kewpie Wijen sangrai,Merek/restoran,KEWPIE,ml,25.0,1.0,,90.0,5.0,1.0,7.0,190.0,,,,,,,,,,,,,,,,,,,,,,,,,,,
1709,Kewpie Caesar,Merek/restoran,KEWPIE,ml,25.0,1.0,,70.0,3.0,1.0,6.0,190.0,,,,,,,,,,,,,,,,,,,,,,,,,,,
1710,Kewpie Kecap Jepang,Merek/restoran,KEWPIE,ml,25.0,1.0,,60.0,3.0,1.0,5.0,260.0,,,,,,,,,,,,,,,,,,,,,,,,,,,
1711,Kewpie Original,Merek/restoran,KEWPIE,g,15.0,1.0,,70.0,4.0,0.0,6.0,85.0,,,,,,,,,,,,,,,,,,,,,,,,,,,
1712,Kewpie cokelat pisang,Merek/restoran,KEWPIE,g,15.0,1.0,,90.0,8.0,1.0,6.0,0.0,,,,,,,,,,,,,,,,,,,,,,,,,,,
1713,Kewpie Vanila Matcha,Merek/restoran,KEWPIE,g,15.0,1.0,,80.0,9.0,0.0,5.0,90.0,,,,,,,,,,,,,,,,,,,,,,,,,,,
1714,Kewpie keju,Merek/restoran,KEWPIE,g,15.0,1.0,,60.0,4.0,0.0,4.5,115.0,,,,,,,,,,,,,,,,,,,,,,,,,,,
1715,Kewpie cokelat kopi,Merek/restoran,KEWPIE,g,15.0,1.0,,90.0,5.0,1.0,5.0,0.0,,,,,,,,,,,,,,,,,,,,,,,,,,,
1716,Kewpie Vanila Stroberi,Merek/restoran,KEWPIE,g,15.0,1.0,,90.0,9.0,6.0,6.0,0.0,,,,,,,,,,,,,,,,,,,,,,,,,,,
1717,Super bihun kuah,Produk industri,PT. Kuala Pangan,,,1.0,,190.0,36.0,4.0,2.5,1190.0,3.0,,,,,,,,,,,,,,,0.0,0.0,2.5,,,,,,,,,
1718,Super bihun goreng,Produk industri,PT. Kuala Pangan,g,65.0,1.0,,250.0,46.0,4.0,5.0,0.0,4.0,,,,,,,,,,,,,,,3.0,,,,,,,,,,,
1719,Bihunku white curry,Produk industri,PT. Tiga Pilar Sejahtera Food Tbk,g,55.0,1.0,,220.0,38.0,2.0,6.0,0.0,,,,,,,,,,,,,,,,4.0,,,,,,,,,,,
1720,Bihunku goreng spesial,Produk industri,PT. Tiga Pilar Sejahtera Food Tbk,g,60.0,1.0,,230.0,47.0,2.0,4.0,0.0,,,,,,,,,,,,,,,,6.0,,,,,,,,,,,
1721,Rose brand bihun rasa ayam bawang,Produk industri,PT. Sungan Budi,g,55.0,1.0,,190.0,44.0,1.0,1.0,0.0,6.0,,,,,,,,,,,,,,,1.0,,,,,,,,,,,
1722,Rose brand bihun rasa ayam pedas,Produk industri,PT. Sungan Budi,g,55.0,1.0,,190.0,43.0,1.0,1.5,0.0,6.0,,,,,,,,,,,,,,,2.0,,,,,,,,,,,
1723,Roma Marie Gold,Produk industri,PT. Mayora Indah Tbk.,g,20.0,1.0,,90.0,15.0,2.0,3.0,0.0,,,,,,,,,,,,,,,,4.0,,,,,,,,,,,
1724,Roma sari gandum,Produk industri,PT. Mayora Indah Tbk.,g,19.5,1.0,,100.0,13.0,2.0,4.0,0.0,,,,,,,,,,,,,,,,3.0,,,,,,,,,,,
1725,Belvita madu dan cokelat,Produk industri,PT. Mondelez Indonesia,g,40.0,1.0,,180.0,28.0,3.0,6.0,0.0,1.0,,,,,,,,,,,,,,,11.0,,,,,,,,,,,
1726,Belvita susu dan sereal,Produk industri,PT. Mondelez Indonesia,g,40.0,1.0,,180.0,28.0,3.0,6.0,0.0,1.0,,,,,,,,,,,,,,,10.0,,,,,,,,,,,
1727,Oat 8 Almond,Produk industri,PT. Fastrata Buana,g,28.5,1.0,,150.0,17.0,3.0,7.0,0.0,1.0,,,,,,,,,,,,,,,7.0,,,,,,,,,,,
1728,Oat 8 Kacang ijo,Produk industri,PT. Fastrata Buana,g,28.5,1.0,,130.0,19.0,3.0,4.0,0.0,1.0,,,,,,,,,,,,,,,9.0,,,,,,,,,,,
1730,Susu Bear brand gold malt putih,Produk industri,PT. Nestle Indonesia,ml,140.0,1.0,,120.0,19.0,4.0,1.5,0.0,,,,,,,,,,,,,,,,,,,,,,,,,,,
1731,Susu Bear brand gold teh putih,Produk industri,PT. Nestle Indonesia,ml,140.0,1.0,,70.0,10.0,4.0,2.0,0.0,,,,,,,,,,,,,,,,,,,,,,,,,,,
1732,Susu Ultra Milk Full cream (kotak),Produk industri,"PT. Ultrajaya Milk Industry, Tbk",ml,250.0,1.0,,150.0,12.0,8.0,8.0,0.0,,,,,,,,,,,,,,,,,,,,,,,,,,,
1733,Saladstop Hail caesar w/o chicken,Merek/restoran,Saladstop!,g,0.0,1.0,,471.9,19.0,22.8,34.3,0.0,3.9,,,,,,,,,,,,,,,3.5,,,,,,,,,,,
1734,Saladstop Tuna San,Merek/restoran,Saladstop!,g,0.0,1.0,,327.8,25.1,19.5,18.9,0.0,8.8,,,,,,,,,,,,,,,14.7,,,,,,,,,,,
1735,"Saladstop Iron ""wo"" man",Merek/restoran,Saladstop!,g,0.0,1.0,,442.0,30.2,13.2,32.3,0.0,5.5,,,,,,,,,,,,,,,18.7,,,,,,,,,,,
1736,Saladstop Oh Crab Lah,Merek/restoran,Saladstop!,g,0.0,1.0,,435.3,24.9,18.6,19.6,0.0,5.0,,,,,,,,,,,,,,,6.3,,,,,,,,,,,
1737,Saladstop Omega 3 baby,Merek/restoran,Saladstop!,g,0.0,1.0,,391.3,18.6,17.3,28.7,0.0,6.7,,,,,,,,,,,,,,,9.6,,,,,,,,,,,
1738,Saladstop Go Geisha,Merek/restoran,Saladstop!,g,0.0,1.0,,259.2,31.2,13.6,9.6,0.0,5.8,,,,,,,,,,,,,,,15.9,,,,,,,,,,,
1739,Outback steackhouse outback special,Merek/restoran,Outback steackhouse,g,226.0,1.0,,280.0,0.0,51.0,9.0,0.0,,,,,,,,,,,,,,,,,,,,,,,,,,,
1740,Outback steackhouse new york strip,Merek/restoran,Outback steackhouse,g,340.0,1.0,,810.0,0.0,63.0,62.0,0.0,,,,,,,,,,,,,,,,,,,,,,,,,,,
1741,Outback steackhouse Ribeye,Merek/restoran,Outback steackhouse,g,284.0,1.0,,540.0,0.0,58.0,35.0,0.0,,,,,,,,,,,,,,,,,,,,,,,,,,,
1742,Outback steackhouse slow roasted prime rib,Merek/restoran,Outback steackhouse,g,226.0,1.0,,700.0,0.0,46.0,57.0,0.0,,,,,,,,,,,,,,,,,,,,,,,,,,,
1743,Outback steackhouse Victoria's Filet,Merek/restoran,Outback steackhouse,g,226.0,1.0,,320.0,0.0,53.0,12.0,0.0,,,,,,,,,,,,,,,,,,,,,,,,,,,
1744,Outback steackhouse T-Bone,Merek/restoran,Outback steackhouse,g,510.0,1.0,,910.0,4.0,79.0,64.0,0.0,,,,,,,,,,,,,,,,,,,,,,,,,,,
1745,Tony roma's potato skin,Merek/restoran,Tony roma's,g,0.0,1.0,,751.0,41.0,35.0,51.0,0.0,0.0,,,,,,,,,,,,,,,2.0,,,,,,,,,,,
1746,Tony roma's the original baby back ribs,Merek/restoran,Tony roma's,g,454.0,1.0,,563.0,55.0,30.0,25.0,0.0,0.0,,,,,,,,,,,,,,,50.0,,,,,,,,,,,
1747,"Tony roma's onion loaf (full, with bbq sauce)",Merek/restoran,Tony roma's,g,0.0,1.0,,1200.0,205.0,23.0,23.0,0.0,,,,,,,,,,,,,,,,12.0,,,,,,,,,,,
1748,Tony roma's,Merek/restoran,Tony roma's,g,340.0,1.0,,1001.0,1.0,72.0,76.0,0.0,,,,,,,,,,,,,,,,,,,,,,,,,,,
1749,Go Natural fruit and nut delight,Merek/restoran,Go Natural,g,50.0,1.0,,230.0,20.7,6.2,13.5,0.0,5.4,,,,,,,,,,,,,,,12.1,,,,,,,,,,,
1750,Go Natural nut delight,Merek/restoran,Go Natural,g,40.0,1.0,,206.0,11.0,6.2,15.4,0.0,3.1,,,,,,,,,,,,,,,5.4,,,,,,,,,,,
1751,Omni Bar dark chocolate,Merek/restoran,Omni Bar,g,35.0,1.0,,160.0,23.0,3.0,5.0,0.0,3.0,,,,,,,,,,,,,,,6.0,,,,,,,,,,,
1752,Omni Bar,Merek/restoran,Omni Bar,g,35.0,1.0,,160.0,21.0,5.0,6.0,0.0,3.0,,,,,,,,,,,,,,,7.0,,,,,,,,,,,
1753,Carman's fruit and nut,Merek/restoran,Carman's,g,45.0,1.0,,183.0,25.1,4.1,6.7,0.0,3.1,,,,,,,,,,,,,,,7.8,,,,,,,,,,,
1754,Carman's fruit free,Merek/restoran,Carman's,g,45.0,1.0,,190.0,24.8,4.5,7.4,0.0,3.3,,,,,,,,,,,,,,,6.1,,,,,,,,,,,
1755,Biskuit WRP Everyday chocolate chip,Produk industri,PT.Nutrifood indonesia,g,20.0,1.0,,100.0,11.0,1.0,5.0,0.0,2.0,,,,,,,,,,,,,,,,,,,,,,,,,,
1756,Biskuit Serena broniz,Produk industri,PT. Serena Land,g,20.0,1.0,,100.0,13.0,2.0,5.0,0.0,1.0,,,,,,,,,,,,,,,7.0,,,,,,,,,,,
1757,Lovy cookies chocobutter,Produk industri,PT. Agel Langgeng,g,30.0,1.0,,150.0,20.0,2.0,8.0,0.0,,,,,,,,,,,,,,,,8.0,,,,,,,,,,,
1758,Lovy cookies coffeeccino,Produk industri,PT. Agel Langgeng,g,30.0,1.0,,150.0,20.0,2.0,7.0,0.0,,,,,,,,,,,,,,,,7.0,,,,,,,,,,,
1759,Cookies Oat krunch coklat gelap,Produk industri,PT. Munchy's Indonesia,g,26.0,1.0,,120.0,18.0,2.0,4.5,0.0,2.0,,,,,,,,,,,,,,,6.0,,,,,,,,,,,
1760,Biskuit choco mania,Produk industri,PT. Konimex,g,21.0,1.0,,100.0,14.0,1.0,4.5,0.0,,,,,,,,,,,,,,,,7.0,,,,,,,,,,,
1761,Golden Farm french fries,Produk industri,PT. Sukanda djaya,g,100.0,1.0,,170.0,29.0,3.0,4.5,0.0,,,,,,,,,,,,,,,,0.0,,,,,,,,,,,
1762,Golden Farm frozen pea,Produk industri,PT. Sukanda djaya,g,100.0,1.0,,90.0,12.0,7.0,1.0,0.0,,,,,,,,,,,,,,,,3.0,,,,,,,,,,,
1763,Golden Farm corn kernel,Produk industri,PT. Sukanda djaya,g,100.0,1.0,,70.0,14.0,3.0,1.0,0.0,,,,,,,,,,,,,,,,3.0,,,,,,,,,,,
1764,Golden Farm mixed vegetable,Produk industri,PT. Sukanda djaya,g,100.0,1.0,,70.0,14.0,3.0,1.0,0.0,,,,,,,,,,,,,,,,4.0,,,,,,,,,,,
1765,Etira singkong stik,Produk industri,PT.Etira Champimer Indonesia,g,100.0,1.0,,170.0,40.0,1.0,1.0,0.0,3.0,,,,,,,,,,,,,,,,,,,,,,,,,,
1766,Mitratani edamame,Produk industri,PT. Mitratani dua tujuh,g,100.0,1.0,,100.0,8.0,10.0,4.0,0.0,8.0,,,,,,,,,,,,,,,,,,,,,,,,,,
1767,kopi tropicana slim white coffe,Produk industri,PT.Nutrifood indonesia,g,20.0,1.0,,80.0,14.0,2.0,3.0,0.0,,,,,,,,,,,,,,,,7.0,,,,,,,,,,,
1768,Esprecielo caramel macchiato,Produk industri,CV. Esprecielo International,g,23.0,1.0,,110.0,17.0,1.0,4.0,0.0,0.0,,,,,,,,,,,,,,,10.0,,,,,,,,,,,
1769,kopi Nescafe green coffe,Produk industri,PT. Nestle Indonesia,g,20.0,1.0,,90.0,15.0,0.0,2.5,0.0,,,,,,,,,,,,,,,,11.0,,,,,,,,,,,
1770,kopi Indocafe white,Produk industri,PT. SIF,g,12.0,1.0,,60.0,7.0,1.0,3.5,0.0,1.0,,,,,,,,,,,,,,,,,,,,,,,,,,
1771,kopi Karniel coffee7 caramel macchiato,Produk industri,PT. KARNIEL PACIFIC INDONESIA,g,22.5,1.0,,100.0,15.0,2.0,4.0,0.0,,,,,,,,,,,,,,,,10.0,,,,,,,,,,,
1772,kopi Nescafe 3in1 creamy,Produk industri,PT. Nestle Indonesia,g,18.0,1.0,,80.0,15.0,0.0,2.0,0.0,,,,,,,,,,,,,,,,13.0,,,,,,,,,,,
1773,Familia Choco crunch,Merek/restoran,Familia,g,100.0,1.0,,461.0,63.0,8.0,19.0,0.0,6.0,,,,,,,,,,,,,,,31.0,,,,,,,,,,,
1774,Familia knusper cruch,Merek/restoran,Familia,g,100.0,1.0,,464.0,60.0,8.0,20.0,0.0,6.0,,,,,,,,,,,,,,,22.0,,,,,,,,,,,
1775,Carman's fruit free muesli,Merek/restoran,Carman's,g,100.0,1.0,,451.0,50.6,14.6,19.2,0.0,9.6,,,,,,,,,,,,,,,8.0,,,,,,,,,,,
1776,Carman's bircher muesli,Merek/restoran,Carman's,g,100.0,1.0,,421.0,48.1,14.7,17.1,0.0,7.9,,,,,,,,,,,,,,,16.0,,,,,,,,,,,
1777,Monster sports muesli,Merek/restoran,Monster,g,100.0,1.0,,359.0,56.2,11.7,8.3,0.0,12.2,,,,,,,,,,,,,,,10.2,,,,,,,,,,,
1778,Monster  tropical muesli,Merek/restoran,Monster,g,100.0,1.0,,355.0,62.0,9.0,8.2,0.0,10.4,,,,,,,,,,,,,,,18.7,,,,,,,,,,,
1779,Burger Carl's Jr famous star with cheese,Merek/restoran,Carl's Jr,g,284.0,1.0,,670.0,57.0,28.0,28.0,0.0,3.0,,,,,,,,,,,,,,,12.0,,,,,,,,,,,
1780,Burger Carl's Jr super star with cheese,Merek/restoran,Carl's Jr,g,390.0,1.0,,920.0,59.0,48.0,56.0,0.0,4.0,,,,,,,,,,,,,,,13.0,,,,,,,,,,,
1781,Burger Carl's Jr double western bacon cheeseburger,Merek/restoran,Carl's Jr,g,332.0,1.0,,1010.0,76.0,55.0,55.0,0.0,4.0,,,,,,,,,,,,,,,16.0,,,,,,,,,,,
1782,Burger Carl's Jr western bacon cheeseburger,Merek/restoran,Carl's Jr,g,250.0,1.0,,750.0,75.0,36.0,35.0,0.0,4.0,,,,,,,,,,,,,,,16.0,,,,,,,,,,,
1783,Burger Carl's Jr california classic double cheeseburger,Merek/restoran,Carl's Jr,g,283.0,1.0,,600.0,41.0,23.0,39.0,0.0,2.0,,,,,,,,,,,,,,,11.0,,,,,,,,,,,
1784,Burger Carl's Jr the big carl,Merek/restoran,Carl's Jr,g,321.0,1.0,,920.0,56.0,47.0,58.0,0.0,3.0,,,,,,,,,,,,,,,12.0,,,,,,,,,,,
1785,Sirup Tropicana sirup slim sirup orange,Produk industri,PT. Nutrifood Indonesia,ml,25.0,1.0,,5.0,0.0,0.0,0.0,0.0,,,,,,,,,,,,,,,,,,,,,,,,,,,
1786,Sirup Tropicana sirup lychee,Produk industri,PT.Nutrifood indonesia,ml,25.0,1.0,,5.0,2.0,0.0,0.0,0.0,,,,,,,,,,,,,,,,,,,,,,,,,,,
1787,Sirup Tropicana sirup cocopandan,Produk industri,PT.Nutrifood indonesia,ml,25.0,1.0,,5.0,2.0,0.0,0.0,0.0,,,,,,,,,,,,,,,,,,,,,,,,,,,
1788,Sirup Sunquick Orange,Produk industri,PT.Lasallefood,ml,17.0,1.0,,45.0,11.0,0.0,0.0,0.0,,,,,,,,,,,,,,,,11.0,,,,,,,,,,,
1789,Sirup Sunquick Mango,Produk industri,PT.Lasallefood,ml,17.0,1.0,,45.0,10.0,0.0,0.0,0.0,,,,,,,,,,,,,,,,9.0,,,,,,,,,,,
1790,Sirup Sunquick Exotic,Produk industri,PT.Lasallefood,ml,17.0,1.0,,45.0,11.0,0.0,0.0,0.0,,,,,,,,,,,,,,,,11.0,,,,,,,,,,,
1791,Pasta La fonte spaghetti with bolognese sauce,Produk industri,PT. Indofood CBP Sukses Makmur Tbk.,g,117.0,1.0,,420.0,93.0,10.0,0.0,0.0,6.0,,,,,,,,,,,,,,,,,,,,,,,,,,
1792,Pasta La fonte spaghetti with mushroom sauce,Produk industri,PT. Indofood CBP Sukses Makmur Tbk.,g,117.0,1.0,,340.0,60.0,8.0,4.0,0.0,3.0,,,,,,,,,,,,,,,7.0,,,,,,,,,,,
1793,Pasta La fonte spaghetti with chicken sauce,Produk industri,PT. Indofood CBP Sukses Makmur Tbk.,g,117.0,1.0,,340.0,57.0,10.0,8.0,0.0,4.0,,,,,,,,,,,,,,,,,,,,,,,,,,
1794,Pasta La fonte macaroni with cheese,Produk industri,PT. Indofood CBP Sukses Makmur Tbk.,g,63.0,1.0,,230.0,45.0,8.0,3.0,0.0,7.0,,,,,,,,,,,,,,,5.0,,,,,,,,,,,
1795,La pasta royale cheese bolognese,Produk industri,PT. Bogasari,g,102.0,1.0,,340.0,64.0,10.0,6.0,0.0,8.0,,,,,,,,,,,,,,,10.0,,,,,,,,,,,
1796,La pasta royale hot and spicy,Produk industri,PT. Bogasari,g,90.0,1.0,,330.0,58.0,9.0,7.0,0.0,7.0,,,,,,,,,,,,,,,22.0,,,,,,,,,,,
1797,Subway Turkey breast sandwich,Merek/restoran,Subway,g,219.0,1.0,,280.0,46.0,18.0,3.5,0.0,5.0,,,,,,,,,,,,,,,7.0,,,,,,,,,,,
1798,Subway classic tuna sandwich,Merek/restoran,Subway,g,230.0,1.0,,470.0,41.0,20.0,25.0,0.0,2.0,,,,,,,,,,,,,,,5.0,,,,,,,,,,,
1799,Subway sweet onion chicken teriyaki sandwich,Merek/restoran,Subway,g,276.0,1.0,,370.0,58.0,25.0,4.5,0.0,5.0,,,,,,,,,,,,,,,16.0,,,,,,,,,,,
1800,Subway black forest ham sandwich,Merek/restoran,Subway,g,226.0,1.0,,290.0,46.0,18.0,4.5,0.0,5.0,,,,,,,,,,,,,,,8.0,,,,,,,,,,,
1801,Subway spicy italian sandwich,Merek/restoran,Subway,g,214.0,1.0,,470.0,43.0,19.0,24.0,0.0,3.0,,,,,,,,,,,,,,,6.0,,,,,,,,,,,
1802,Subway steak and cheese sandwich,Merek/restoran,Subway,g,167.0,1.0,,360.0,43.0,24.0,10.0,0.0,2.0,,,,,,,,,,,,,,,5.0,,,,,,,,,,,
1803,Indomie soto padang,Produk industri,PT. Indofood CBP Sukses Makmur Tbk.,g,75.0,1.0,,330.0,44.0,8.0,14.0,0.0,6.0,,,,,,,,,,,,,,,0.0,,,,,,,,,,,
1804,Mie Sedaap baso spesial,Produk industri,PT. Indofood Sukses Makmur,g,77.0,1.0,,340.0,47.0,9.0,13.0,0.0,6.0,,,,,,,,,,,,,,,2.0,,,,,,,,,,,
1805,Mie sedaap kari spesial,Produk industri,PT. Indofood Sukses Makmur,g,76.0,1.0,,340.0,48.0,8.0,13.0,0.0,3.0,,,,,,,,,,,,,,,2.0,,,,,,,,,,,
1806,Sarimi isi tongseng ayam,Produk industri,PT. SARIMI ASLI JAYA,g,120.0,1.0,,560.0,76.0,11.0,23.0,0.0,6.0,,,,,,,,,,,,,,,5.0,,,,,,,,,,,
1807,Sarimi isi 2 ayam bawang,Produk industri,PT. SARIMI ASLI JAYA,g,115.0,1.0,,510.0,70.0,13.0,20.0,0.0,3.0,,,,,,,,,,,,,,,3.0,,,,,,,,,,,
1808,Tropicana slim classic,Produk industri,PT. Nutrifood Indonesia,g,2.5,1.0,,5.0,2.0,0.0,0.0,0.0,,,,,,,,,,,,,,,,0.0,,,,,,,,,,,
1809,Tropicana Slim DIABTX,Produk industri,PT.Nutrifood indonesia,g,2.0,1.0,,0.0,2.0,0.0,0.0,0.0,,,,,,,,,,,,,,,,0.0,,,,,,,,,,,
1810,Tropinana Slim Stevia,Produk industri,PT. Indofood indonesia,g,2.6,1.0,,0.0,3.0,0.0,0.0,0.0,,,,,,,,,,,,,,,,0.0,,,,,,,,,,,
1811,Nulife sweetener,Produk industri,PT. Kalbe Nutritional,g,1.5,1.0,,5.0,1.0,0.0,0.0,0.0,,,,,,,,,,,,,,,,0.0,,,,,,,,,,,
1812,Diabetasol sweetener,Produk industri,PT. Kalbe Nutritional,g,1.0,1.0,,0.0,1.0,0.0,0.0,0.0,,,,,,,,,,,,,,,,0.0,,,,,,,,,,,
1813,Konimex Diasweet,Produk industri,PT. Konimex,g,1.0,1.0,,0.0,1.0,0.0,0.0,0.0,,,,,,,,,,,,,,,,0.0,,,,,,,,,,,
1814,The coffe bean & tea leaf pure chocolate ice blended drink,Merek/restoran,The coffe bean & tea leaf,g,0.0,1.0,,390.0,72.0,15.0,7.0,0.0,,,,,,,,,,,,,,,,59.0,,,,,,,,,,,
1815,The coffe bean & tea leaf pure vanilla ice blended drink,Merek/restoran,The coffe bean & tea leaf,g,0.0,1.0,,410.0,70.0,15.0,9.0,0.0,,,,,,,,,,,,,,,,63.0,,,,,,,,,,,
1816,The coffe bean & tea leaf matcha ice blended drink,Merek/restoran,The coffe bean & tea leaf,g,0.0,1.0,,410.0,67.0,16.0,9.0,0.0,,,,,,,,,,,,,,,,59.0,,,,,,,,,,,
1817,The coffe bean & tea leaf mocha ice blended drink,Merek/restoran,The coffe bean & tea leaf,g,0.0,1.0,,350.0,67.0,11.0,7.0,0.0,,,,,,,,,,,,,,,,55.0,,,,,,,,,,,
1818,The coffe bean & tea leaf cramel ice blended drink,Merek/restoran,The coffe bean & tea leaf,g,0.0,1.0,,520.0,98.0,12.0,11.0,0.0,,,,,,,,,,,,,,,,85.0,,,,,,,,,,,
1819,The coffe bean & tea leaf black forest ice blended drink,Merek/restoran,The coffe bean & tea leaf,g,0.0,1.0,,490.0,89.0,12.0,10.0,0.0,,,,,,,,,,,,,,,,76.0,,,,,,,,,,,
1820,Quiznos peppercorn steak,Merek/restoran,Quiznos,g,0.0,1.0,,840.0,76.0,20.0,42.0,0.0,4.0,,,,,,,,,,,,,,,6.0,,,,,,,,,,,
1821,Quiznos chicken carbonara,Merek/restoran,Quiznos,g,0.0,1.0,,890.0,73.0,54.0,42.0,0.0,3.0,,,,,,,,,,,,,,,7.0,,,,,,,,,,,
1822,Quiznos classic italian,Merek/restoran,Quiznos,g,0.0,1.0,,920.0,77.0,41.0,50.0,0.0,4.0,,,,,,,,,,,,,,,11.0,,,,,,,,,,,
1823,Quiznos Black angus steakhouse,Merek/restoran,Quiznos,g,0.0,1.0,,780.0,88.0,47.0,27.0,0.0,4.0,,,,,,,,,,,,,,,19.0,,,,,,,,,,,
1824,Quiznos honey mustard chicken,Merek/restoran,Quiznos,g,0.0,1.0,,850.0,80.0,53.0,36.0,0.0,4.0,,,,,,,,,,,,,,,12.0,,,,,,,,,,,
1825,Quiznos tuna melt,Merek/restoran,Quiznos,g,0.0,1.0,,660.0,76.0,44.0,22.0,0.0,3.0,,,,,,,,,,,,,,,6.0,,,,,,,,,,,
1826,Auntie anne original pretzel,Merek/restoran,Auntie anne's,g,123.0,1.0,,340.0,65.0,8.0,5.0,0.0,2.0,,,,,,,,,,,,,,,10.0,,,,,,,,,,,
1827,Auntie anne cinnamon sugar pretzel,Merek/restoran,Auntie anne's,g,147.0,1.0,,470.0,84.0,8.0,12.0,0.0,2.0,,,,,,,,,,,,,,,29.0,,,,,,,,,,,
1828,Auntie anne sweet almond pretzel,Merek/restoran,Auntie anne's,g,131.0,1.0,,390.0,74.0,8.0,6.0,0.0,2.0,,,,,,,,,,,,,,,17.0,,,,,,,,,,,
1829,Auntie anne garlic pretzel,Merek/restoran,Auntie anne's,g,123.0,1.0,,350.0,65.0,8.0,5.0,0.0,2.0,,,,,,,,,,,,,,,10.0,,,,,,,,,,,
1830,Auntie anne sour cream and onion pretzel,Merek/restoran,Auntie anne's,g,127.0,1.0,,360.0,68.0,9.0,5.0,0.0,2.0,,,,,,,,,,,,,,,12.0,,,,,,,,,,,
1831,Auntie anne pepperoni pretzel,Merek/restoran,Auntie anne's,g,149.0,1.0,,480.0,65.0,15.0,16.0,0.0,2.0,,,,,,,,,,,,,,,10.0,,,,,,,,,,,
1832,Mie telur cap 3 ayam,Produk industri,PT. Indofood CBP Sukses Makmur Tbk.,g,67.0,1.0,,230.0,49.0,8.0,0.0,0.0,6.0,,,,,,,,,,,,,,,2.0,,,,,,,,,,,
1833,Mie telur urai original pipih cap burung dara,Produk industri,PT. Suprama,g,140.0,1.0,,510.0,103.0,21.0,2.0,0.0,4.0,,,,,,,,,,,,,,,1.0,,,,,,,,,,,
1834,Mie telur urai pipih cap burung dara,Produk industri,PT. Suprama,g,140.0,1.0,,510.0,102.0,21.0,2.0,0.0,4.0,,,,,,,,,,,,,,,1.0,,,,,,,,,,,
1835,Bihun cap dua burung (mentah),Merek/restoran,PB. Sumber Alam,g,60.0,1.0,,220.0,52.0,3.0,0.0,0.0,5.0,,,,,,,,,,,,,,,0.0,,,,,,,,,,,
1836,Sohun superindo (mentah),Produk industri,PT. Indofood indonesia,g,50.0,1.0,,169.0,42.0,0.0,0.0,0.0,,,,,,,,,,,,,,,,1.0,,,,,,,,,,,
1837,Misoa cap ikan paus (mentah),Merek/restoran,Mie Ikan Paus,g,60.0,1.0,,220.0,45.0,7.0,1.5,0.0,1.0,,,,,,,,,,,,,,,0.0,,,,,,,,,,,
1838,Abon sapi gloria,Produk industri,CV. Gloria Wijaya Kusuma,g,25.0,1.0,,130.0,12.0,12.0,6.0,0.0,,,,,,,,,,,,,,,,,,,,,,,,,,,
1839,Abon ayam gloria,Produk industri,CV. Gloria Wijaya Kusuma,g,25.0,1.0,,110.0,10.0,7.0,5.0,0.0,,,,,,,,,,,,,,,,,,,,,,,,,,,
1840,Abon sapi superindo,Produk industri,PT. Indofood indonesia,g,100.0,1.0,,140.0,60.0,14.0,17.0,0.0,3.0,,,,,,,,,,,,,,,20.0,,,,,,,,,,,
1841,Beef original jerky Jack link's,Merek/restoran,Jerky Jack Link's,g,24.0,1.0,,80.0,6.0,10.0,1.0,0.0,,,,,,,,,,,,,,,,6.0,,,,,,,,,,,
1842,Abon sapi super pedas superindo,Produk industri,PT. Indofood indonesia,g,100.0,1.0,,510.0,40.0,26.0,27.0,0.0,6.0,,,,,,,,,,,,,,,33.0,,,,,,,,,,,
1843,Dendeng sapi sumber  selera,Produk industri,PT. Sumber Selera,g,50.0,1.0,,190.0,21.0,17.0,4.5,0.0,,,,,,,,,,,,,,,,8.0,,,,,,,,,,,
1844,Teh sariwangi,Produk industri,PT. Unilever Indonesia,g,1.85,50.0,,0.0,0.0,0.0,0.0,0.0,0.0,,,,,,,,,,,,,,,0.0,,,,,,,,,,,
1845,Teh celup sosro,Produk industri,PT. Sinar Sosro,g,2.0,50.0,,0.0,0.0,0.0,0.0,0.0,0.0,,,,,,,,,,,,,,,0.0,,,,,,,,,,,
1846,Teh gopek,Produk industri,PT. Gopek Cipta Utama,g,2.0,50.0,,0.0,0.0,0.0,0.0,0.0,0.0,,,,,,,,,,,,,,,0.0,,,,,,,,,,,
1847,Blacktea cap dandang,Produk industri,PT. Kartini  teh nasional,g,2.0,50.0,,0.0,0.0,0.0,0.0,0.0,0.0,,,,,,,,,,,,,,,0.0,,,,,,,,,,,
1848,Maxtea lemon tea,Produk industri,PT. Sari Incofood,g,25.0,50.0,,100.0,25.0,0.0,0.0,0.0,,,,,,,,,,,,,,,,24.0,,,,,,,,,,,
1849,Maxtea tarik,Produk industri,PT. Sari Incofood,g,2.0,50.0,,120.0,21.0,1.0,3.0,0.0,2.0,,,,,,,,,,,,,,,13.0,,,,,,,,,,,
1850,Ademsari chingku herbal tea,Produk industri,PT. Sari Enesis Indonesia,ml,325.0,1.0,,90.0,21.0,0.0,0.0,0.0,,,,,,,,,,,,,,,,21.0,,,,,,,,,,,
