id,label,nama,basis,bdd,Energi,Lemak total,Vitamin A,Vitamin B1,Vitamin B2,Vitamin B3,Vitamin C,Karbohidrat total,Protein,Serat pangan,Kalsium,Fosfor,Natrium,Kalium,Tembaga,Besi,Seng,B-Karoten,Karoten total,Air,Abu,Jumlah Sajian Per Kemasan,Jumlah Per Sajian,Energi dari lemak,Lemak jenuh,Gula,Kolesterol,Energi dari lemak jenuh,Lemak tidak jenuh ganda,Vitamin E,Vitamin B6,Folat,Magnesium,Lemak trans
1,Alami,"Beras giling, mentah",Per 100 g BDD (Berat Dapat Dimakan),Berat Dapat Dimakan (100%),357 kkal,1.70 g,0 mcg,0.20 mg,0.08 mg,2.60 mg,0 mg,77.10 g,8.40 g,0.20 g,147 mg,81 mg,27 mg,71 mg,100 mcg,1.80 mg,0.50 mg,0 mcg,,12 g,0.80 g,,,,,,,,,,,,,
2,Alami,"Beras giling var pelita,mentah",Per 100 g BDD (Berat Dapat Dimakan),Berat Dapat Dimakan (100%),369 kkal,1.40 g,0 mcg,0.26 mg,0 mg,0 mg,0 mg,77.10 g,9.50 g,0.40 g,68 mg,171 mg,34 mg,0 mg,0 mcg,1.40 mg,0 mg,0 mcg,,11.40 g,0.60 g,,,,,,,,,,,,,
3,Alami,"Beras giling var rojolele, mentah",Per 100 g BDD (Berat Dapat Dimakan),Berat Dapat Dimakan (100%),357 kkal,1.70 g,0 mcg,0.20 mg,0.02 mg,1.50 mg,0 mg,77.10 g,8.40 g,0.20 g,147 mg,81 mg,34 mg,112.90 mg,140 mcg,1.80 mg,0.10 mg,0 mcg,,12 g,0.80 g,,,,,,,,,,,,,
4,Alami,"Beras hitam, mentah",Per 100 g BDD (Berat Dapat Dimakan),Berat Dapat Dimakan (100%),351 kkal,1.30 g,0 mcg,0.21 mg,0.06 mg,0 mg,0 mg,76.90 g,8 g,20.10 g,6 mg,198 mg,15 mg,105 mg,100 mcg,0.10 mg,1.60 mg,0 mcg,,12.90 g,0.90 g,,,,,,,,,,,,,
5,Alami,"Beras jagung kuning kering, mentah",Per 100 g BDD (Berat Dapat Dimakan),Berat Dapat Dimakan (100%),358 kkal,0.10 g,0 mcg,0.12 mg,0.08 mg,1 mg,3 mg,82.70 g,5.50 g,10 g,20 mg,90 mg,1 mg,80 mg,1100 mcg,1.40 mg,4.10 mg,641 mcg,,10.80 g,0.90 g,,,,,,,,,,,,,
6,Alami,"Beras jagung putih, kering, mentah",Per 100 g BDD (Berat Dapat Dimakan),Berat Dapat Dimakan (100%),307 kkal,0.10 g,0 mcg,0.15 mg,0.07 mg,0.90 mg,0 mg,71.80 g,4.80 g,10 g,17 mg,78 mg,1 mg,70 mg,1100 mcg,1.20 mg,3.50 mg,301 mcg,,22.50 g,0.80 g,,,,,,,,,,,,,
7,Alami,"Beras ketan hitam tumbuk, mentah",Per 100 g BDD (Berat Dapat Dimakan),Berat Dapat Dimakan (100%),360 kkal,2.30 g,0 mcg,0.24 mg,0.10 mg,2 mg,0 mg,74.50 g,8 g,1 g,10 mg,347 mg,11 mg,288 mg,280 mcg,6.20 mg,2.20 mg,0 mcg,,13.70 g,1.50 g,,,,,,,,,,,,,
8,Alami,"Beras ketan putih tumbuk, mentah",Per 100 g BDD (Berat Dapat Dimakan),Berat Dapat Dimakan (100%),361 kkal,0.80 g,0 mcg,0.28 mg,0 mg,1.40 mg,0 mg,78.40 g,7.40 g,0.40 g,13 mg,157 mg,3 mg,282 mg,280 mcg,3.40 mg,2.20 mg,0 mcg,,12.90 g,0.50 g,,,,,,,,,,,,,
9,Alami,"Beras ladang, mentah",Per 100 g BDD (Berat Dapat Dimakan),Berat Dapat Dimakan (100%),376 kkal,3.80 g,0 mcg,0.20 mg,0.20 mg,5.10 mg,0 mg,78 g,7.50 g,5.90 g,20 mg,110 mg,10 mg,70 mg,100 mcg,0.80 mg,1.40 mg,0 mcg,,9.80 g,0.90 g,,,,,,,,,,,,,
10,Alami,"Beras menir, mentah",Per 100 g BDD (Berat Dapat Dimakan),Berat Dapat Dimakan (100%),362 kkal,4.40 g,0 mcg,0.55 mg,0 mg,1.90 mg,0 mg,73 g,7.70 g,0.20 g,22 mg,272 mg,90 mg,201 mg,1100 mcg,3.70 mg,0.50 mg,0 mcg,,12 g,0.20 g,,,,,,,,,,,,,
11,Alami,Beras parboiled,Per 100 g BDD (Berat Dapat Dimakan),Berat Dapat Dimakan (100%),353 kkal,0.60 g,0 mcg,0.22 mg,0.11 mg,3.40 mg,0 mg,80 g,6.80 g,0.50 g,5 mg,142 mg,2 mg,46 mg,280 mcg,0.80 mg,1 mg,0 mcg,,10 g,2.50 g,,,,,,,,,,,,,
12,Alami,"Beras tumbuk, mentah",Per 100 g BDD (Berat Dapat Dimakan),Berat Dapat Dimakan (100%),354 kkal,0.40 g,0 mcg,0.25 mg,0.22 mg,5.10 mg,0 mg,79.90 g,7.80 g,3.80 g,3 mg,112 mg,5 mg,85 mg,500 mcg,0.60 mg,1.50 mg,0 mcg,,11.50 g,0.40 g,,,,,,,,,,,,,
13,Alami,"Beras tumbuk merah, mentah",Per 100 g BDD (Berat Dapat Dimakan),Berat Dapat Dimakan (100%),352 kkal,0.90 g,0 mcg,0.34 mg,0 mg,3.30 mg,0 mg,76.20 g,7.30 g,0.80 g,15 mg,257 mg,10 mg,202 mg,360 mcg,4.20 mg,1.90 mg,0 mcg,,14.60 g,1 g,,,,,,,,,,,,,
14,Alami,"Cantel / sorgum, mentah",Per 100 g BDD (Berat Dapat Dimakan),Berat Dapat Dimakan (100%),366 kkal,3.30 g,0 mcg,0.09 mg,0.14 mg,2.80 mg,0 mg,73 g,11 g,1.20 g,28 mg,287 mg,7 mg,249 mg,0 mcg,4.40 mg,0 mg,0 mcg,,11 g,1.70 g,,,,,,,,,,,,,
15,Alami,"Jagung muda, kening, mentah",Per 100 g BDD (Berat Dapat Dimakan),Berat Dapat Dimakan (100%),147 kkal,0.70 g,0 mcg,0.24 mg,0.10 mg,0.80 mg,9 mg,31.50 g,5.10 g,1.30 g,6 mg,122 mg,5 mg,33.60 mg,130 mcg,1.10 mg,0.90 mg,113 mcg,,61.80 g,0.90 g,,,,,,,,,,,,,
16,Alami,"Jagung kuning pipil, kering, mentah",Per 100 g BDD (Berat Dapat Dimakan),Berat Dapat Dimakan (100%),366 kkal,7.30 g,0 mcg,0.12 mg,0.12 mg,1.80 mg,3 mg,69.10 g,9.80 g,2.20 g,30 mg,538 mg,5 mg,79.40 mg,100 mcg,2.30 mg,4.10 mg,636 mcg,,11.50 g,2.40 g,,,,,,,,,,,,,
17,Alami,"Jagung pipil var, harapan, mentah",Per 100 g BDD (Berat Dapat Dimakan),Berat Dapat Dimakan (100%),367 kkal,5.10 g,0 mcg,0.19 mg,0.08 mg,1 mg,0 mg,76.20 g,6.20 g,2.60 g,7 mg,354 mg,1 mg,79.60 mg,100 mcg,2.80 mg,4.10 mg,637 mcg,,11.30 g,1.20 g,,,,,,,,,,,,,
18,Alami,"Jagung pipil var, metro,kering",Per 100 g BDD (Berat Dapat Dimakan),Berat Dapat Dimakan (100%),368 kkal,4.60 g,0 mcg,0.16 mg,0.08 mg,1 mg,0 mg,78 g,5.50 g,2.90 g,7 mg,300 mg,1 mg,80.20 mg,100 mcg,2.40 mg,4.10 mg,642 mcg,,10.60 g,1.30 g,,,,,,,,,,,,,
19,Alami,"Jali, mentah",Per 100 g BDD (Berat Dapat Dimakan),Berat Dapat Dimakan (90%),324 kkal,4 g,0 mcg,0.14 mg,0.08 mg,1.80 mg,0 mg,61 g,11 g,3.10 g,213 mg,176 mg,24 mg,0 mg,100 mcg,11 mg,0.40 mg,0 mcg,,23 g,1 g,,,,,,,,,,,,,
20,Alami,"Jawawut,mentah",Per 100 g BDD (Berat Dapat Dimakan),Berat Dapat Dimakan (100%),364 kkal,3.50 g,0 mcg,0.33 mg,0.28 mg,4.50 mg,0 mg,73.40 g,9.70 g,8.20 g,28 mg,311 mg,7 mg,255.10 mg,450 mcg,5.30 mg,1.50 mg,33 mcg,,11.90 g,1.50 g,,,,,,,,,,,,,
21,Alami,"Jampang huma, mentah",Per 100 g BDD (Berat Dapat Dimakan),Berat Dapat Dimakan (100%),350 kkal,1.40 g,0 mcg,0.51 mg,0.30 mg,0.70 mg,0 mg,78.20 g,6.30 g,1.70 g,329 mg,254 mg,53 mg,396.70 mg,700 mcg,5.30 mg,1.60 mg,33 mcg,,11.70 g,2.50 g,,,,,,,,,,,,,
22,Alami,Nasi / Nasi Putih,Per 100 g BDD (Berat Dapat Dimakan),Berat Dapat Dimakan (100%),180 kkal,0.30 g,0 mcg,0.05 mg,0.10 mg,2.60 mg,0 mg,39.80 g,3 g,0.20 g,25 mg,27 mg,1 mg,38 mg,100 mcg,0.40 mg,0.60 mg,0 mcg,,56.70 g,0.20 g,,,,,,,,,,,,,
23,Alami,Nasi tim,Per 100 g BDD (Berat Dapat Dimakan),Berat Dapat Dimakan (100%),120 kkal,0.40 g,0 mcg,0.10 mg,0 mg,1.40 mg,0 mg,26 g,3.40 g,0.50 g,3 mg,7 mg,0 mg,23.90 mg,100 mcg,0.40 mg,0.40 mg,0 mcg,,71 g,0.20 g,,,,,,,,,,,,,
24,Alami,"Beras, tapai",Per 100 g BDD (Berat Dapat Dimakan),Berat Dapat Dimakan (100%),99 kkal,0.30 g,0 mcg,0 mg,0 mg,0 mg,0 mg,22.40 g,1.70 g,0 g,4 mg,19 mg,26 mg,2 mg,100 mcg,0 mg,0.50 mg,0 mcg,,75.50 g,0.10 g,,,,,,,,,,,,,
25,Alami,"Beras, tepung, mentah",Per 100 g BDD (Berat Dapat Dimakan),Berat Dapat Dimakan (100%),353 kkal,0.50 g,0 mcg,0.12 mg,0.10 mg,1.20 mg,0 mg,80 g,7 g,2.40 g,5 mg,140 mg,5 mg,241 mg,100 mcg,0.80 mg,0.80 mg,0 mcg,,12 g,0.50 g,,,,,,,,,,,,,
26,Alami,Nasi merah,Per 100 g BDD (Berat Dapat Dimakan),Berat Dapat Dimakan (100%),149 kkal,0.40 g,0 mcg,0.06 mg,0 mg,1.60 mg,0 mg,32.50 g,2.80 g,0.30 g,6 mg,63 mg,5 mg,91.40 mg,200 mcg,0.80 mg,0.90 mg,0 mcg,,64 g,0.30 g,,,,,,,,,,,,,
27,Alami,"Bihun, mentah",Per 100 g BDD (Berat Dapat Dimakan),Berat Dapat Dimakan (100%),348 kkal,0.10 g,0 mcg,0 mg,0 mg,0.20 mg,0 mg,82.10 g,4.70 g,1.20 g,6 mg,35 mg,12 mg,5 mg,80 mcg,1.80 mg,0.70 mg,0 mcg,,12.90 g,0.20 g,,,,,,,,,,,,,
28,Alami,Bihun goreng instan,Per 100 g BDD (Berat Dapat Dimakan),Berat Dapat Dimakan (100%),381 kkal,3.90 g,58 mcg,0.37 mg,0 mg,0 mg,0 mg,80.30 g,6.10 g,0 g,266 mg,151 mg,928 mg,0 mg,0 mcg,2.90 mg,0 mg,0 mcg,,9 g,0.70 g,,,,,,,,,,,,,
29,Alami,"Bihun jagung, mentah",Per 100 g BDD (Berat Dapat Dimakan),Berat Dapat Dimakan (100%),354 kkal,0.30 g,0 mcg,0.02 mg,0.02 mg,0.30 mg,0 mg,87.40 g,0.50 g,3 g,13 mg,111 mg,49 mg,1.40 mg,400 mcg,0.60 mg,0 mg,0 mcg,,11.30 g,0.50 g,,,,,,,,,,,,,
30,Alami,"Jagung nasi, mentah",Per 100 g BDD (Berat Dapat Dimakan),Berat Dapat Dimakan (100%),357 kkal,0.50 g,0 mcg,0.30 mg,0.02 mg,0.10 mg,0 mg,79.50 g,8.80 g,6.20 g,5 mg,43 mg,2 mg,30.40 mg,100 mcg,0.60 mg,0.30 mg,0 mcg,,11 g,0.30 g,,,,,,,,,,,,,
31,Alami,"Jagung muda,rebus",Per 100 g BDD (Berat Dapat Dimakan),Berat Dapat Dimakan (100%),142 kkal,0.70 g,0 mcg,0.15 mg,0 mg,0.70 mg,0 mg,30.30 g,5 g,0.80 g,5 mg,105 mg,5 mg,24.30 mg,200 mcg,0.80 mg,0.90 mg,145 mcg,,53.20 g,0.80 g,,,,,,,,,,,,,
32,Alami,"Jagung kuning, tepung",Per 100 g BDD (Berat Dapat Dimakan),Berat Dapat Dimakan (100%),355 kkal,3.90 g,0 mcg,0.38 mg,0.02 mg,0.30 mg,0 mg,73.70 g,9.20 g,7.20 g,10 mg,256 mg,11 mg,24.40 mg,230 mcg,2.40 mg,1.70 mg,0 mcg,,12 g,1.20 g,,,,,,,,,,,,,
33,Alami,"Jagung kuning pipil, rebus",Per 100 g BDD (Berat Dapat Dimakan),Berat Dapat Dimakan (100%),154 kkal,3.50 g,0 mcg,0.08 mg,0.10 mg,1.70 mg,0 mg,28.40 g,3.80 g,0.70 g,7 mg,171 mg,5 mg,56.40 mg,100 mcg,0.50 mg,4.40 mg,818 mcg,,63.70 g,0.60 g,,,,,,,,,,,,,
34,Alami,"Jagung, tepung putih",Per 100 g BDD (Berat Dapat Dimakan),Berat Dapat Dimakan (100%),355 kkal,3.90 g,0 mcg,0.38 mg,0.02 mg,0.30 mg,0 mg,73.70 g,9.20 g,7.20 g,10 mg,256 mg,11 mg,24.40 mg,230 mcg,2.40 mg,1.70 mg,0 mcg,,12 g,1.20 g,,,,,,,,,,,,,
35,Alami,"Ketan, ketupat",Per 100 g BDD (Berat Dapat Dimakan),Berat Dapat Dimakan (100%),212 kkal,4.60 g,0 mcg,0.07 mg,0 mg,0.20 mg,0 mg,38.60 g,4 g,0.20 g,8 mg,46 mg,0 mg,0 mg,0 mcg,1 mg,0 mg,0 mcg,,52 g,0.90 g,,,,,,,,,,,,,
36,Alami,"Ketan hitam, matang",Per 100 g BDD (Berat Dapat Dimakan),Berat Dapat Dimakan (100%),181 kkal,1.20 g,0 mcg,0.06 mg,0 mg,0.50 mg,0 mg,37.30 g,4 g,0.30 g,9 mg,144 mg,9 mg,18.40 mg,100 mcg,1.70 mg,0.70 mg,0 mcg,,56.90 g,0.60 g,,,,,,,,,,,,,
37,Alami,"Ketan hitam, tapai",Per 100 g BDD (Berat Dapat Dimakan),Berat Dapat Dimakan (100%),166 kkal,1 g,0 mcg,0.02 mg,0 mg,0 mg,0 mg,34.40 g,3.80 g,0.30 g,8 mg,106 mg,5 mg,12 mg,0 mcg,1.60 mg,0 mg,0 mcg,,50.20 g,0.60 g,,,,,,,,,,,,,
38,Alami,"Ketan putih, matang",Per 100 g BDD (Berat Dapat Dimakan),Berat Dapat Dimakan (100%),163 kkal,0.40 g,0 mcg,0.07 mg,0 mg,0.50 mg,0 mg,35.70 g,3 g,0.20 g,4 mg,55 mg,8 mg,16.80 mg,100 mcg,0.70 mg,0.70 mg,0 mcg,,60.70 g,0.20 g,,,,,,,,,,,,,
39,Alami,"Ketan putih, tapai",Per 100 g BDD (Berat Dapat Dimakan),Berat Dapat Dimakan (100%),172 kkal,0.50 g,0 mcg,0.04 mg,0 mg,0.20 mg,0 mg,37.50 g,3 g,0.60 g,6 mg,35 mg,1 mg,0 mg,0 mcg,0.50 mg,0 mg,0 mcg,,58.90 g,0.10 g,,,,,,,,,,,,,
40,Alami,"Maizena, tepung",Per 100 g BDD (Berat Dapat Dimakan),Berat Dapat Dimakan (100%),341 kkal,0 g,0 mcg,0 mg,0.09 mg,1.30 mg,0 mg,85 g,0.30 g,7 g,20 mg,30 mg,6 mg,9 mg,220 mcg,1.50 mg,1.60 mg,0 mcg,,14 g,0.70 g,,,,,,,,,,,,,
41,Alami,"Makaroni, mentah",Per 100 g BDD (Berat Dapat Dimakan),Berat Dapat Dimakan (100%),353 kkal,0.40 g,0 mcg,0.10 mg,0.13 mg,2.20 mg,0 mg,78.70 g,8.70 g,4.90 g,20 mg,80 mg,5 mg,0 mg,280 mcg,0.30 mg,1.40 mg,0 mcg,,11.70 g,2.50 g,,,,,,,,,,,,,
42,Alami,Mi basah,Per 100 g BDD (Berat Dapat Dimakan),Berat Dapat Dimakan (100%),88 kkal,3.30 g,0 mcg,0 mg,0 mg,0 mg,0 mg,14 g,0.60 g,0.10 g,14 mg,13 mg,63 mg,13.50 mg,60 mcg,6.80 mg,0.40 mg,0 mcg,,80 g,2.10 g,,,,,,,,,,,,,
43,Alami,Mi kering,Per 100 g BDD (Berat Dapat Dimakan),Berat Dapat Dimakan (100%),339 kkal,1.70 g,0 mcg,0 mg,0.08 mg,2.20 mg,0 mg,6.30 g,10 g,0.40 g,31 mg,143 mg,760 mg,83 mg,290 mcg,3.90 mg,1.90 mg,0 mcg,,10.60 g,1.40 g,,,,,,,,,,,,,
44,Alami,Misoa,Per 100 g BDD (Berat Dapat Dimakan),Berat Dapat Dimakan (100%),345 kkal,2.20 g,0 mcg,0 mg,0.02 mg,0.20 mg,0 mg,78 g,8.50 g,0.50 g,52 mg,120 mg,3064 mg,44 mg,80 mcg,8.70 mg,0 mg,0 mcg,,10 g,1.30 g,,,,,,,,,,,,,
45,Alami,Roti putih / roti tawar,Per 100 g BDD (Berat Dapat Dimakan),Berat Dapat Dimakan (100%),248 kkal,1.20 g,0 mcg,0.10 mg,0.29 mg,2.40 mg,0 mg,50 g,8 g,9.10 g,10 mg,95 mg,530 mg,91 mg,150 mcg,1.50 mg,0.90 mg,0 mcg,,40 g,0.80 g,,,,,,,,,,,,,
46,Alami,Tepung terigu,Per 100 g BDD (Berat Dapat Dimakan),Berat Dapat Dimakan (100%),333 kkal,1 g,0 mcg,0.10 mg,0.07 mg,1 mg,0 mg,77.20 g,9 g,0.30 g,22 mg,150 mg,2 mg,0 mg,0 mcg,1.30 mg,2.80 mg,0 mcg,,11.80 g,1 g,,,,,,,,,,,,,
47,Alami,"Amparan, tatak",Per 100 g BDD (Berat Dapat Dimakan),Berat Dapat Dimakan (100%),191 kkal,5.50 g,0 mcg,0 mg,0 mg,0 mg,0 mg,34 g,1.30 g,0 g,0 mg,0 mg,0 mg,0 mg,0 mcg,0 mg,0 mg,0 mcg,,58.40 g,0.80 g,,,,,,,,,,,,,
48,Alami,"Apang kukus, kue",Per 100 g BDD (Berat Dapat Dimakan),Berat Dapat Dimakan (100%),202 kkal,0.30 g,0 mcg,0 mg,0 mg,0 mg,0 mg,46.70 g,3 g,0 g,0 mg,0 mg,0 mg,0 mg,0 mcg,0 mg,0 mg,0 mcg,,49.50 g,0.50 g,,,,,,,,,,,,,
49,Alami,"Apem, kue",Per 100 g BDD (Berat Dapat Dimakan),Berat Dapat Dimakan (100%),148 kkal,0.50 g,0 mcg,0 mg,0 mg,0 mg,0 mg,33.90 g,2 g,0 g,0 mg,0 mg,0 mg,0 mg,0 mcg,0 mg,0 mg,0 mcg,,63.10 g,0.50 g,,,,,,,,,,,,,
50,Alami,Biskuit,Per 100 g BDD (Berat Dapat Dimakan),Berat Dapat Dimakan (100%),458 kkal,14.40 g,0 mcg,0.09 mg,0.15 mg,1.40 mg,0 mg,75.10 g,6.90 g,2.10 g,62 mg,87 mg,241 mg,20.30 mg,160 mcg,2.70 mg,0.60 mg,14 mcg,,2.20 g,1.40 g,,,,,,,,,,,,,
51,Alami,"Bakpia, kue",Per 100 g BDD (Berat Dapat Dimakan),Berat Dapat Dimakan (100%),272 kkal,6.70 g,0 mcg,0.31 mg,1 mg,2.90 mg,0 mg,44.10 g,8.70 g,0.90 g,194 mg,117 mg,0 mg,0 mg,0 mcg,4.50 mg,0 mg,0 mcg,,38.90 g,1.60 g,,,,,,,,,,,,,
52,Alami,Bakwan,Per 100 g BDD (Berat Dapat Dimakan),Berat Dapat Dimakan (100%),280 kkal,10.20 g,0 mcg,0.08 mg,0 mg,0 mg,0 mg,39 g,8.20 g,3.40 g,204 mg,79 mg,0 mg,0 mg,0 mcg,7 mg,0 mg,0 mcg,,40.50 g,2.10 g,,,,,,,,,,,,,
53,Alami,Bantal,Per 100 g BDD (Berat Dapat Dimakan),Berat Dapat Dimakan (100%),190 kkal,0.30 g,0 mcg,0.27 mg,0.02 mg,3.60 mg,0 mg,43.50 g,3.30 g,3.40 g,9 mg,0 mg,164 mg,84 mg,200 mcg,0.40 mg,0.90 mg,0 mcg,,52.30 g,0.60 g,,,,,,,,,,,,,
54,Alami,Baruasa,Per 100 g BDD (Berat Dapat Dimakan),Berat Dapat Dimakan (100%),417 kkal,8.20 g,0 mcg,0 mg,0 mg,0 mg,0 mg,79.30 g,6.50 g,0 g,0 mg,0 mg,0 mg,0 mg,0 mcg,0 mg,0 mg,0 mcg,,5.30 g,0.70 g,,,,,,,,,,,,,
55,Alami,Batar daan,Per 100 g BDD (Berat Dapat Dimakan),Berat Dapat Dimakan (100%),107 kkal,2.20 g,0 mcg,0.18 mg,0.02 mg,0 mg,0 mg,19.60 g,2.20 g,0 g,20 mg,30 mg,200 mg,90 mg,100 mcg,0.60 mg,0 mg,0 mcg,,75.30 g,0.70 g,,,,,,,,,,,,,
56,Alami,Bika ambon,Per 100 g BDD (Berat Dapat Dimakan),Berat Dapat Dimakan (100%),199 kkal,1.50 g,0 mcg,0.10 mg,0 mg,0 mg,0 mg,44.40 g,2.10 g,0.30 g,45 mg,28 mg,0 mg,0 mg,0 mcg,1.80 mg,0 mg,0 mcg,,51.50 g,0.60 g,,,,,,,,,,,,,
57,Alami,Bingka,Per 100 g BDD (Berat Dapat Dimakan),Berat Dapat Dimakan (100%),273 kkal,10.60 g,0 mcg,0 mg,0 mg,0 mg,0 mg,39.10 g,5.30 g,0 g,0 mg,0 mg,0 mg,0 mg,0 mcg,0 mg,0 mg,0 mcg,,44.40 g,0.60 g,,,,,,,,,,,,,
58,Alami,Bobengka,Per 100 g BDD (Berat Dapat Dimakan),Berat Dapat Dimakan (100%),225 kkal,2.60 g,0 mcg,0 mg,0 mg,0 mg,0 mg,45.20 g,5.30 g,0 g,0 mg,0 mg,0 mg,0 mg,0 mcg,0 mg,0 mg,0 mcg,,46.30 g,0.60 g,,,,,,,,,,,,,
59,Alami,Bolu peca,Per 100 g BDD (Berat Dapat Dimakan),Berat Dapat Dimakan (100%),197 kkal,4.60 g,0 mcg,0 mg,0 mg,0 mg,0 mg,35.60 g,3.30 g,0 g,0 mg,0 mg,0 mg,0 mg,0 mcg,0 mg,0 mg,0 mcg,,55.60 g,0.90 g,,,,,,,,,,,,,
60,Alami,Brem,Per 100 g BDD (Berat Dapat Dimakan),Berat Dapat Dimakan (100%),249 kkal,0.40 g,0 mcg,0.34 mg,0 mg,0 mg,0 mg,58 g,3.40 g,0 g,198 mg,86 mg,0 mg,0 mg,0 mcg,2 mg,0 mg,0 mcg,,37.40 g,0.90 g,,,,,,,,,,,,,
61,Alami,Bubur tinotuan (Manado),Per 100 g BDD (Berat Dapat Dimakan),Berat Dapat Dimakan (100%),156 kkal,0.20 g,0 mcg,0.10 mg,0.04 mg,0 mg,15 mg,15.60 g,2.30 g,8.20 g,41 mg,20 mg,486 mg,164 mg,300 mcg,0.40 mg,0.40 mg,1437 mcg,,80.90 g,1 g,,,,,,,,,,,,,
62,Alami,Cake tape,Per 100 g BDD (Berat Dapat Dimakan),Berat Dapat Dimakan (100%),323 kkal,11.50 g,26 mcg,0.38 mg,0.16 mg,0.30 mg,0 mg,50.10 g,4.90 g,1.40 g,131 mg,83 mg,0 mg,0 mg,0 mcg,2.60 mg,0 mg,0 mcg,,32.20 g,1.40 g,,,,,,,,,,,,,
63,Alami,Cangkuning,Per 100 g BDD (Berat Dapat Dimakan),Berat Dapat Dimakan (100%),204 kkal,7.50 g,0 mcg,0 mg,0 mg,0 mg,0 mg,31.40 g,2.80 g,0 g,0 mg,0 mg,0 mg,0 mg,0 mcg,0 mg,0 mg,0 mcg,,57.50 g,0.80 g,,,,,,,,,,,,,
64,Alami,Dodol bali,Per 100 g BDD (Berat Dapat Dimakan),Berat Dapat Dimakan (100%),298 kkal,2.10 g,0 mcg,0.28 mg,0 mg,2.50 mg,0 mg,65.90 g,3.70 g,0.40 g,70 mg,76 mg,0 mg,0 mg,0 mcg,2.50 mg,0 mg,0 mcg,,26.50 g,1.80 g,,,,,,,,,,,,,
65,Alami,Dodol galamai,Per 100 g BDD (Berat Dapat Dimakan),Berat Dapat Dimakan (100%),348 kkal,3.80 g,0 mcg,0.03 mg,0.06 mg,1.80 mg,0 mg,76.10 g,0.40 g,0.50 g,41 mg,144 mg,38 mg,76 mg,300 mcg,2.60 mg,2.10 mg,0 mcg,,16.50 g,1.20 g,,,,,,,,,,,,,
66,Alami,Dodol kedongdong,Per 100 g BDD (Berat Dapat Dimakan),Berat Dapat Dimakan (100%),331 kkal,7.60 g,0 mcg,0.11 mg,0 mg,0.80 mg,5 mg,63.80 g,1.90 g,1 g,90 mg,55 mg,0 mg,0 mg,0 mcg,2.30 mg,0 mg,0 mcg,,26.40 g,0.40 g,,,,,,,,,,,,,
67,Alami,Dodol manado,Per 100 g BDD (Berat Dapat Dimakan),Berat Dapat Dimakan (100%),373 kkal,16.50 g,0 mcg,0.04 mg,0.06 mg,2.10 mg,0 mg,51.90 g,4.30 g,0.40 g,41 mg,142 mg,35 mg,72 mg,300 mcg,2.40 mg,2.10 mg,0 mcg,,26.10 g,1.20 g,,,,,,,,,,,,,
68,Alami,Emping beras,Per 100 g BDD (Berat Dapat Dimakan),Berat Dapat Dimakan (100%),403 kkal,2.20 g,0 mcg,0 mg,0.16 mg,0 mg,0 mg,85.30 g,10.60 g,0.20 g,11 mg,240 mg,1 mg,113 mg,300 mcg,0.30 mg,2.40 mg,0 mcg,,13.60 g,1.90 g,,,,,,,,,,,,,
69,Alami,Gemblong,Per 100 g BDD (Berat Dapat Dimakan),Berat Dapat Dimakan (100%),274 kkal,5.40 g,0 mcg,0 mg,0 mg,0 mg,0 mg,55.50 g,1.70 g,2.20 g,69 mg,55 mg,0 mg,0 mg,0 mcg,3.30 mg,0 mg,0 mcg,,36.20 g,1.20 g,,,,,,,,,,,,,
70,Alami,Gendar goreng,Per 100 g BDD (Berat Dapat Dimakan),Berat Dapat Dimakan (100%),407 kkal,28.20 g,0 mcg,0.16 mg,0 mg,0.60 mg,0 mg,32 g,6.40 g,0.10 g,216 mg,62 mg,0 mg,0 mg,0 mcg,1.60 mg,0 mg,0 mcg,,30.40 g,3 g,,,,,,,,,,,,,
71,Alami,Intip goreng,Per 100 g BDD (Berat Dapat Dimakan),Berat Dapat Dimakan (100%),474 kkal,21.60 g,0 mcg,0.25 mg,0.03 mg,0.80 mg,0 mg,62.30 g,7.60 g,1.20 g,36 mg,64 mg,0 mg,38 mg,50 mcg,2.50 mg,0.50 mg,0 mcg,,6.50 g,2 g,,,,,,,,,,,,,
72,Alami,Jagung gerontol,Per 100 g BDD (Berat Dapat Dimakan),Berat Dapat Dimakan (100%),156 kkal,1.30 g,0 mcg,0.08 mg,0 mg,0 mg,0 mg,33.30 g,2.70 g,1 g,51 mg,105 mg,0 mg,0 mg,0 mcg,1.20 mg,0 mg,0 mcg,,61.70 g,0.80 g,,,,,,,,,,,,,
73,Alami,Jagung titi,Per 100 g BDD (Berat Dapat Dimakan),Berat Dapat Dimakan (100%),374 kkal,2.20 g,0 mcg,0.20 mg,0 mg,0 mg,0 mg,79.10 g,9.40 g,0.80 g,14 mg,142 mg,0 mg,0 mg,9000 mcg,2.90 mg,0 mg,0 mcg,,9.20 g,0.10 g,,,,,,,,,,,,,
74,Alami,Japilus,Per 100 g BDD (Berat Dapat Dimakan),Berat Dapat Dimakan (100%),500 kkal,25.10 g,0 mcg,0.17 mg,0.03 mg,0.40 mg,0 mg,67.30 g,1.20 g,0.40 g,186 mg,29 mg,0 mg,0 mg,0 mcg,4.90 mg,0 mg,0 mcg,,3.80 g,2.70 g,,,,,,,,,,,,,
75,Alami,Kakicak,Per 100 g BDD (Berat Dapat Dimakan),Berat Dapat Dimakan (100%),296 kkal,15.10 g,0 mcg,0 mg,0 mg,0 mg,0 mg,36.70 g,3.40 g,0 g,0 mg,0 mg,0 mg,0 mg,0 mcg,0 mg,0 mg,0 mcg,,43.90 g,0.90 g,,,,,,,,,,,,,
76,Alami,Kambose,Per 100 g BDD (Berat Dapat Dimakan),Berat Dapat Dimakan (100%),164 kkal,2.40 g,0 mcg,0.10 mg,0.10 mg,0.40 mg,0 mg,32.60 g,3 g,4.30 g,16 mg,36 mg,0 mg,32 mg,100 mcg,0.70 mg,1.60 mg,256 mcg,,61.50 g,0.70 g,,,,,,,,,,,,,
77,Alami,Kapusa,Per 100 g BDD (Berat Dapat Dimakan),Berat Dapat Dimakan (100%),158 kkal,3.20 g,0 mcg,0.06 mg,0.05 mg,0.10 mg,0 mg,27.80 g,4.40 g,5.30 g,79 mg,115 mg,104 mg,149 mg,500 mcg,1.20 mg,1.10 mg,1374 mcg,,63.50 g,1 g,,,,,,,,,,,,,
78,Alami,Keddo bodong,Per 100 g BDD (Berat Dapat Dimakan),Berat Dapat Dimakan (100%),290 kkal,5.70 g,0 mcg,0 mg,0 mg,0 mg,0 mg,55.20 g,4.60 g,0 g,0 mg,0 mg,0 mg,0 mg,0 mcg,0 mg,0 mg,0 mcg,,33.90 g,1 g,,,,,,,,,,,,,
79,Alami,Kue Kelepon,Per 100 g BDD (Berat Dapat Dimakan),Berat Dapat Dimakan (100%),215 kkal,3.70 g,0 mcg,0.09 mg,0.07 mg,0.20 mg,0 mg,41.80 g,3.70 g,1 g,232 mg,45 mg,0 mg,0 mg,0 mcg,3.30 mg,0 mg,0 mcg,,49.60 g,1.20 g,,,,,,,,,,,,,
80,Alami,Kereput,Per 100 g BDD (Berat Dapat Dimakan),Berat Dapat Dimakan (100%),580 kkal,39.60 g,0 mcg,0 mg,0 mg,0 mg,0 mg,51.10 g,4.80 g,0 g,0 mg,0 mg,0 mg,0 mg,0 mcg,0 mg,0 mg,0 mcg,,3.50 g,1 g,,,,,,,,,,,,,
81,Alami,Ketoprak,Per 100 g BDD (Berat Dapat Dimakan),Berat Dapat Dimakan (100%),153 kkal,7.70 g,3 mcg,0.05 mg,0 mg,0 mg,0 mg,13 g,7.90 g,2.90 g,153 mg,134 mg,0 mg,0 mg,0 mcg,3.40 mg,0 mg,0 mcg,,69.10 g,2.60 g,,,,,,,,,,,,,
82,Alami,Ketupat kandangan,Per 100 g BDD (Berat Dapat Dimakan),Berat Dapat Dimakan (100%),109 kkal,5.20 g,0 mcg,0 mg,0 mg,0 mg,0 mg,13.40 g,2.20 g,0 g,0 mg,0 mg,0 mg,0 mg,0 mcg,0 mg,0 mg,0 mcg,,78.50 g,0.70 g,,,,,,,,,,,,,
83,Alami,Koya,Per 100 g BDD (Berat Dapat Dimakan),Berat Dapat Dimakan (100%),366 kkal,4.30 g,0 mcg,0 mg,0 mg,0 mg,0 mg,77.50 g,4.20 g,0.80 g,153 mg,222 mg,0 mg,0 mg,0 mcg,7 mg,0 mg,0 mcg,,13.20 g,0.80 g,,,,,,,,,,,,,
84,Alami,Koya mirasa,Per 100 g BDD (Berat Dapat Dimakan),Berat Dapat Dimakan (100%),370 kkal,1 g,3 mcg,0.19 mg,0.45 mg,2.60 mg,0 mg,82.20 g,8 g,0.40 g,83 mg,110 mg,0 mg,0 mg,0 mcg,17 mg,0 mg,0 mcg,,7.20 g,1.60 g,,,,,,,,,,,,,
85,Alami,Koyabu,Per 100 g BDD (Berat Dapat Dimakan),Berat Dapat Dimakan (100%),241 kkal,4.30 g,0 mcg,0 mg,0 mg,0 mg,0 mg,47.20 g,3.40 g,0 g,0 mg,0 mg,0 mg,0 mg,0 mcg,0 mg,0 mg,0 mcg,,44.20 g,0.90 g,,,,,,,,,,,,,
86,Alami,Kue ali,Per 100 g BDD (Berat Dapat Dimakan),Berat Dapat Dimakan (100%),440 kkal,18.50 g,0 mcg,0.13 mg,0.09 mg,0 mg,0 mg,64.50 g,3.80 g,0.30 g,27 mg,47 mg,0 mg,0 mg,0 mcg,2.50 mg,0 mg,0 mcg,,12.80 g,0.40 g,,,,,,,,,,,,,
87,Alami,Kue bangen,Per 100 g BDD (Berat Dapat Dimakan),Berat Dapat Dimakan (100%),442 kkal,14.70 g,0 mcg,0 mg,0 mg,0 mg,0 mg,74.20 g,3.30 g,0 g,0 mg,0 mg,0 mg,0 mg,0 mcg,0 mg,0 mg,0 mcg,,5.60 g,2.20 g,,,,,,,,,,,,,
88,Alami,Kue gelang,Per 100 g BDD (Berat Dapat Dimakan),Berat Dapat Dimakan (100%),448 kkal,16.10 g,0 mcg,0 mg,0 mg,0 mg,0 mg,70 g,5.80 g,0 g,0 mg,0 mg,0 mg,0 mg,0 mcg,0 mg,0 mg,0 mcg,,7.10 g,1 g,,,,,,,,,,,,,
89,Alami,Kue jahe,Per 100 g BDD (Berat Dapat Dimakan),Berat Dapat Dimakan (100%),425 kkal,8.80 g,0 mcg,0.20 mg,0 mg,0 mg,0 mg,84.60 g,1.60 g,1.20 g,155 mg,61 mg,0 mg,0 mg,0 mcg,4 mg,0 mg,0 mcg,,3.70 g,1.30 g,,,,,,,,,,,,,
90,Alami,Kue kelapa,Per 100 g BDD (Berat Dapat Dimakan),Berat Dapat Dimakan (100%),591 kkal,42.10 g,0 mcg,0 mg,0 mg,0 mg,0 mg,47.50 g,5.60 g,0 g,32 mg,180 mg,33 mg,443 mg,500 mcg,1.60 mg,1.10 mg,0 mcg,,3.30 g,1.50 g,,,,,,,,,,,,,
91,Alami,Kue koa,Per 100 g BDD (Berat Dapat Dimakan),Berat Dapat Dimakan (100%),340 kkal,0.40 g,0 mcg,0 mg,0 mg,0 mg,0 mg,79.30 g,4.80 g,0 g,0 mg,0 mg,0 mg,0 mg,0 mcg,0 mg,0 mg,0 mcg,,14.50 g,1 g,,,,,,,,,,,,,
92,Alami,Kue ku temu,Per 100 g BDD (Berat Dapat Dimakan),Berat Dapat Dimakan (100%),214 kkal,0.20 g,0 mcg,0 mg,0 mg,0 mg,0 mg,49.60 g,3.50 g,0 g,0 mg,0 mg,0 mg,0 mg,0 mcg,0 mg,0 mg,0 mcg,,46.20 g,0.50 g,,,,,,,,,,,,,
93,Alami,Kue lumpur,Per 100 g BDD (Berat Dapat Dimakan),Berat Dapat Dimakan (100%),291 kkal,11.10 g,20 mcg,0.24 mg,0 mg,0 mg,0 mg,44.10 g,3.60 g,0 g,96 mg,60 mg,0 mg,0 mg,0 mcg,2.30 mg,0 mg,0 mcg,,40.10 g,1.10 g,,,,,,,,,,,,,
94,Alami,Kue pelita,Per 100 g BDD (Berat Dapat Dimakan),Berat Dapat Dimakan (100%),141 kkal,5.50 g,0 mcg,0 mg,0 mg,0 mg,0 mg,17.60 g,5.30 g,0 g,0 mg,0 mg,0 mg,0 mg,0 mcg,0 mg,0 mg,0 mcg,,71 g,0.60 g,,,,,,,,,,,,,
95,Alami,Kue putu cangkir,Per 100 g BDD (Berat Dapat Dimakan),Berat Dapat Dimakan (100%),304 kkal,7 g,0 mcg,0.06 mg,0 mg,0 mg,0 mg,54.90 g,5.30 g,0.90 g,18 mg,193 mg,0 mg,0 mg,0 mcg,4 mg,0 mg,0 mcg,,32.60 g,0.20 g,,,,,,,,,,,,,
96,Alami,Kue sus,Per 100 g BDD (Berat Dapat Dimakan),Berat Dapat Dimakan (100%),221 kkal,10.20 g,26 mcg,0.12 mg,0 mg,0 mg,0 mg,24.80 g,7.50 g,0 g,105 mg,85 mg,0 mg,0 mg,0 mcg,2.50 mg,0 mg,0 mcg,,56.60 g,0.90 g,,,,,,,,,,,,,
97,Alami,Kue thipan,Per 100 g BDD (Berat Dapat Dimakan),Berat Dapat Dimakan (100%),247 kkal,4.20 g,0 mcg,0.17 mg,0 mg,0 mg,0 mg,49.50 g,2.90 g,0 g,16 mg,107 mg,95 mg,56 mg,1300 mcg,1.80 mg,0.80 mg,0 mcg,,43 g,0.40 g,,,,,,,,,,,,,
98,Alami,Laksa/Putu mayang,Per 100 g BDD (Berat Dapat Dimakan),Berat Dapat Dimakan (100%),121 kkal,3.40 g,0 mcg,0 mg,0 mg,0 mg,0 mg,21.10 g,1.70 g,0 g,0 mg,0 mg,0 mg,0 mg,0 mcg,0 mg,0 mg,0 mcg,,73.20 g,0.60 g,,,,,,,,,,,,,
99,Alami,Lapis legit,Per 100 g BDD (Berat Dapat Dimakan),Berat Dapat Dimakan (100%),389 kkal,15.70 g,41 mcg,0.26 mg,0.09 mg,3 mg,0 mg,55.50 g,6.60 g,0.50 g,16 mg,136 mg,0 mg,0 mg,0 mcg,1.90 mg,0 mg,0 mcg,,21.30 g,0.90 g,,,,,,,,,,,,,
100,Alami,Lupis ketan,Per 100 g BDD (Berat Dapat Dimakan),Berat Dapat Dimakan (100%),164 kkal,2.10 g,0 mcg,0.09 mg,0 mg,0.20 mg,0 mg,34.50 g,1.80 g,0.70 g,119 mg,31 mg,0 mg,0 mg,0 mcg,1.50 mg,0 mg,0 mcg,,61 g,0.60 g,,,,,,,,,,,,,
101,Alami,Manan samin,Per 100 g BDD (Berat Dapat Dimakan),Berat Dapat Dimakan (100%),379 kkal,18.10 g,0 mcg,0 mg,0 mg,0 mg,0 mg,50.60 g,3.40 g,0 g,0 mg,0 mg,0 mg,0 mg,0 mcg,0 mg,0 mg,0 mcg,,27.10 g,0.80 g,,,,,,,,,,,,,
102,Alami,Martabak india,Per 100 g BDD (Berat Dapat Dimakan),Berat Dapat Dimakan (100%),153 kkal,4.20 g,0 mcg,0 mg,0 mg,0 mg,0 mg,24.30 g,4.50 g,0 g,14 mg,108 mg,240 mg,112 mg,400 mcg,2.40 mg,0.50 mg,0 mcg,,65.80 g,1.20 g,,,,,,,,,,,,,
103,Alami,Martabak mesir,Per 100 g BDD (Berat Dapat Dimakan),Berat Dapat Dimakan (100%),278 kkal,8.60 g,0 mcg,0 mg,0 mg,0 mg,0 mg,45 g,5.10 g,0 g,49 mg,168 mg,193 mg,123 mg,200 mcg,3.40 mg,0.90 mg,0 mcg,,40.20 g,1.10 g,,,,,,,,,,,,,
104,Alami,Masekat,Per 100 g BDD (Berat Dapat Dimakan),Berat Dapat Dimakan (100%),369 kkal,7 g,155 mcg,0 mg,0 mg,0 mg,0 mg,74.10 g,2.10 g,4 g,17 mg,52 mg,141 mg,12 mg,400 mcg,0.80 mg,0.30 mg,0 mcg,,15.60 g,0.80 g,,,,,,,,,,,,,
105,Alami,Mie aceh rebus,Per 100 g BDD (Berat Dapat Dimakan),Berat Dapat Dimakan (100%),113 kkal,3.20 g,0 mcg,0 mg,0 mg,0 mg,0 mg,18.10 g,3 g,0 g,22 mg,44 mg,191 mg,36 mg,200 mcg,1.40 mg,0.30 mg,0 mcg,,74.60 g,1.10 g,,,,,,,,,,,,,
106,Alami,Mie ayam,Per 100 g BDD (Berat Dapat Dimakan),Berat Dapat Dimakan (100%),102 kkal,3.90 g,39 mcg,0.85 mg,0 mg,0 mg,0 mg,10.50 g,6.20 g,0 g,262 mg,51 mg,279 mg,0 mg,0 mcg,1.80 mg,0 mg,0 mcg,,78.60 g,0.80 g,,,,,,,,,,,,,
107,Alami,Mie bakso,Per 100 g BDD (Berat Dapat Dimakan),Berat Dapat Dimakan (100%),114 kkal,3 g,17 mcg,0.16 mg,0 mg,0 mg,0 mg,16.40 g,5.30 g,0.10 g,286 mg,53 mg,760 mg,0 mg,0 mcg,1.90 mg,0 mg,0 mcg,,74.50 g,0.80 g,,,,,,,,,,,,,
108,Alami,Mie celon,Per 100 g BDD (Berat Dapat Dimakan),Berat Dapat Dimakan (100%),102 kkal,2.10 g,0 mcg,0 mg,0 mg,0 mg,0 mg,17.80 g,3 g,0 g,12 mg,84 mg,451 mg,112 mg,100 mcg,1.40 mg,0.50 mg,0 mcg,,75.90 g,1.20 g,,,,,,,,,,,,,
109,Alami,Mie pangsit basah,Per 100 g BDD (Berat Dapat Dimakan),Berat Dapat Dimakan (100%),105 kkal,4.90 g,25 mcg,0.46 mg,0 mg,0 mg,0 mg,9.40 g,5.90 g,0 g,208 mg,48 mg,530 mg,0 mg,0 mcg,2 mg,0 mg,0 mcg,,79.20 g,0.70 g,,,,,,,,,,,,,
110,Alami,Nasi gemuk,Per 100 g BDD (Berat Dapat Dimakan),Berat Dapat Dimakan (100%),192 kkal,8.80 g,0 mcg,0.19 mg,0.05 mg,2 mg,0 mg,24.40 g,3.80 g,0.70 g,15 mg,74 mg,355 mg,63 mg,200 mcg,1 mg,1.40 mg,0 mcg,,61.40 g,1.60 g,,,,,,,,,,,,,
111,Alami,Nasi gurih,Per 100 g BDD (Berat Dapat Dimakan),Berat Dapat Dimakan (100%),190 kkal,7.50 g,0 mcg,0.11 mg,0.06 mg,2.10 mg,0 mg,26 g,4.70 g,0.70 g,12 mg,62 mg,296 mg,52 mg,200 mcg,0.80 mg,1.20 mg,0 mcg,,60.50 g,1.30 g,,,,,,,,,,,,,
112,Alami,Nasi minyak,Per 100 g BDD (Berat Dapat Dimakan),Berat Dapat Dimakan (100%),207 kkal,5 g,0 mcg,0.14 mg,0.07 mg,2.60 mg,0 mg,37.10 g,3.50 g,0.80 g,26 mg,100 mg,74 mg,174 mg,200 mcg,1.50 mg,2.20 mg,0 mcg,,53.30 g,1.10 g,,,,,,,,,,,,,
113,Alami,Nasi rames,Per 100 g BDD (Berat Dapat Dimakan),Berat Dapat Dimakan (100%),155 kkal,4.20 g,96 mcg,0.59 mg,0 mg,0 mg,0 mg,19.10 g,10.30 g,0 g,239 mg,62 mg,265 mg,0 mg,0 mcg,1.80 mg,0 mg,0 mcg,,65.80 g,0.60 g,,,,,,,,,,,,,
114,Alami,Nopia spesial,Per 100 g BDD (Berat Dapat Dimakan),Berat Dapat Dimakan (100%),387 kkal,7.60 g,0 mcg,0.17 mg,0 mg,0 mg,0 mg,74.30 g,5.30 g,0.30 g,903 mg,133 mg,0 mg,0 mg,0 mcg,4.20 mg,0 mg,0 mcg,,11.50 g,1.30 g,,,,,,,,,,,,,
115,Alami,Onde-onde,Per 100 g BDD (Berat Dapat Dimakan),Berat Dapat Dimakan (100%),336 kkal,9.80 g,0 mcg,0 mg,0 mg,0 mg,0 mg,57.90 g,4 g,0 g,0 mg,0 mg,0 mg,0 mg,0 mcg,0 mg,0 mg,0 mcg,,27.70 g,0.60 g,,,,,,,,,,,,,
116,Alami,Padamaran,Per 100 g BDD (Berat Dapat Dimakan),Berat Dapat Dimakan (100%),171 kkal,8.90 g,0 mcg,0 mg,0 mg,0 mg,0 mg,18.80 g,3.90 g,0 g,0 mg,0 mg,0 mg,0 mg,0 mcg,0 mg,0 mg,0 mcg,,67.60 g,0.80 g,,,,,,,,,,,,,
117,Alami,Pastel,Per 100 g BDD (Berat Dapat Dimakan),Berat Dapat Dimakan (100%),307 kkal,13.30 g,0 mcg,0.15 mg,0 mg,0 mg,0 mg,42.40 g,4.50 g,0 g,296 mg,53 mg,0 mg,0 mg,0 mcg,2.50 mg,0 mg,0 mcg,,38.30 g,1.50 g,,,,,,,,,,,,,
118,Alami,Pulut,Per 100 g BDD (Berat Dapat Dimakan),Berat Dapat Dimakan (100%),216 kkal,3.10 g,0 mcg,0.14 mg,0 mg,0 mg,0 mg,44.40 g,2.60 g,0 g,6 mg,70 mg,100 mg,22 mg,400 mcg,3.80 mg,1.30 mg,0 mcg,,49.10 g,0.80 g,,,,,,,,,,,,,
119,Alami,Pundut nasi,Per 100 g BDD (Berat Dapat Dimakan),Berat Dapat Dimakan (100%),104 kkal,4.10 g,0 mcg,0 mg,0 mg,0 mg,0 mg,15.10 g,1.90 g,0.40 g,26 mg,100 mg,74 mg,174 mg,0 mcg,1.50 mg,0 mg,0 mcg,,77.80 g,1.10 g,,,,,,,,,,,,,
120,Alami,Putri hijau,Per 100 g BDD (Berat Dapat Dimakan),Berat Dapat Dimakan (100%),189 kkal,2.10 g,0 mcg,0 mg,0 mg,0 mg,0 mg,37.20 g,5.40 g,0 g,0 mg,0 mg,0 mg,0 mg,0 mcg,0 mg,0 mg,0 mcg,,54.80 g,0.50 g,,,,,,,,,,,,,
121,Alami,Putri selat,Per 100 g BDD (Berat Dapat Dimakan),Berat Dapat Dimakan (100%),163 kkal,6.50 g,0 mcg,0 mg,0 mg,0 mg,0 mg,13.80 g,2.20 g,0 g,72 mg,3 mg,6 mg,68 mg,0 mcg,4 mg,0 mg,0 mcg,,66.60 g,0.90 g,,,,,,,,,,,,,
122,Alami,Putu sopa,Per 100 g BDD (Berat Dapat Dimakan),Berat Dapat Dimakan (100%),215 kkal,4.10 g,0 mcg,0 mg,0 mg,0 mg,0 mg,41.10 g,3.30 g,0 g,0 mg,0 mg,0 mg,0 mg,0 mcg,0 mg,0 mg,0 mcg,,50.70 g,0.80 g,,,,,,,,,,,,,
123,Alami,Renggi Goreng,Per 100 g BDD (Berat Dapat Dimakan),Berat Dapat Dimakan (100%),471 kkal,21.80 g,0 mcg,0.53 mg,0.05 mg,8.20 mg,0 mg,64.10 g,4.70 g,6.40 g,4 mg,80 mg,126 mg,29 mg,900 mcg,1.10 mg,1.30 mg,0 mcg,,8.80 g,0.60 g,,,,,,,,,,,,,
124,Alami,Roti boong,Per 100 g BDD (Berat Dapat Dimakan),Berat Dapat Dimakan (100%),341 kkal,16.20 g,0 mcg,0.40 mg,0.30 mg,2.40 mg,0 mg,43.30 g,5.50 g,0 g,15 mg,65 mg,161 mg,41 mg,0 mcg,1.10 mg,0.90 mg,0 mcg,,34 g,1 g,,,,,,,,,,,,,
125,Alami,Roti warna sawo matang,Per 100 g BDD (Berat Dapat Dimakan),Berat Dapat Dimakan (100%),249 kkal,1.50 g,0 mcg,0.15 mg,0 mg,0 mg,0 mg,49.70 g,7.90 g,0 g,20 mg,140 mg,500 mg,91 mg,0 mcg,2.50 mg,0 mg,0 mcg,,40 g,0.90 g,,,,,,,,,,,,,
126,Alami,Sarimuka,Per 100 g BDD (Berat Dapat Dimakan),Berat Dapat Dimakan (100%),166 kkal,2.80 g,0 mcg,0 mg,0 mg,0 mg,0 mg,32.90 g,2.30 g,0 g,36 mg,13 mg,3 mg,34 mg,0 mcg,2 mg,0 mg,0 mcg,,61.50 g,0.50 g,,,,,,,,,,,,,
127,Alami,Spaghetti,Per 100 g BDD (Berat Dapat Dimakan),Berat Dapat Dimakan (100%),139 kkal,2.10 g,42 mcg,0.35 mg,0 mg,0 mg,0 mg,22.60 g,7.40 g,0 g,109 mg,53 mg,0 mg,0 mg,0 mcg,4.70 mg,0 mg,0 mcg,,66.10 g,2.10 g,,,,,,,,,,,,,
128,Alami,Srikaya ketan,Per 100 g BDD (Berat Dapat Dimakan),Berat Dapat Dimakan (100%),265 kkal,6.40 g,0 mcg,0 mg,0 mg,0 mg,0 mg,49.10 g,2.70 g,0 g,0 mg,0 mg,0 mg,0 mg,0 mcg,0 mg,0 mg,0 mcg,,41 g,0.80 g,,,,,,,,,,,,,
129,Alami,Sunduk lawang,Per 100 g BDD (Berat Dapat Dimakan),Berat Dapat Dimakan (100%),181 kkal,1.30 g,0 mcg,0 mg,0 mg,0 mg,0 mg,32.40 g,1.90 g,0 g,0 mg,0 mg,0 mg,0 mg,0 mcg,0 mg,0 mg,0 mcg,,63.40 g,1 g,,,,,,,,,,,,,
130,Alami,Suwir-suwir,Per 100 g BDD (Berat Dapat Dimakan),Berat Dapat Dimakan (100%),347 kkal,0.90 g,1 mcg,0.13 mg,0 mg,0.90 mg,0 mg,84.20 g,0.50 g,0.80 g,42 mg,40 mg,0 mg,0 mg,0 mcg,4.30 mg,0 mg,0 mcg,,13.40 g,1 g,,,,,,,,,,,,,
131,Alami,Tipa-tipa,Per 100 g BDD (Berat Dapat Dimakan),Berat Dapat Dimakan (100%),355 kkal,1.20 g,0 mcg,0.26 mg,0.04 mg,1.50 mg,0 mg,79.80 g,6.20 g,1.30 g,17 mg,328 mg,0 mg,0 mg,0 mcg,1.60 mg,0 mg,0 mcg,,11.30 g,1.50 g,,,,,,,,,,,,,
132,Alami,Wajit camilan,Per 100 g BDD (Berat Dapat Dimakan),Berat Dapat Dimakan (100%),303 kkal,2.70 g,0 mcg,0.03 mg,0 mg,0 mg,0 mg,63.30 g,6.30 g,6.90 g,61 mg,302 mg,0 mg,0 mg,0 mcg,5.50 mg,0 mg,0 mcg,,27.10 g,0.60 g,,,,,,,,,,,,,
133,Alami,Widaran,Per 100 g BDD (Berat Dapat Dimakan),Berat Dapat Dimakan (100%),424 kkal,10.70 g,21 mcg,0.13 mg,0.20 mg,2.20 mg,0 mg,80.70 g,1.30 g,0.20 g,49 mg,88 mg,0 mg,0 mg,0 mcg,2.50 mg,0 mg,0 mcg,,7 g,0.30 g,,,,,,,,,,,,,
134,Alami,Wingko babat,Per 100 g BDD (Berat Dapat Dimakan),Berat Dapat Dimakan (100%),355 kkal,15.10 g,0 mcg,0.08 mg,0.08 mg,0 mg,0 mg,51.40 g,3.20 g,2.40 g,47 mg,63 mg,0 mg,0 mg,0 mcg,1.10 mg,0 mg,0 mcg,,29.70 g,0.70 g,,,,,,,,,,,,,
135,Alami,Yangko,Per 100 g BDD (Berat Dapat Dimakan),Berat Dapat Dimakan (100%),254 kkal,1.10 g,0 mcg,0.15 mg,0 mg,0 mg,0 mg,58.10 g,3 g,0.80 g,184 mg,24 mg,0 mg,0 mg,0 mcg,2.60 mg,0 mg,0 mcg,,37.40 g,0.40 g,,,,,,,,,,,,,
136,Alami,"Arrowroot, segar",Per 100 g BDD (Berat Dapat Dimakan),Berat Dapat Dimakan (100%),102 kkal,0.20 g,0 mcg,0.06 mg,0.10 mg,2.20 mg,2 mg,24.10 g,1 g,1.70 g,28 mg,35 mg,36 mg,626.60 mg,200 mcg,1.70 mg,0.80 mg,15 mcg,,73.50 g,1.20 g,,,,,,,,,,,,,
137,Alami,"Batatas gembili, segar",Per 100 g BDD (Berat Dapat Dimakan),Berat Dapat Dimakan (85%),76 kkal,0.90 g,0 mcg,0.06 mg,0 mg,0.90 mg,0 mg,16 g,1.10 g,4.20 g,0 mg,40 mg,10 mg,200 mg,200 mcg,0.20 mg,0.30 mg,0 mcg,,76.70 g,0.70 g,,,,,,,,,,,,,
138,Alami,"Batatas kelapa, ubi, segar",Per 100 g BDD (Berat Dapat Dimakan),Berat Dapat Dimakan (85%),89 kkal,0.10 g,0 mcg,0.38 mg,0 mg,0.90 mg,0 mg,21 g,1.10 g,4 g,0 mg,40 mg,20 mg,340 mg,100 mcg,0.20 mg,0.20 mg,0 mcg,,76.10 g,0.70 g,,,,,,,,,,,,,
139,Alami,"Belitung, talas, segar",Per 100 g BDD (Berat Dapat Dimakan),Berat Dapat Dimakan (85%),145 kkal,0.40 g,0 mcg,0.10 mg,0.10 mg,2.30 mg,2 mg,34.20 g,1.20 g,1.50 g,26 mg,54 mg,6 mg,536.10 mg,200 mcg,1.40 mg,0.90 mg,0 mcg,,63.10 g,1.10 g,,,,,,,,,,,,,
140,Alami,"Bengkuang, segar",Per 100 g BDD (Berat Dapat Dimakan),Berat Dapat Dimakan (84%),59 kkal,0.20 g,0 mcg,0.04 mg,0.10 mg,0.20 mg,20 mg,12.80 g,1.40 g,1 g,15 mg,18 mg,2 mg,244.30 mg,100 mcg,0.60 mg,0.30 mg,0 mcg,,85.10 g,0.50 g,,,,,,,,,,,,,
141,Alami,"Bentul (Komba), talas, segar",Per 100 g BDD (Berat Dapat Dimakan),Berat Dapat Dimakan (86%),98 kkal,0.70 g,0 mcg,0.02 mg,0.10 mg,0.80 mg,0 mg,20.90 g,1.60 g,0.70 g,44 mg,66 mg,0 mg,195.50 mg,200 mcg,1.50 mg,0.60 mg,0 mcg,,75.80 g,1.80 g,,,,,,,,,,,,,
142,Alami,Gadeng / Gadung kering,Per 100 g BDD (Berat Dapat Dimakan),Berat Dapat Dimakan (100%),322 kkal,0.60 g,0 mcg,0.45 mg,0.02 mg,1 mg,0 mg,76.60 g,2.40 g,0 g,39 mg,22 mg,5 mg,2 mg,500 mcg,2.20 mg,0.20 mg,0 mcg,,20.20 g,0.20 g,,,,,,,,,,,,,
143,Alami,"Gadung , ubi, segar",Per 100 g BDD (Berat Dapat Dimakan),Berat Dapat Dimakan (85%),100 kkal,0.30 g,0 mcg,0.23 mg,0 mg,0.50 mg,2 mg,23.50 g,0.90 g,2.10 g,79 mg,66 mg,8 mg,687.20 mg,200 mcg,0.90 mg,0.20 mg,0 mcg,,74.40 g,0.90 g,,,,,,,,,,,,,
144,Alami,"Ganyong, segar",Per 100 g BDD (Berat Dapat Dimakan),Berat Dapat Dimakan (65%),77 kkal,0.20 g,0 mcg,0.10 mg,0 mg,0 mg,9 mg,18.40 g,0.60 g,0.80 g,15 mg,67 mg,0 mg,0 mg,0 mcg,1 mg,0 mg,0 mcg,,79.90 g,0.90 g,,,,,,,,,,,,,
145,Alami,"Gembili, ubi, segar",Per 100 g BDD (Berat Dapat Dimakan),Berat Dapat Dimakan (85%),131 kkal,0.20 g,0 mcg,0.08 mg,0 mg,0.90 mg,4 mg,31.30 g,1.10 g,1.10 g,14 mg,56 mg,10 mg,200 mg,200 mcg,0.60 mg,0.30 mg,0 mcg,,66.40 g,1 g,,,,,,,,,,,,,
146,Alami,"Hofa / Ubi hutan, segar",Per 100 g BDD (Berat Dapat Dimakan),Berat Dapat Dimakan (85%),127 kkal,0.50 g,0 mcg,0.30 mg,0.05 mg,0.60 mg,0 mg,29.50 g,1.20 g,3.40 g,30 mg,8 mg,3 mg,4 mg,100 mcg,0.70 mg,0.20 mg,0 mcg,,67.90 g,0.90 g,,,,,,,,,,,,,
147,Alami,"Kaburan, ubi, segar",Per 100 g BDD (Berat Dapat Dimakan),Berat Dapat Dimakan (81%),133 kkal,0.20 g,0 mcg,0.01 mg,0 mg,0.30 mg,0 mg,32.20 g,1 g,0.70 g,65 mg,50 mg,10 mg,899.20 mg,200 mcg,0.60 mg,0.20 mg,0 mcg,,66.50 g,0.50 g,,,,,,,,,,,,,
148,Alami,"Kentang, segar",Per 100 g BDD (Berat Dapat Dimakan),Berat Dapat Dimakan (85%),62 kkal,0.20 g,0 mcg,0.09 mg,0.10 mg,1 mg,21 mg,13.50 g,2.10 g,0.50 g,63 mg,58 mg,7 mg,396 mg,400 mcg,0.70 mg,0.30 mg,0 mcg,,83.40 g,0.80 g,,,,,,,,,,,,,
149,Alami,"Kentang hitam, segar",Per 100 g BDD (Berat Dapat Dimakan),Berat Dapat Dimakan (75%),142 kkal,0.40 g,0 mcg,0.02 mg,0.10 mg,2.20 mg,38 mg,33.70 g,0.90 g,5.40 g,34 mg,75 mg,22 mg,890.30 mg,900 mcg,0.20 mg,0.60 mg,0 mcg,,64 g,1 g,,,,,,,,,,,,,
150,Alami,"Keribang, ubi, segar",Per 100 g BDD (Berat Dapat Dimakan),Berat Dapat Dimakan (83%),137 kkal,1.10 g,0 mcg,0 mg,0 mg,0.70 mg,0 mg,29.80 g,1.30 g,0.60 g,45 mg,56 mg,10 mg,885.80 mg,200 mcg,0.80 mg,0.30 mg,0 mcg,,67 g,0.80 g,,,,,,,,,,,,,
151,Alami,"Ketela pohon / singkong, segar",Per 100 g BDD (Berat Dapat Dimakan),Berat Dapat Dimakan (85%),154 kkal,0.30 g,0 mcg,0.06 mg,0.10 mg,0.50 mg,31 mg,36.80 g,1 g,0.90 g,77 mg,24 mg,2 mg,394 mg,300 mcg,1.10 mg,0.40 mg,0 mcg,,61.40 g,0.50 g,,,,,,,,,,,,,
152,Alami,Lepok / Ubi rumput,Per 100 g BDD (Berat Dapat Dimakan),Berat Dapat Dimakan (85%),181 kkal,1.20 g,0 mcg,0.28 mg,0.05 mg,1.50 mg,0 mg,39.80 g,2.80 g,10.70 g,7 mg,50 mg,116 mg,306 mg,1600 mcg,3.10 mg,0.90 mg,0 mcg,,55.30 g,0.90 g,,,,,,,,,,,,,
153,Alami,Sagu aren kering,Per 100 g BDD (Berat Dapat Dimakan),Berat Dapat Dimakan (100%),355 kkal,1.10 g,0 mcg,0.04 mg,0.10 mg,0.50 mg,0 mg,85.60 g,0.60 g,0.30 g,91 mg,167 mg,2 mg,200 mg,0 mcg,2.20 mg,0.30 mg,0 mcg,,11.90 g,0.80 g,,,,,,,,,,,,,
154,Alami,Sagu aren segar,Per 100 g BDD (Berat Dapat Dimakan),Berat Dapat Dimakan (100%),231 kkal,0.20 g,0 mcg,0.20 mg,0 mg,0 mg,0 mg,56.60 g,0.60 g,3.20 g,20 mg,20 mg,7 mg,0 mg,100 mcg,0.10 mg,0.10 mg,0 mcg,,42.50 g,0.10 g,,,,,,,,,,,,,
155,Alami,Sagu kasbi segar,Per 100 g BDD (Berat Dapat Dimakan),Berat Dapat Dimakan (100%),230 kkal,0.20 g,0 mcg,0.20 mg,0 mg,0 mg,0 mg,56.50 g,0.60 g,3 g,20 mg,1 mg,100 mg,410 mg,100 mcg,0.30 mg,0.20 mg,0 mcg,,42.50 g,0.20 g,,,,,,,,,,,,,
156,Alami,Sagu lempeng,Per 100 g BDD (Berat Dapat Dimakan),Berat Dapat Dimakan (100%),347 kkal,0.30 g,0 mcg,0.30 mg,0 mg,0 mg,0 mg,85.20 g,0.90 g,4.70 g,30 mg,30 mg,11 mg,0 mg,100 mcg,0.20 mg,0.10 mg,0 mcg,,13.50 g,0.10 g,,,,,,,,,,,,,
157,Alami,Sagu singkong kering,Per 100 g BDD (Berat Dapat Dimakan),Berat Dapat Dimakan (100%),362 kkal,0.30 g,0 mcg,0 mg,0 mg,0 mg,0 mg,86.90 g,0.50 g,0 g,0 mg,0 mg,0 mg,0 mg,0 mcg,0 mg,0 mg,0 mcg,,12 g,0.30 g,,,,,,,,,,,,,
158,Alami,"Sante, talas, segar",Per 100 g BDD (Berat Dapat Dimakan),Berat Dapat Dimakan (86%),353 kkal,0.20 g,0 mcg,0.05 mg,0.20 mg,2.80 mg,5 mg,84.70 g,0.70 g,6.60 g,11 mg,13 mg,30 mg,694.60 mg,600 mcg,1.50 mg,2.20 mg,41 mcg,,14 g,0.40 g,,,,,,,,,,,,,
159,Alami,"Suweg, talas, segar",Per 100 g BDD (Berat Dapat Dimakan),Berat Dapat Dimakan (86%),74 kkal,0.10 g,0 mcg,0.04 mg,0 mg,0.40 mg,2 mg,17.20 g,1.40 g,1.40 g,42 mg,46 mg,7 mg,400 mg,100 mcg,1.30 mg,0.10 mg,24 mcg,,80.10 g,1.20 g,,,,,,,,,,,,,
160,Alami,"Talas bogor, segar",Per 100 g BDD (Berat Dapat Dimakan),Berat Dapat Dimakan (85%),108 kkal,0.40 g,0 mcg,0.06 mg,0.07 mg,1 mg,4 mg,25 g,1.40 g,0.90 g,47 mg,67 mg,10 mg,448 mg,200 mcg,0.70 mg,0.70 mg,0 mcg,,72.40 g,0.80 g,,,,,,,,,,,,,
161,Alami,"Talas pontianak, segar",Per 100 g BDD (Berat Dapat Dimakan),Berat Dapat Dimakan (83%),163 kkal,0.50 g,0 mcg,0.02 mg,0.10 mg,1.30 mg,0 mg,36.40 g,2.30 g,0.70 g,45 mg,80 mg,14 mg,323.10 mg,300 mcg,1.70 mg,1 mg,0 mcg,,60 g,0.90 g,,,,,,,,,,,,,
162,Alami,"Talas viqueque, segar",Per 100 g BDD (Berat Dapat Dimakan),Berat Dapat Dimakan (85%),115 kkal,0.50 g,0 mcg,0.08 mg,0.10 mg,0.90 mg,0 mg,25.90 g,1.80 g,8.60 g,50 mg,220 mg,1 mg,70 mg,300 mcg,0.90 mg,1 mg,0 mcg,,70.60 g,1.20 g,,,,,,,,,,,,,
163,Alami,"Ubi jalar kuning, segar",Per 100 g BDD (Berat Dapat Dimakan),Berat Dapat Dimakan (85%),119 kkal,0.40 g,0 mcg,0.06 mg,0.07 mg,0.70 mg,21 mg,25.10 g,0.50 g,4.20 g,30 mg,40 mg,3 mg,1 mg,100 mcg,0.40 mg,0.20 mg,794 mcg,,72.60 g,1 g,,,,,,,,,,,,,
164,Alami,"Ubi jalar manis, segar",Per 100 g BDD (Berat Dapat Dimakan),Berat Dapat Dimakan (85%),83 kkal,0.20 g,0 mcg,0.02 mg,0 mg,0.40 mg,0 mg,18.80 g,1.50 g,0.60 g,27 mg,162 mg,52 mg,320.70 mg,100 mcg,2.10 mg,0.30 mg,0 mcg,,78.40 g,1.10 g,,,,,,,,,,,,,
165,Alami,"Ubi jalar merah, segar",Per 100 g BDD (Berat Dapat Dimakan),Berat Dapat Dimakan (86%),151 kkal,0.30 g,0 mcg,0.13 mg,0.08 mg,0.70 mg,11 mg,35.40 g,1.60 g,0.70 g,29 mg,74 mg,92 mg,565.60 mg,300 mcg,0.70 mg,0.50 mg,0 mcg,,61.90 g,0.60 g,,,,,,,,,,,,,
166,Alami,"Ubi jalar putih, segar",Per 100 g BDD (Berat Dapat Dimakan),Berat Dapat Dimakan (86%),88 kkal,0.40 g,0 mcg,0.25 mg,0.06 mg,0.50 mg,36 mg,20.60 g,0.40 g,4 g,30 mg,10 mg,2 mg,4 mg,100 mcg,0.50 mg,0.20 mg,13 mcg,,77.80 g,0.80 g,,,,,,,,,,,,,
167,Alami,Ubi jalar tinta / kemayung,Per 100 g BDD (Berat Dapat Dimakan),Berat Dapat Dimakan (85%),108 kkal,0.40 g,0 mcg,0.09 mg,0.06 mg,0.60 mg,24 mg,25.60 g,0.50 g,4.20 g,30 mg,40 mg,1 mg,1 mg,100 mcg,0.50 mg,0.20 mg,13 mcg,,72.50 g,1 g,,,,,,,,,,,,,
168,Alami,"Umbi Uwi, segar",Per 100 g BDD (Berat Dapat Dimakan),Berat Dapat Dimakan (86%),120 kkal,0.50 g,0 mcg,0.02 mg,0.50 mg,0.20 mg,4 mg,82.30 g,2.80 g,2.60 g,9 mg,42 mg,12 mg,412 mg,300 mcg,1.30 mg,0.60 mg,0 mcg,,69.70 g,0.90 g,,,,,,,,,,,,,
169,Alami,Batatas kelapa bakar,Per 100 g BDD (Berat Dapat Dimakan),Berat Dapat Dimakan (85%),110 kkal,1.10 g,0 mcg,1.13 mg,0 mg,0 mg,0 mg,23.40 g,1.40 g,4.50 g,1 mg,46 mg,12 mg,230 mg,200 mcg,0.20 mg,0.30 mg,0 mcg,,73.20 g,0.70 g,,,,,,,,,,,,,
170,Alami,Batatas kelapa kukus,Per 100 g BDD (Berat Dapat Dimakan),Berat Dapat Dimakan (100%),92 kkal,0.30 g,0 mcg,0.28 mg,0 mg,0.70 mg,0 mg,21 g,1.20 g,4.10 g,0 mg,42 mg,10 mg,209 mg,200 mcg,0.20 mg,0.30 mg,0 mcg,,75.70 g,1.80 g,,,,,,,,,,,,,
171,Alami,Batatas tali rebus,Per 100 g BDD (Berat Dapat Dimakan),Berat Dapat Dimakan (100%),182 kkal,0.40 g,0 mcg,0.27 mg,0 mg,1.30 mg,0 mg,42.20 g,2.40 g,9.20 g,1 mg,80 mg,20 mg,402 mg,300 mcg,0.30 mg,0.60 mg,0 mcg,,53.20 g,1.80 g,,,,,,,,,,,,,
172,Alami,Belitung kukus,Per 100 g BDD (Berat Dapat Dimakan),Berat Dapat Dimakan (100%),145 kkal,0.40 g,0 mcg,0.08 mg,0.10 mg,2.30 mg,1 mg,34.20 g,1.20 g,1 g,21 mg,48 mg,7 mg,552.60 mg,200 mcg,0.90 mg,0.90 mg,0 mcg,,63.10 g,1.10 g,,,,,,,,,,,,,
173,Alami,Bentul kukus,Per 100 g BDD (Berat Dapat Dimakan),Berat Dapat Dimakan (100%),71 kkal,0.30 g,0 mcg,0.06 mg,0 mg,0 mg,21 mg,15.40 g,2.30 g,0.50 g,29 mg,26 mg,0 mg,201 mg,200 mcg,0.60 mg,0.60 mg,0 mcg,,81.10 g,0.90 g,,,,,,,,,,,,,
174,Alami,Gadung kukus,Per 100 g BDD (Berat Dapat Dimakan),Berat Dapat Dimakan (100%),88 kkal,0.30 g,0 mcg,0.03 mg,0 mg,0.40 mg,0 mg,20.90 g,0.60 g,0.90 g,26 mg,47 mg,6 mg,584 mg,200 mcg,0.40 mg,0.20 mg,0 mcg,,77.40 g,0.80 g,,,,,,,,,,,,,
175,Alami,Ganyong rebus,Per 100 g BDD (Berat Dapat Dimakan),Berat Dapat Dimakan (100%),100 kkal,0.20 g,0 mcg,0.04 mg,0 mg,0 mg,6 mg,23.80 g,0.80 g,0.90 g,15 mg,65 mg,0 mg,0 mg,0 mcg,0.90 mg,0 mg,0 mcg,,74.10 g,1.10 g,,,,,,,,,,,,,
176,Alami,Ketela pohon kukus,Per 100 g BDD (Berat Dapat Dimakan),Berat Dapat Dimakan (100%),153 kkal,0.30 g,0 mcg,0 mg,0 mg,0.30 mg,20 mg,36.40 g,1.20 g,1.30 g,56 mg,22 mg,2 mg,345.30 mg,300 mcg,0.40 mg,0.10 mg,0 mcg,,61.50 g,0.60 g,,,,,,,,,,,,,
177,Alami,Suweg kukus,Per 100 g BDD (Berat Dapat Dimakan),Berat Dapat Dimakan (100%),93 kkal,0.10 g,0 mcg,0.09 mg,0 mg,0.30 mg,0 mg,21.90 g,1.50 g,0.90 g,50 mg,58 mg,6 mg,350.30 mg,100 mcg,0.80 mg,0.10 mg,0 mcg,,75.50 g,1 g,,,,,,,,,,,,,
178,Alami,Talas bogor kukus,Per 100 g BDD (Berat Dapat Dimakan),Berat Dapat Dimakan (100%),120 kkal,0.30 g,0 mcg,0.05 mg,0.60 mg,0.80 mg,2 mg,28.20 g,1.50 g,0.70 g,31 mg,63 mg,11 mg,498 mg,200 mcg,0.70 mg,0.60 mg,0 mcg,,69.20 g,0.80 g,,,,,,,,,,,,,
179,Alami,Ubi jalar kuning kukus,Per 100 g BDD (Berat Dapat Dimakan),Berat Dapat Dimakan (100%),100 kkal,0.30 g,0 mcg,0 mg,0.10 mg,0.60 mg,16 mg,23.80 g,0.70 g,1 g,44 mg,46 mg,3 mg,0.80 mg,100 mcg,0.40 mg,0.20 mg,819 mcg,,74.20 g,1 g,,,,,,,,,,,,,
180,Alami,Ubi jalar tinta / kemayung kukus,Per 100 g BDD (Berat Dapat Dimakan),Berat Dapat Dimakan (100%),165 kkal,0.20 g,0 mcg,0.02 mg,0.10 mg,0.50 mg,0 mg,39.80 g,0.90 g,1.10 g,20 mg,23 mg,1 mg,0.90 mg,100 mcg,0.80 mg,0.20 mg,0 mcg,,58.50 g,0.60 g,,,,,,,,,,,,,
181,Alami,Bagea kelapa asin,Per 100 g BDD (Berat Dapat Dimakan),Berat Dapat Dimakan (100%),450 kkal,13.90 g,0 mcg,0.30 mg,0 mg,0 mg,0 mg,78.10 g,3.20 g,0 g,38 mg,38 mg,74 mg,0 mg,200 mcg,0.30 mg,0.20 mg,0 mcg,,3.50 g,1.30 g,,,,,,,,,,,,,
182,Alami,Bagea kelapa manis,Per 100 g BDD (Berat Dapat Dimakan),Berat Dapat Dimakan (100%),452 kkal,13.80 g,0 mcg,0 mg,0 mg,0 mg,0 mg,80.60 g,1.30 g,0 g,38 mg,39 mg,75 mg,0 mg,200 mcg,0.30 mg,0.20 mg,0 mcg,,3 g,1.30 g,,,,,,,,,,,,,
183,Alami,Bagea kenari asin,Per 100 g BDD (Berat Dapat Dimakan),Berat Dapat Dimakan (100%),529 kkal,29.10 g,0 mcg,0.30 mg,0 mg,0 mg,0 mg,63.60 g,3.20 g,0 g,38 mg,40 mg,74 mg,0 mg,200 mcg,0.40 mg,0.20 mg,0 mcg,,2.80 g,1.30 g,,,,,,,,,,,,,
184,Alami,Bagea kenari manis,Per 100 g BDD (Berat Dapat Dimakan),Berat Dapat Dimakan (100%),523 kkal,28.20 g,0 mcg,0.30 mg,0 mg,0 mg,0 mg,64.20 g,3.20 g,0 g,38 mg,39 mg,74 mg,0 mg,200 mcg,0.30 mg,0.20 mg,0 mcg,,3.10 g,1.30 g,,,,,,,,,,,,,
185,Alami,Bagea kw 1,Per 100 g BDD (Berat Dapat Dimakan),Berat Dapat Dimakan (100%),416 kkal,9.40 g,13 mcg,0.08 mg,0 mg,2.60 mg,0 mg,76.30 g,6.50 g,0.40 g,49 mg,77 mg,0 mg,0 mg,0 mcg,4.90 mg,0 mg,0 mcg,,7.20 g,0.60 g,,,,,,,,,,,,,
186,Alami,Bagea kw 2,Per 100 g BDD (Berat Dapat Dimakan),Berat Dapat Dimakan (100%),382 kkal,3.50 g,0 mcg,0.02 mg,0 mg,0 mg,0 mg,87.20 g,0.30 g,0.90 g,172 mg,120 mg,0 mg,0 mg,0 mcg,7.60 mg,0 mg,0 mcg,,7.90 g,1.10 g,,,,,,,,,,,,,
187,Alami,Beras cerdas,Per 100 g BDD (Berat Dapat Dimakan),Berat Dapat Dimakan (100%),350 kkal,1.10 g,0 mcg,0.02 mg,0.20 mg,0.30 mg,0 mg,82.30 g,2.70 g,6.20 g,28 mg,351 mg,358 mg,568 mg,200 mcg,2.90 mg,0.90 mg,0 mcg,,11.30 g,2.60 g,,,,,,,,,,,,,
188,Alami,Beras ganyong,Per 100 g BDD (Berat Dapat Dimakan),Berat Dapat Dimakan (100%),364 kkal,0.70 g,0 mcg,0.02 mg,0.02 mg,0.30 mg,0 mg,86.30 g,3.40 g,4.70 g,4 mg,47 mg,4 mg,72.20 mg,200 mcg,5 mg,0.60 mg,1 mcg,,9.30 g,0.50 g,,,,,,,,,,,,,
189,Alami,Beras siger,Per 100 g BDD (Berat Dapat Dimakan),Berat Dapat Dimakan (100%),344 kkal,0.20 g,0 mcg,0.02 mg,0.10 mg,0.20 mg,0 mg,28.30 g,1.10 g,5.60 g,32 mg,22 mg,106 mg,77.90 mg,100 mcg,5.60 mg,0.50 mg,0 mcg,,13.50 g,0.70 g,,,,,,,,,,,,,
190,Alami,Biji nangka / Biji salak,Per 100 g BDD (Berat Dapat Dimakan),Berat Dapat Dimakan (100%),262 kkal,5.40 g,0 mcg,0.10 mg,1 mg,0 mg,10 mg,51.10 g,2.30 g,8 g,60 mg,80 mg,10 mg,2 mg,600 mcg,0.80 mg,2 mg,1667 mcg,,40.50 g,0.70 g,,,,,,,,,,,,,
191,Alami,Bubur sagu,Per 100 g BDD (Berat Dapat Dimakan),Berat Dapat Dimakan (100%),167 kkal,4 g,0 mcg,9 mg,0 mg,0.10 mg,0 mg,33 g,0.20 g,0 g,3 mg,3 mg,7 mg,0 mg,10000 mcg,0.10 mg,0.10 mg,0 mcg,,62.50 g,0.30 g,,,,,,,,,,,,,
192,Alami,Cassavastick,Per 100 g BDD (Berat Dapat Dimakan),Berat Dapat Dimakan (100%),460 kkal,18.70 g,0 mcg,0.19 mg,0.07 mg,0.10 mg,0 mg,17.20 g,0.80 g,1.60 g,144 mg,58 mg,0 mg,0 mg,0 mcg,7.50 mg,0 mg,0 mcg,,5.60 g,2.70 g,,,,,,,,,,,,,
193,Alami,Ceriping getuk singkong,Per 100 g BDD (Berat Dapat Dimakan),Berat Dapat Dimakan (100%),462 kkal,20.70 g,0 mcg,0.29 mg,0.02 mg,0.50 mg,0 mg,67.70 g,1.20 g,0.60 g,1248 mg,172 mg,0 mg,0 mg,0 mcg,8.80 mg,0 mg,0 mcg,,7.20 g,3.20 g,,,,,,,,,,,,,
194,Alami,Gatot,Per 100 g BDD (Berat Dapat Dimakan),Berat Dapat Dimakan (100%),347 kkal,0.70 g,0 mcg,0.02 mg,0.10 mg,0.40 mg,0 mg,83.80 g,1.30 g,5.80 g,78 mg,44 mg,28 mg,242 mg,200 mcg,17.10 mg,0.70 mg,0 mcg,,12.80 g,1.40 g,,,,,,,,,,,,,
195,Alami,Geblek,Per 100 g BDD (Berat Dapat Dimakan),Berat Dapat Dimakan (100%),195 kkal,1.70 g,0 mcg,0.02 mg,0 mg,0.10 mg,0 mg,44.40 g,0.40 g,3.60 g,35 mg,13 mg,353 mg,125 mg,300 mcg,0.60 mg,0.30 mg,0 mcg,,52.10 g,1.40 g,,,,,,,,,,,,,
196,Alami,Getuk goreng,Per 100 g BDD (Berat Dapat Dimakan),Berat Dapat Dimakan (100%),360 kkal,6.40 g,0 mcg,0.21 mg,0 mg,0.10 mg,0 mg,74.30 g,1.30 g,0.80 g,59 mg,81 mg,0 mg,0 mg,0 mcg,3.20 mg,0 mg,0 mcg,,16.50 g,1.50 g,,,,,,,,,,,,,
197,Alami,Getuk singkong,Per 100 g BDD (Berat Dapat Dimakan),Berat Dapat Dimakan (100%),204 kkal,1.40 g,0 mcg,0.08 mg,0 mg,0.10 mg,0 mg,47.40 g,0.50 g,0.80 g,97 mg,52 mg,0 mg,0 mg,0 mcg,1.50 mg,0 mg,0 mcg,,49.80 g,1.10 g,,,,,,,,,,,,,
198,Alami,Gurandil,Per 100 g BDD (Berat Dapat Dimakan),Berat Dapat Dimakan (100%),218 kkal,2.50 g,0 mcg,0.19 mg,0 mg,0 mg,0 mg,48.50 g,0.50 g,3.10 g,50 mg,25 mg,0 mg,0 mg,0 mcg,2.80 mg,0 mg,0 mcg,,47.50 g,1 g,,,,,,,,,,,,,
199,Alami,Kabuto,Per 100 g BDD (Berat Dapat Dimakan),Berat Dapat Dimakan (100%),250 kkal,2.50 g,0 mcg,0.10 mg,0.10 mg,0.60 mg,0 mg,35.40 g,2.60 g,1.80 g,35 mg,49 mg,2 mg,218 mg,0 mcg,1.10 mg,0 mg,0 mcg,,58.90 g,0.60 g,,,,,,,,,,,,,
200,Alami,Kapurung,Per 100 g BDD (Berat Dapat Dimakan),Berat Dapat Dimakan (100%),41 kkal,0.30 g,0 mcg,0.12 mg,0.25 mg,2.70 mg,15 mg,7.80 g,2 g,2 g,34 mg,12 mg,185 mg,566 mg,100 mcg,0.30 mg,0.30 mg,213 mcg,,79.60 g,0.60 g,,,,,,,,,,,,,
201,Alami,Kecimpring singkong goreng,Per 100 g BDD (Berat Dapat Dimakan),Berat Dapat Dimakan (100%),464 kkal,18.60 g,0 mcg,0.34 mg,0 mg,0 mg,0 mg,73 g,1.20 g,1.30 g,82 mg,52 mg,0 mg,0 mg,0 mcg,3.40 mg,0 mg,0 mcg,,3.70 g,3.50 g,,,,,,,,,,,,,
202,Alami,Keremes,Per 100 g BDD (Berat Dapat Dimakan),Berat Dapat Dimakan (100%),475 kkal,25.20 g,0 mcg,0 mg,0 mg,0 mg,0 mg,64.40 g,1.60 g,2.10 g,153 mg,88 mg,0 mg,0 mg,0 mcg,1 mg,0 mg,0 mcg,,6.70 g,2.10 g,,,,,,,,,,,,,
203,Alami,Keripik gadung,Per 100 g BDD (Berat Dapat Dimakan),Berat Dapat Dimakan (100%),446 kkal,14.50 g,0 mcg,0.95 mg,0 mg,0 mg,0 mg,76 g,2.80 g,1.70 g,147 mg,52 mg,0 mg,0 mg,0 mcg,1.90 mg,0 mg,0 mcg,,4 g,2.80 g,,,,,,,,,,,,,
204,Alami,Keripik kentang,Per 100 g BDD (Berat Dapat Dimakan),Berat Dapat Dimakan (100%),448 kkal,18.80 g,0 mcg,0.10 mg,0.05 mg,2.80 mg,0 mg,67.10 g,2.70 g,3.80 g,25 mg,130 mg,712 mg,406 mg,1100 mcg,1.20 mg,0 mg,15 mcg,,7.80 g,3.60 g,,,,,,,,,,,,,
205,Alami,Keripik singkong,Per 100 g BDD (Berat Dapat Dimakan),Berat Dapat Dimakan (100%),478 kkal,20.70 g,0 mcg,0.24 mg,0 mg,0 mg,0 mg,72 g,0.90 g,2 g,189 mg,101 mg,0 mg,0 mg,0 mcg,1.90 mg,0 mg,0 mcg,,4.20 g,2.20 g,,,,,,,,,,,,,
206,Alami,Keripik singkong bumbu,Per 100 g BDD (Berat Dapat Dimakan),Berat Dapat Dimakan (100%),481 kkal,19.70 g,0 mcg,0.31 mg,0 mg,0 mg,0 mg,73.60 g,2.20 g,1.60 g,156 mg,103 mg,0 mg,0 mg,0 mcg,1.60 mg,0 mg,0 mcg,,2.20 g,2.30 g,,,,,,,,,,,,,
207,Alami,Keripik ubi,Per 100 g BDD (Berat Dapat Dimakan),Berat Dapat Dimakan (100%),486 kkal,23.90 g,0 mcg,0.10 mg,0.10 mg,0.50 mg,0 mg,67.60 g,0.20 g,14.30 g,68 mg,92 mg,52 mg,2 mg,700 mcg,0.90 mg,2.30 mg,920 mcg,,6 g,2.30 g,,,,,,,,,,,,,
208,Alami,Kerupuk cumi goreng,Per 100 g BDD (Berat Dapat Dimakan),Berat Dapat Dimakan (100%),444 kkal,14.60 g,0 mcg,0.40 mg,0.10 mg,1.80 mg,0 mg,71.30 g,6.90 g,5 g,47 mg,375 mg,837 mg,191 mg,100 mcg,1.80 mg,0.30 mg,0 mcg,,3.40 g,3.80 g,,,,,,,,,,,,,
209,Alami,Kerupuk kemplang (ikan) mentah,Per 100 g BDD (Berat Dapat Dimakan),Berat Dapat Dimakan (100%),325 kkal,0.40 g,32 mcg,0.60 mg,0.10 mg,2.30 mg,0 mg,78.50 g,1.80 g,4.50 g,59 mg,268 mg,1123 mg,273 mg,200 mcg,2.30 mg,0.50 mg,0 mcg,,14.20 g,5.10 g,,,,,,,,,,,,,
210,Alami,Keripik kemplang goreng,Per 100 g BDD (Berat Dapat Dimakan),Berat Dapat Dimakan (100%),504 kkal,28.10 g,6 mcg,0.31 mg,0 mg,0 mg,0 mg,57.10 g,5.60 g,0.30 g,50 mg,94 mg,0 mg,0 mg,0 mcg,2.90 mg,0 mg,0 mcg,,5.80 g,3.40 g,,,,,,,,,,,,,
211,Alami,Kerupuk kemplang panggang,Per 100 g BDD (Berat Dapat Dimakan),Berat Dapat Dimakan (100%),356 kkal,1.10 g,7 mcg,0.36 mg,0 mg,0 mg,0 mg,76.90 g,9.70 g,1 g,62 mg,129 mg,0 mg,0 mg,0 mcg,2.90 mg,0 mg,0 mcg,,9.40 g,3 g,,,,,,,,,,,,,
212,Alami,Kerupuk mie kuning goreng,Per 100 g BDD (Berat Dapat Dimakan),Berat Dapat Dimakan (100%),476 kkal,21.10 g,0 mcg,0.22 mg,0 mg,0 mg,0 mg,71.30 g,0.10 g,4.20 g,57 mg,36 mg,0 mg,109 mg,100 mcg,4.60 mg,0 mg,0 mcg,,7.20 g,0.30 g,,,,,,,,,,,,,
213,Alami,Kerupuk udang goreng,Per 100 g BDD (Berat Dapat Dimakan),Berat Dapat Dimakan (100%),477 kkal,20.50 g,0 mcg,0.20 mg,0 mg,0.90 mg,0 mg,68.50 g,4.70 g,5 g,24 mg,188 mg,449 mg,109 mg,100 mcg,0.90 mg,0.20 mg,0 mcg,,4.40 g,1.90 g,,,,,,,,,,,,,
214,Alami,Kue bangket,Per 100 g BDD (Berat Dapat Dimakan),Berat Dapat Dimakan (100%),388 kkal,1.20 g,0 mcg,0.30 mg,0 mg,0 mg,0 mg,80.30 g,1.50 g,0 g,34 mg,35 mg,67 mg,0 mg,200 mcg,0.30 mg,0.20 mg,0 mcg,,16.10 g,0.90 g,,,,,,,,,,,,,
215,Alami,Kue putu singkong,Per 100 g BDD (Berat Dapat Dimakan),Berat Dapat Dimakan (100%),217 kkal,0.50 g,0 mcg,0.10 mg,0.10 mg,0.80 mg,0 mg,53.20 g,1.20 g,2.40 g,48 mg,68 mg,3 mg,305 mg,0 mcg,1.50 mg,0 mg,0 mcg,,44.20 g,0.90 g,,,,,,,,,,,,,
216,Alami,Lanting getuk,Per 100 g BDD (Berat Dapat Dimakan),Berat Dapat Dimakan (100%),422 kkal,10.80 g,0 mcg,0.43 mg,0 mg,0 mg,0 mg,80.40 g,0.90 g,1.40 g,206 mg,104 mg,0 mg,0 mg,0 mcg,3.60 mg,0 mg,0 mcg,,4.20 g,3.80 g,,,,,,,,,,,,,
217,Alami,Mi golosor,Per 100 g BDD (Berat Dapat Dimakan),Berat Dapat Dimakan (100%),71 kkal,0.80 g,0 mcg,0.05 mg,0.02 mg,0 mg,0 mg,15.90 g,0.20 g,0.10 g,117 mg,5 mg,0 mg,0 mg,0 mcg,0.20 mg,0 mg,0 mcg,,82.90 g,0.20 g,,,,,,,,,,,,,
218,Alami,Mie bendo,Per 100 g BDD (Berat Dapat Dimakan),Berat Dapat Dimakan (100%),353 kkal,0 g,0 mcg,0.02 mg,0 mg,0.10 mg,0 mg,88 g,0.30 g,2.40 g,28 mg,14 mg,9 mg,49.20 mg,500 mcg,2.80 mg,0.10 mg,2 mcg,,11.50 g,0.20 g,,,,,,,,,,,,,
219,Alami,Mie Sagu,Per 100 g BDD (Berat Dapat Dimakan),Berat Dapat Dimakan (100%),190 kkal,0.40 g,0 mcg,0 mg,0.40 mg,0 mg,0 mg,46.50 g,0.20 g,1.40 g,8 mg,7 mg,10 mg,2.60 mg,100 mcg,0.30 mg,0 mg,2 mcg,,52.80 g,0.10 g,,,,,,,,,,,,,
220,Alami,Ongol-ongol sagu,Per 100 g BDD (Berat Dapat Dimakan),Berat Dapat Dimakan (100%),111 kkal,2.70 g,0 mcg,0.06 mg,0 mg,0 mg,0 mg,21.20 g,0.30 g,0.30 g,79 mg,15 mg,0 mg,0 mg,0 mcg,1.70 mg,0 mg,0 mcg,,75.30 g,0.50 g,,,,,,,,,,,,,
221,Alami,Oyek,Per 100 g BDD (Berat Dapat Dimakan),Berat Dapat Dimakan (100%),351 kkal,0.90 g,0 mcg,0.02 mg,0.02 mg,0.50 mg,0 mg,84.90 g,0.90 g,4.30 g,60 mg,36 mg,5 mg,229 mg,100 mcg,2.10 mg,0.50 mg,0 mcg,,12.60 g,0.70 g,,,,,,,,,,,,,
222,Alami,Papeda,Per 100 g BDD (Berat Dapat Dimakan),Berat Dapat Dimakan (100%),61 kkal,0.10 g,0 mcg,0.06 mg,0 mg,0 mg,0 mg,14.90 g,0.20 g,0.50 g,3 mg,1 mg,4 mg,20 mg,100 mcg,0.20 mg,0.10 mg,0 mcg,,84.80 g,0.10 g,,,,,,,,,,,,,
223,Alami,Rasbi (Beras Ubi),Per 100 g BDD (Berat Dapat Dimakan),Berat Dapat Dimakan (100%),394 kkal,8.80 g,0 mcg,0.02 mg,0.30 mg,1.20 mg,0 mg,76.60 g,2.20 g,6.80 g,68 mg,76 mg,165 mg,388 mg,400 mcg,1.60 mg,0.40 mg,0 mcg,,11.10 g,1.30 g,,,,,,,,,,,,,
224,Alami,Rasi (Beras Singkong),Per 100 g BDD (Berat Dapat Dimakan),Berat Dapat Dimakan (100%),350 kkal,0.40 g,0 mcg,0.02 mg,0.02 mg,0.40 mg,0 mg,85.70 g,0.90 g,14.40 g,42 mg,21 mg,8 mg,14 mg,300 mcg,1.50 mg,0.50 mg,0 mcg,,12.60 g,0.50 g,,,,,,,,,,,,,
225,Alami,Sagu forno,Per 100 g BDD (Berat Dapat Dimakan),Berat Dapat Dimakan (100%),291 kkal,4 g,0 mcg,0 mg,0 mg,0 mg,0 mg,63.40 g,0.50 g,0 g,10 mg,20 mg,40 mg,50 mg,100 mcg,0.80 mg,0.20 mg,0 mcg,,31.50 g,0.60 g,,,,,,,,,,,,,
226,Alami,Sagu Lemak (Kue Sagon),Per 100 g BDD (Berat Dapat Dimakan),Berat Dapat Dimakan (100%),452 kkal,14.80 g,0 mcg,0.32 mg,0.04 mg,0.10 mg,0 mg,76.80 g,2.80 g,1.10 g,15 mg,39 mg,182 mg,52.70 mg,40 mcg,1.10 mg,0.80 mg,1220 mcg,,4.30 g,0.70 g,,,,,,,,,,,,,
227,Alami,Sagu manis,Per 100 g BDD (Berat Dapat Dimakan),Berat Dapat Dimakan (100%),287 kkal,3.90 g,0 mcg,0 mg,0 mg,0 mg,0 mg,62.40 g,0.50 g,0 g,8 mg,17 mg,34 mg,42 mg,100 mcg,0.70 mg,0.20 mg,0 mcg,,32.60 g,0.60 g,,,,,,,,,,,,,
228,Alami,Sagu rendang,Per 100 g BDD (Berat Dapat Dimakan),Berat Dapat Dimakan (100%),364 kkal,0.20 g,0 mcg,0.02 mg,0.60 mg,0.80 mg,0 mg,90.50 g,0.10 g,1.90 g,13 mg,9 mg,42 mg,15.10 mg,100 mcg,3.90 mg,0.10 mg,0 mcg,,8.20 g,1 g,,,,,,,,,,,,,
229,Alami,Sagu sinole,Per 100 g BDD (Berat Dapat Dimakan),Berat Dapat Dimakan (100%),354 kkal,8.30 g,0 mcg,0 mg,0 mg,0 mg,0 mg,68.90 g,0.80 g,0 g,10 mg,30 mg,30 mg,11 mg,200 mcg,0.80 mg,0.30 mg,0 mcg,,22 g,0.10 g,,,,,,,,,,,,,
230,Alami,Serimping talas kebumen,Per 100 g BDD (Berat Dapat Dimakan),Berat Dapat Dimakan (100%),478 kkal,21.20 g,0 mcg,0.25 mg,0 mg,0 mg,0 mg,69.20 g,2.50 g,1.70 g,112 mg,118 mg,0 mg,0 mg,0 mcg,2.30 mg,0 mg,0 mcg,,4.80 g,2.30 g,,,,,,,,,,,,,
231,Alami,Tapai singkong,Per 100 g BDD (Berat Dapat Dimakan),Berat Dapat Dimakan (100%),169 kkal,0.30 g,0 mcg,0 mg,0 mg,0 mg,9 mg,40.20 g,1.40 g,2 g,21 mg,34 mg,0 mg,0 mg,0 mcg,0.80 mg,0 mg,0 mcg,,57.40 g,0.70 g,,,,,,,,,,,,,
232,Alami,Tepung Arrowroot,Per 100 g BDD (Berat Dapat Dimakan),Berat Dapat Dimakan (100%),355 kkal,0.20 g,0 mcg,0.09 mg,0 mg,0 mg,0 mg,85.20 g,0.70 g,0.40 g,8 mg,22 mg,2 mg,10.70 mg,0 mcg,1.50 mg,0.10 mg,20 mcg,,13.60 g,0.30 g,,,,,,,,,,,,,
233,Alami,Tepung Ganyong,Per 100 g BDD (Berat Dapat Dimakan),Berat Dapat Dimakan (100%),353 kkal,1.70 g,0 mcg,0.02 mg,0 mg,0.90 mg,1 mg,83.60 g,0.80 g,0.70 g,4 mg,31 mg,3 mg,63.50 mg,100 mcg,3.30 mg,0.30 mg,0 mcg,,13.60 g,0.30 g,,,,,,,,,,,,,
234,Alami,Tepung Gaplek,Per 100 g BDD (Berat Dapat Dimakan),Berat Dapat Dimakan (100%),345 kkal,0.40 g,0 mcg,0.30 mg,0.20 mg,0.10 mg,0 mg,83.10 g,2.40 g,6.70 g,18 mg,95 mg,6 mg,55 mg,400 mcg,1.50 mg,1.20 mg,1 mcg,,13 g,1.10 g,,,,,,,,,,,,,
235,Alami,Tepung kentang,Per 100 g BDD (Berat Dapat Dimakan),Berat Dapat Dimakan (100%),347 kkal,0.10 g,0 mcg,0.04 mg,0 mg,0.40 mg,0 mg,85.60 g,0.30 g,0.40 g,20 mg,30 mg,51 mg,156.30 mg,200 mcg,0.50 mg,0.50 mg,0 mcg,,13 g,1 g,,,,,,,,,,,,,
236,Alami,Tepung Mocaf,Per 100 g BDD (Berat Dapat Dimakan),Berat Dapat Dimakan (100%),350 kkal,0.60 g,0 mcg,0.02 mg,0.02 mg,0.70 mg,2 mg,85 g,1.20 g,6 g,60 mg,64 mg,8 mg,403 mg,100 mcg,15.80 mg,0.60 mg,0 mcg,,11.90 g,1.30 g,,,,,,,,,,,,,
237,Alami,Tepung Sente,Per 100 g BDD (Berat Dapat Dimakan),Berat Dapat Dimakan (100%),326 kkal,0.40 g,0 mcg,0.02 mg,0.20 mg,7.70 mg,0 mg,76.70 g,4 g,8.50 g,41 mg,141 mg,14 mg,1602 mg,400 mcg,3.50 mg,1.40 mg,0 mcg,,15.30 g,3.60 g,,,,,,,,,,,,,
238,Alami,Tepung singkong / Tapioka,Per 100 g BDD (Berat Dapat Dimakan),Berat Dapat Dimakan (100%),363 kkal,0.50 g,0 mcg,0.04 mg,0 mg,0.40 mg,0 mg,88.20 g,1.10 g,0.90 g,84 mg,125 mg,1 mg,7.10 mg,0 mcg,1 mg,0.10 mg,0 mcg,,9.10 g,1.10 g,,,,,,,,,,,,,
239,Alami,Tepung Tales Banten,Per 100 g BDD (Berat Dapat Dimakan),Berat Dapat Dimakan (100%),332 kkal,0.60 g,0 mcg,0.02 mg,0.10 mg,0.30 mg,0 mg,76.10 g,5.70 g,12.20 g,59 mg,302 mg,7 mg,1404 mg,800 mcg,10.70 mg,6.20 mg,0 mcg,,12.20 g,5.50 g,,,,,,,,,,,,,
240,Alami,Tepung Ubi Ungu,Per 100 g BDD (Berat Dapat Dimakan),Berat Dapat Dimakan (100%),354 kkal,0.60 g,0 mcg,0.40 mg,0.02 mg,0 mg,0 mg,84.40 g,2.80 g,12.90 g,89 mg,125 mg,42 mg,940 mg,800 mcg,3.90 mg,0.60 mg,0 mcg,,9.40 g,2.80 g,,,,,,,,,,,,,
241,Alami,Tiwul,Per 100 g BDD (Berat Dapat Dimakan),Berat Dapat Dimakan (100%),353 kkal,1.10 g,0 mcg,0.02 mg,0.02 mg,0.10 mg,3 mg,83.40 g,2.40 g,6.50 g,55 mg,95 mg,5 mg,670 mg,200 mcg,4.70 mg,0.80 mg,0 mcg,,11.20 g,1.60 g,,,,,,,,,,,,,
242,Alami,Tiwul Instan,Per 100 g BDD (Berat Dapat Dimakan),Berat Dapat Dimakan (100%),395 kkal,8.50 g,0 mcg,0.40 mg,0.20 mg,0.20 mg,4 mg,76.50 g,3.20 g,4.20 g,81 mg,81 mg,377 mg,469 mg,2100 mcg,5.80 mg,1.20 mg,0 mcg,,9.10 g,2.70 g,,,,,,,,,,,,,
243,Alami,Ubi Cilembu,Per 100 g BDD (Berat Dapat Dimakan),Berat Dapat Dimakan (90%),186 kkal,0.20 g,0 mcg,0.02 mg,0.20 mg,0 mg,0 mg,44.30 g,1.90 g,3.40 g,37 mg,51 mg,1 mg,61.90 mg,100 mcg,0.60 mg,0.20 mg,26 mcg,,52.70 g,0.90 g,,,,,,,,,,,,,
244,Alami,Uli batatas,Per 100 g BDD (Berat Dapat Dimakan),Berat Dapat Dimakan (100%),150 kkal,4 g,0 mcg,0.53 mg,0 mg,1.30 mg,0 mg,27.40 g,1.10 g,0 g,0 mg,23 mg,6 mg,112 mg,100 mcg,0.10 mg,0.20 mg,0 mcg,,66.50 g,1 g,,,,,,,,,,,,,
245,Alami,"Kacang arab, kering",Per 100 g BDD (Berat Dapat Dimakan),Berat Dapat Dimakan (100%),330 kkal,1.40 g,0 mcg,0.77 mg,0.21 mg,1.50 mg,2 mg,60.20 g,23.80 g,17.40 g,57 mg,388 mg,24 mg,874.30 mg,850 mcg,4.70 mg,3.40 mg,40 mcg,,11.60 g,3 g,,,,,,,,,,,,,
246,Alami,"Kacang babi, kering",Per 100 g BDD (Berat Dapat Dimakan),Berat Dapat Dimakan (80%),341 kkal,3.20 g,0 mcg,0.23 mg,0.33 mg,2.80 mg,0 mg,51.30 g,30.40 g,4.50 g,178 mg,521 mg,13 mg,1768 mg,820 mcg,6.80 mg,3.10 mg,0 mcg,,11.60 g,3.50 g,,,,,,,,,,,,,
247,Alami,"Kacang belimbing (kecipir), kering",Per 100 g BDD (Berat Dapat Dimakan),Berat Dapat Dimakan (100%),400 kkal,16.90 g,0 mcg,0.30 mg,0.44 mg,3 mg,0 mg,34.10 g,34.40 g,10.70 g,468 mg,182 mg,37 mg,955 mg,2820 mcg,6.80 mg,2 mg,0 mcg,,10.40 g,4.20 g,,,,,,,,,,,,,
248,Alami,"Kacang beracun, segar",Per 100 g BDD (Berat Dapat Dimakan),,118 kkal,1.50 g,0 mcg,0.43 mg,0 mg,0 mg,0 mg,21.60 g,4.40 g,0 g,50 mg,50 mg,10 mg,40 mg,300 mcg,1.70 mg,1 mg,0 mcg,,72.10 g,0.40 g,,,,,,,,,,,,,
249,Alami,Kacang bogor kering,Per 100 g BDD (Berat Dapat Dimakan),Berat Dapat Dimakan (100%),370 kkal,6 g,0 mcg,0.18 mg,0.26 mg,6.20 mg,0 mg,65 g,16 g,26.30 g,85 mg,264 mg,44 mg,868.80 mg,1480 mcg,4.20 mg,2.70 mg,0 mcg,,10 g,3 g,,,,,,,,,,,,,
250,Alami,Kacang bogor segar,Per 100 g BDD (Berat Dapat Dimakan),Berat Dapat Dimakan (100%),165 kkal,3.10 g,0 mcg,0.32 mg,0.35 mg,2.70 mg,0 mg,27.40 g,7.70 g,2.50 g,96 mg,126 mg,6 mg,537 mg,410 mcg,5.30 mg,1.20 mg,29 mcg,,60.80 g,1 g,,,,,,,,,,,,,
251,Alami,"Kacang endel, biji",Per 100 g BDD (Berat Dapat Dimakan),Berat Dapat Dimakan (95%),331 kkal,1 g,0 mcg,0.30 mg,0.75 mg,2.30 mg,0 mg,58 g,25 g,23.60 g,80 mg,400 mg,12 mg,1322.40 mg,680 mcg,5 mg,2.70 mg,0 mcg,,14 g,2 g,,,,,,,,,,,,,
252,Alami,"Kacang ercis, segar",Per 100 g BDD (Berat Dapat Dimakan),Berat Dapat Dimakan (45%),129 kkal,0.70 g,0 mcg,0.29 mg,0.05 mg,2.70 mg,0 mg,18.30 g,12.40 g,28.60 g,40 mg,130 mg,4 mg,310 mg,300 mcg,2.30 mg,2.10 mg,212 mcg,,67.60 g,1 g,,,,,,,,,,,,,
253,Alami,"Kacang galing, segar",Per 100 g BDD (Berat Dapat Dimakan),Berat Dapat Dimakan (95%),336 kkal,1.70 g,0 mcg,0.60 mg,0 mg,0 mg,0 mg,59.50 g,23.10 g,0 g,80 mg,400 mg,0 mg,0 mg,0 mcg,5 mg,0 mg,0 mcg,,12 g,3.80 g,,,,,,,,,,,,,
254,Alami,"Kacang gude, biji kering",Per 100 g BDD (Berat Dapat Dimakan),Berat Dapat Dimakan (100%),316 kkal,1 g,0 mcg,0.30 mg,0.19 mg,2.40 mg,0 mg,58 g,20.70 g,4.60 g,146 mg,445 mg,16 mg,1306.20 mg,990 mcg,4.70 mg,2.70 mg,19 mcg,,16.10 g,4.20 g,,,,,,,,,,,,,
255,Alami,"Kacang gude, biji segar",Per 100 g BDD (Berat Dapat Dimakan),Berat Dapat Dimakan (100%),114 kkal,0.60 g,0 mcg,0.37 mg,0.07 mg,0.80 mg,43 mg,20.80 g,7 g,4.40 g,3 mg,122 mg,4 mg,480.50 mg,120 mcg,1.50 mg,0.90 mg,0 mcg,,70.30 g,2.30 g,,,,,,,,,,,,,
256,Alami,"Kacang hijau var. Bakti, kering",Per 100 g BDD (Berat Dapat Dimakan),Berat Dapat Dimakan (100%),350 kkal,1.80 g,0 mcg,0.40 mg,0.27 mg,2.60 mg,11 mg,70.70 g,17.10 g,5.70 g,94 mg,315 mg,46 mg,893.90 mg,1520 mcg,4.90 mg,3.10 mg,171 mcg,,7.40 g,3.10 g,,,,,,,,,,,,,
257,Alami,"Kacang hijau var. Siwalik, kering",Per 100 g BDD (Berat Dapat Dimakan),Berat Dapat Dimakan (100%),339 kkal,2.10 g,0 mcg,0.45 mg,0.27 mg,2.60 mg,0 mg,64.60 g,20.80 g,7.40 g,122 mg,136 mg,45 mg,880.40 mg,1500 mcg,4.90 mg,3.10 mg,168 mcg,,8.80 g,3.70 g,,,,,,,,,,,,,
258,Alami,"Kacang hijau, kering",Per 100 g BDD (Berat Dapat Dimakan),Berat Dapat Dimakan (100%),323 kkal,1.50 g,0 mcg,0.46 mg,0.15 mg,1.50 mg,10 mg,56.80 g,22.90 g,7.50 g,223 mg,319 mg,42 mg,815.70 mg,1900 mcg,7.50 mg,2.90 mg,156 mcg,,15.50 g,3.30 g,,,,,,,,,,,,,
259,Alami,"Kacang hitam, kering",Per 100 g BDD (Berat Dapat Dimakan),Berat Dapat Dimakan (100%),346 kkal,1.70 g,0 mcg,0.16 mg,0.10 mg,2.10 mg,0 mg,66.10 g,16.60 g,22.80 g,70 mg,300 mg,3 mg,0 mg,900 mcg,4.70 mg,3.50 mg,28 mcg,,12.50 g,3.10 g,,,,,,,,,,,,,
260,Alami,Kacang kapri segar,Per 100 g BDD (Berat Dapat Dimakan),Berat Dapat Dimakan (45%),98 kkal,0.40 g,0 mcg,0.34 mg,0.12 mg,2.50 mg,26 mg,17.70 g,6.70 g,6.20 g,22 mg,122 mg,6 mg,296.60 mg,210 mcg,1.90 mg,1.50 mg,0 mcg,,74.30 g,0.90 g,,,,,,,,,,,,,
261,Alami,"Kacang kedelai, kering",Per 100 g BDD (Berat Dapat Dimakan),Berat Dapat Dimakan (100%),381 kkal,16.70 g,0 mcg,0.52 mg,0.12 mg,1.20 mg,0 mg,24.90 g,40.40 g,3.20 g,222 mg,682 mg,210 mg,713.40 mg,1580 mcg,10 mg,3.90 mg,237 mcg,,12.70 g,5.50 g,,,,,,,,,,,,,
262,Alami,Kacang kedelai segar,Per 100 g BDD (Berat Dapat Dimakan),Berat Dapat Dimakan (100%),286 kkal,15.60 g,0 mcg,0.93 mg,0.26 mg,1.80 mg,0 mg,30.10 g,30.20 g,2.90 g,196 mg,506 mg,28 mg,870.90 mg,1240 mcg,6.90 mg,3.60 mg,0 mcg,,20 g,4.10 g,,,,,,,,,,,,,
263,Alami,"Kacang kincai, kering",Per 100 g BDD (Berat Dapat Dimakan),,444 kkal,16 g,0 mcg,0.10 mg,0.10 mg,1.90 mg,0 mg,55 g,19.90 g,0 g,26 mg,0 mg,0 mg,0 mg,0 mcg,0 mg,0 mg,0 mcg,,4.20 g,4.90 g,,,,,,,,,,,,,
264,Alami,"Kacang komak, segar",Per 100 g BDD (Berat Dapat Dimakan),Berat Dapat Dimakan (45%),327 kkal,4.30 g,0 mcg,0.99 mg,0.12 mg,0.10 mg,0 mg,55.80 g,16.40 g,0.50 g,74 mg,282 mg,22 mg,1137 mg,900 mcg,4 mg,2.10 mg,0 mcg,,20.90 g,2.60 g,,,,,,,,,,,,,
265,Alami,"Kacang kuning, segar",Per 100 g BDD (Berat Dapat Dimakan),,355 kkal,2.50 g,0 mcg,0.47 mg,0.08 mg,1.90 mg,0 mg,66 g,17 g,15.10 g,140 mg,220 mg,1 mg,0 mg,700 mcg,5.80 mg,3.20 mg,58 mcg,,11.70 g,2.80 g,,,,,,,,,,,,,
266,Alami,Kacang lebui / iris,Per 100 g BDD (Berat Dapat Dimakan),Berat Dapat Dimakan (100%),346 kkal,1.50 g,0 mcg,0.62 mg,0.20 mg,0 mg,0 mg,66.60 g,16.50 g,37.30 g,144 mg,368 mg,17 mg,1225 mg,1500 mcg,3.40 mg,3.30 mg,64 mcg,,11.80 g,3.60 g,,,,,,,,,,,,,
267,Alami,Kacang mentega,Per 100 g BDD (Berat Dapat Dimakan),,344 kkal,2.10 g,0 mcg,0.21 mg,0.07 mg,1.20 mg,0 mg,64.60 g,16.70 g,13 g,110 mg,300 mg,1 mg,10 mg,700 mcg,6.70 mg,2.50 mg,0 mcg,,13.70 g,2.90 g,,,,,,,,,,,,,
268,Alami,Kacang merah / banda,Per 100 g BDD (Berat Dapat Dimakan),Berat Dapat Dimakan (100%),350 kkal,3 g,0 mcg,0.15 mg,0.76 mg,0.30 mg,0 mg,66.90 g,13.90 g,26.30 g,84 mg,242 mg,19 mg,1127 mg,0 mcg,6.80 mg,42 mg,137 mcg,,13 g,3.20 g,,,,,,,,,,,,,
269,Alami,Kacang marah tua,Per 100 g BDD (Berat Dapat Dimakan),Berat Dapat Dimakan (100%),280 kkal,1.60 g,0 mcg,0.10 mg,0.08 mg,2 mg,6 mg,63.20 g,16.70 g,4.60 g,209 mg,335 mg,19 mg,1348.50 mg,690 mcg,6.40 mg,2.80 mg,0 mcg,,12.30 g,6.20 g,,,,,,,,,,,,,
270,Alami,Kacang merah kering,Per 100 g BDD (Berat Dapat Dimakan),Berat Dapat Dimakan (100%),314 kkal,1.10 g,0 mcg,0.40 mg,0.72 mg,2.20 mg,0 mg,56.20 g,22.10 g,4 g,502 mg,429 mg,11 mg,1265.50 mg,650 mcg,10.30 mg,2.60 mg,129 mcg,,17.70 g,2.90 g,,,,,,,,,,,,,
271,Alami,Kacang merah segar,Per 100 g BDD (Berat Dapat Dimakan),Berat Dapat Dimakan (100%),171 kkal,2.20 g,0 mcg,0.15 mg,0.15 mg,1.10 mg,0 mg,28 g,11 g,2.10 g,293 mg,134 mg,7 mg,360.70 mg,340 mcg,3.70 mg,1.40 mg,0 mcg,,57.20 g,1.70 g,,,,,,,,,,,,,
272,Alami,Kacang mete/biji jambu monyet,Per 100 g BDD (Berat Dapat Dimakan),Berat Dapat Dimakan (69%),616 kkal,48.40 g,0 mcg,0.64 mg,0.03 mg,0 mg,0 mg,28.70 g,16.30 g,0.90 g,26 mg,521 mg,26 mg,692 mg,4700 mcg,3.80 mg,4.10 mg,5 mcg,,4.60 g,2 g,,,,,,,,,,,,,
273,Alami,Kacang panjang biji,Per 100 g BDD (Berat Dapat Dimakan),Berat Dapat Dimakan (100%),357 kkal,1.50 g,0 mcg,0.57 mg,0.98 mg,7.10 mg,2 mg,68.60 g,17.30 g,10.60 g,163 mg,437 mg,16 mg,1109.40 mg,350 mcg,6.90 mg,2.80 mg,2182 mcg,,12.20 g,0.40 g,,,,,,,,,,,,,
274,Alami,Kacang tanah sangan,Per 100 g BDD (Berat Dapat Dimakan),Berat Dapat Dimakan (100%),560 kkal,43 g,0 mcg,0.31 mg,0.30 mg,15.50 mg,0 mg,24.10 g,29.50 g,2.90 g,107 mg,366 mg,34 mg,509.80 mg,1690 mcg,4.10 mg,2.10 mg,0 mcg,,1.20 g,2.10 g,,,,,,,,,,,,,
275,Alami,Kacang tanah sangan tanpa selaput,Per 100 g BDD (Berat Dapat Dimakan),Berat Dapat Dimakan (100%),559 kkal,44.20 g,0 mcg,0.30 mg,29.47 mg,8 mg,0 mg,23.60 g,26.90 g,2.60 g,74 mg,393 mg,33 mg,202.30 mg,520400 mcg,1.90 mg,1.70 mg,0 mcg,,2.60 g,2.70 g,,,,,,,,,,,,,
276,Alami,Kacang tanah,Per 100 g BDD (Berat Dapat Dimakan),Berat Dapat Dimakan (100%),525 kkal,42.70 g,0 mcg,0.44 mg,0.27 mg,1.40 mg,0 mg,17.40 g,27.90 g,2.40 g,316 mg,456 mg,31 mg,466.50 mg,1550 mcg,5.70 mg,1.90 mg,0 mcg,,9.60 g,2.40 g,,,,,,,,,,,,,
277,Alami,Kacang tolo / tunggak,Per 100 g BDD (Berat Dapat Dimakan),Berat Dapat Dimakan (100%),331 kkal,1.90 g,0 mcg,0.06 mg,0.20 mg,4.30 mg,0 mg,56.60 g,24.40 g,1.60 g,481 mg,399 mg,15 mg,7.80 mg,1030 mcg,13.90 mg,5.90 mg,65 mcg,,13.50 g,3.60 g,,,,,,,,,,,,,
278,Alami,Kacang tunis,Per 100 g BDD (Berat Dapat Dimakan),Berat Dapat Dimakan (100%),351 kkal,1.20 g,0 mcg,0.57 mg,0.13 mg,2.50 mg,0 mg,72.90 g,12.20 g,29.50 g,120 mg,220 mg,1 mg,0 mg,1400 mcg,6.90 mg,2.90 mg,0 mcg,,10.50 g,3.20 g,,,,,,,,,,,,,
279,Alami,Kacang uci,Per 100 g BDD (Berat Dapat Dimakan),Berat Dapat Dimakan (100%),358 kkal,2.40 g,0 mcg,0.10 mg,0.20 mg,2.50 mg,2 mg,60.60 g,23.40 g,7.40 g,269 mg,264 mg,13 mg,1457.70 mg,350 mcg,0.50 mg,0 mg,20 mcg,,9.90 g,3.70 g,,,,,,,,,,,,,
280,Alami,Kacang urei,Per 100 g BDD (Berat Dapat Dimakan),,354 kkal,1.80 g,0 mcg,0.55 mg,0.05 mg,3.50 mg,0 mg,69.30 g,12.80 g,26.10 g,220 mg,220 mg,1 mg,0 mg,700 mcg,5.10 mg,3.10 mg,0 mcg,,12.80 g,3.30 g,,,,,,,,,,,,,
281,Alami,Kenari banda,Per 100 g BDD (Berat Dapat Dimakan),Berat Dapat Dimakan (100%),616 kkal,56.20 g,0 mcg,0.83 mg,0.08 mg,0.50 mg,0 mg,13.70 g,13.90 g,0 g,0 mg,380 mg,11 mg,460 mg,1100 mcg,1.40 mg,3.20 mg,90 mcg,,13 g,3.20 g,,,,,,,,,,,,,
282,Alami,Kenari kering,Per 100 g BDD (Berat Dapat Dimakan),Berat Dapat Dimakan (100%),657 kkal,66 g,0 mcg,0.42 mg,0.09 mg,0.50 mg,0 mg,13 g,15 g,0 g,92 mg,691 mg,3 mg,505.80 mg,970 mcg,7.70 mg,3 mg,0 mcg,,3 g,3 g,,,,,,,,,,,,,
283,Alami,Komak polong,Per 100 g BDD (Berat Dapat Dimakan),Berat Dapat Dimakan (100%),99 kkal,0.10 g,0 mcg,0.13 mg,0.03 mg,0.20 mg,0 mg,21.20 g,3.30 g,10.30 g,50 mg,99 mg,15 mg,567 mg,200 mcg,13.10 mg,0.60 mg,5 mcg,,74.30 g,1.10 g,,,,,,,,,,,,,
284,Alami,Koro andong,Per 100 g BDD (Berat Dapat Dimakan),Berat Dapat Dimakan (100%),356 kkal,4.10 g,0 mcg,0.29 mg,0.02 mg,1.40 mg,1 mg,61.60 g,20.50 g,7 g,150 mg,272 mg,18 mg,301.80 mg,730 mcg,6.20 mg,2.80 mg,0 mcg,,10.80 g,3 g,,,,,,,,,,,,,
285,Alami,"Koro benguk, biji",Per 100 g BDD (Berat Dapat Dimakan),Berat Dapat Dimakan (95%),332 kkal,3 g,0 mcg,0.30 mg,0.12 mg,1.70 mg,0 mg,55 g,24 g,5.60 g,30 mg,200 mg,42 mg,389.20 mg,1250 mcg,20 mg,8.70 mg,0 mcg,,15 g,3 g,,,,,,,,,,,,,
286,Alami,"Koro kerupuk, biji",Per 100 g BDD (Berat Dapat Dimakan),Berat Dapat Dimakan (68%),125 kkal,0.70 g,0 mcg,0.11 mg,0.04 mg,1.10 mg,31 mg,22.10 g,8.30 g,2.20 g,17 mg,12 mg,16 mg,150.30 mg,480 mcg,2.70 mg,3.40 mg,0 mcg,,67.20 g,1.70 g,,,,,,,,,,,,,
287,Alami,"Koro loke, biji",Per 100 g BDD (Berat Dapat Dimakan),Berat Dapat Dimakan (95%),33 kkal,0.20 g,0 mcg,0.10 mg,0 mg,0.20 mg,0 mg,7.90 g,2.70 g,3.50 g,60 mg,40 mg,2 mg,38.60 mg,90 mcg,2 mg,0.40 mg,0 mcg,,88.60 g,0.60 g,,,,,,,,,,,,,
288,Alami,Koro roay,Per 100 g BDD (Berat Dapat Dimakan),Berat Dapat Dimakan (100%),344 kkal,2.10 g,0 mcg,0.11 mg,0.21 mg,1.40 mg,1 mg,69.40 g,12.50 g,7.50 g,70 mg,103 mg,18 mg,294.30 mg,720 mcg,4.40 mg,2.70 mg,0 mcg,,13 g,3 g,,,,,,,,,,,,,
289,Alami,"Koro wedus, biji, kering",Per 100 g BDD (Berat Dapat Dimakan),Berat Dapat Dimakan (100%),338 kkal,1.50 g,0 mcg,0.62 mg,0.12 mg,1.80 mg,0 mg,61 g,22.20 g,5.80 g,88 mg,395 mg,43 mg,403.80 mg,1300 mcg,3.50 mg,9.10 mg,0 mcg,,11.80 g,3.50 g,,,,,,,,,,,,,
290,Alami,"Lamtoro biji muda, segar",Per 100 g BDD (Berat Dapat Dimakan),Berat Dapat Dimakan (100%),85 kkal,0.30 g,0 mcg,0.08 mg,1.15 mg,1 mg,15 mg,15.40 g,5.70 g,10.80 g,180 mg,53 mg,35 mg,485.70 mg,20 mcg,2.70 mg,1.40 mg,0 mcg,,77.40 g,1.20 g,,,,,,,,,,,,,
291,Alami,"Lamtoro biji tua, segar",Per 100 g BDD (Berat Dapat Dimakan),Berat Dapat Dimakan (100%),148 kkal,0.50 g,0 mcg,0.23 mg,0.49 mg,2.80 mg,20 mg,26.20 g,10.60 g,17 g,155 mg,59 mg,28 mg,628.50 mg,30 mcg,2.20 mg,2.40 mg,0 mcg,,61.40 g,1.30 g,,,,,,,,,,,,,
292,Alami,Lamtoro var. gung tanpa kulit,Per 100 g BDD (Berat Dapat Dimakan),Berat Dapat Dimakan (100%),367 kkal,5.40 g,0 mcg,0.06 mg,1.15 mg,1 mg,9 mg,32.50 g,46.40 g,2.60 g,136 mg,441 mg,65 mg,1462.30 mg,70 mcg,23.30 mg,5.60 mg,0 mcg,,10.20 g,4.40 g,,,,,,,,,,,,,
293,Alami,Lamtoro var. lokal dengan kulit,Per 100 g BDD (Berat Dapat Dimakan),Berat Dapat Dimakan (100%),336 kkal,1.20 g,0 mcg,0.15 mg,1.34 mg,0.90 mg,16 mg,59.70 g,23.80 g,15.40 g,867 mg,321 mg,134 mg,1858.90 mg,70 mcg,1.50 mg,5.40 mg,0 mcg,,13.50 g,1.80 g,,,,,,,,,,,,,
294,Alami,"Nangka, biji, segar",Per 100 g BDD (Berat Dapat Dimakan),Berat Dapat Dimakan (75%),165 kkal,0.10 g,0 mcg,0.20 mg,0.03 mg,1.40 mg,10 mg,36.70 g,4.20 g,1.80 g,33 mg,200 mg,69 mg,179 mg,120 mcg,1 mg,0.20 mg,0 mcg,,57.70 g,1.30 g,,,,,,,,,,,,,
295,Alami,"Saga merah terkupas, mentah",Per 100 g BDD (Berat Dapat Dimakan),Berat Dapat Dimakan (100%),449 kkal,25.50 g,0 mcg,0.09 mg,1.50 mg,10.90 mg,7 mg,31.90 g,30.60 g,3.50 g,1062 mg,161 mg,66 mg,1496.50 mg,70 mcg,14.20 mg,5.70 mg,0 mcg,,8.10 g,3.90 g,,,,,,,,,,,,,
296,Alami,"Wijen,mentah",Per 100 g BDD (Berat Dapat Dimakan),Berat Dapat Dimakan (100%),568 kkal,51.10 g,0 mcg,0.93 mg,0.20 mg,5.70 mg,0 mg,18.10 g,19.30 g,3.60 g,1125 mg,614 mg,18 mg,303.70 mg,4160 mcg,9.50 mg,7.90 mg,15 mcg,,5.80 g,5.80 g,,,,,,,,,,,,,
297,Alami,Kacang belimbing rebus,Per 100 g BDD (Berat Dapat Dimakan),Berat Dapat Dimakan (100%),204 kkal,8.80 g,0 mcg,0.20 mg,0.48 mg,0.70 mg,0 mg,17.50 g,16.90 g,4.80 g,230 mg,180 mg,43 mg,1098 mg,3240 mcg,3.30 mg,2.30 mg,0 mcg,,55.60 g,1.20 g,,,,,,,,,,,,,
298,Alami,Kacang bogor goreng,Per 100 g BDD (Berat Dapat Dimakan),Berat Dapat Dimakan (35%),479 kkal,23.20 g,0 mcg,0.25 mg,0.45 mg,4.10 mg,0 mg,58.90 g,12.70 g,1.20 g,135 mg,184 mg,0 mg,0 mg,0 mcg,2.90 mg,0 mg,0 mcg,,3 g,2.20 g,,,,,,,,,,,,,
299,Alami,Kacang bogor rebus,Per 100 g BDD (Berat Dapat Dimakan),Berat Dapat Dimakan (35%),161 kkal,2.80 g,0 mcg,0.10 mg,0 mg,0 mg,0 mg,27.10 g,7.70 g,2 g,56 mg,134 mg,0 mg,0 mg,0 mcg,1.40 mg,0 mg,0 mcg,,61.20 g,1.20 g,,,,,,,,,,,,,
300,Alami,Kacang gude rebus,Per 100 g BDD (Berat Dapat Dimakan),Berat Dapat Dimakan (100%),147 kkal,0.50 g,0 mcg,0.10 mg,0.07 mg,13.20 mg,0 mg,27.50 g,9 g,3.40 g,50 mg,175 mg,14 mg,1126 mg,800 mcg,2 mg,2.70 mg,12 mcg,,61.50 g,1.50 g,,,,,,,,,,,,,
301,Alami,Kacang hijau rebus,Per 100 g BDD (Berat Dapat Dimakan),Berat Dapat Dimakan (100%),109 kkal,0.50 g,0 mcg,0.12 mg,0.04 mg,0.40 mg,3 mg,18.30 g,8.70 g,1.50 g,95 mg,149 mg,447 mg,657.80 mg,1400 mcg,1.50 mg,2.80 mg,18 mcg,,71.30 g,1.20 g,,,,,,,,,,,,,
302,Alami,Kacang kedelai goreng,Per 100 g BDD (Berat Dapat Dimakan),Berat Dapat Dimakan (100%),521 kkal,37.70 g,0 mcg,0.40 mg,1.90 mg,19 mg,0 mg,22.90 g,32.20 g,7.60 g,296 mg,800 mg,3492 mg,11890 mg,26300 mcg,6.50 mg,60 mg,0 mcg,,9.60 g,3.70 g,,,,,,,,,,,,,
303,Alami,Kacang kedelai rebus,Per 100 g BDD (Berat Dapat Dimakan),Berat Dapat Dimakan (100%),189 kkal,8.20 g,0 mcg,0.20 mg,0.04 mg,0.50 mg,0 mg,12.70 g,20.20 g,1.60 g,91 mg,270 mg,181 mg,615 mg,1300 mcg,3.90 mg,3.70 mg,4 mcg,,56.80 g,2.10 g,,,,,,,,,,,,,
304,Alami,Kacang merah kering rebus,Per 100 g BDD (Berat Dapat Dimakan),Berat Dapat Dimakan (100%),158 kkal,0.90 g,0 mcg,0.20 mg,0.09 mg,0.80 mg,0 mg,28.20 g,10.30 g,2.60 g,160 mg,149 mg,6 mg,311 mg,270 mcg,3.70 mg,1.50 mg,0 mcg,,59.60 g,1 g,,,,,,,,,,,,,
305,Alami,Kacang merah segar rebus,Per 100 g BDD (Berat Dapat Dimakan),Berat Dapat Dimakan (100%),144 kkal,1 g,0 mcg,0.10 mg,0.08 mg,0.70 mg,0 mg,24.70 g,10 g,3.50 g,144 mg,150 mg,6 mg,311 mg,270 mcg,2.80 mg,1.50 mg,0 mcg,,63.10 g,1.20 g,,,,,,,,,,,,,
306,Alami,Kacang mete/biji jambu monyet goreng,Per 100 g BDD (Berat Dapat Dimakan),Berat Dapat Dimakan (100%),629 kkal,56.30 g,0 mcg,0.37 mg,0.22 mg,1.80 mg,0 mg,19.80 g,20.40 g,1.10 g,502 mg,493 mg,13 mg,641.70 mg,4700 mcg,8 mg,5.40 mg,5 mcg,,1 g,2.50 g,,,,,,,,,,,,,
307,Alami,Kacang tanah rebus dengan kulit,Per 100 g BDD (Berat Dapat Dimakan),Berat Dapat Dimakan (43%),360 kkal,31.20 g,0 mcg,0.44 mg,0.13 mg,9 mg,5 mg,12.80 g,13.50 g,0 g,42 mg,177 mg,32 mg,483 mg,1600 mcg,1.40 mg,2 mg,0 mcg,,40.20 g,2.30 g,,,,,,,,,,,,,
308,Alami,Kacang tanah goreng,Per 100 g BDD (Berat Dapat Dimakan),Berat Dapat Dimakan (100%),564 kkal,44.40 g,0 mcg,0.40 mg,0 mg,0 mg,0 mg,25.50 g,25.50 g,2.80 g,106 mg,390 mg,0 mg,0 mg,0 mcg,4.10 mg,0 mg,0 mcg,,2.50 g,2.80 g,,,,,,,,,,,,,
309,Alami,Kacang tanah rebus,Per 100 g BDD (Berat Dapat Dimakan),Berat Dapat Dimakan (100%),220 kkal,18 g,0 mcg,0.10 mg,0 mg,0 mg,0 mg,8 g,10.60 g,1 g,89 mg,273 mg,36 mg,536.20 mg,1780 mcg,1.90 mg,2.20 mg,0 mcg,,62.10 g,1.30 g,,,,,,,,,,,,,
310,Alami,Kacang tolo rebus,Per 100 g BDD (Berat Dapat Dimakan),Berat Dapat Dimakan (100%),138 kkal,1.10 g,0 mcg,0.01 mg,0.17 mg,3.20 mg,0 mg,22.60 g,10.70 g,0.90 g,165 mg,172 mg,13 mg,6.70 mg,800 mcg,4 mg,6.10 mg,0 mcg,,64.40 g,1.20 g,,,,,,,,,,,,,
311,Alami,Ampas kacang hijau,Per 100 g BDD (Berat Dapat Dimakan),Berat Dapat Dimakan (100%),96 kkal,0.60 g,0 mcg,0.05 mg,0 mg,0 mg,0 mg,19.10 g,3.70 g,2.70 g,133 mg,150 mg,0 mg,0 mg,0 mcg,1.30 mg,0 mg,0 mcg,,70.60 g,0.60 g,,,,,,,,,,,,,
312,Alami,Ampas tahu mentah,Per 100 g BDD (Berat Dapat Dimakan),Berat Dapat Dimakan (100%),67 kkal,2.10 g,0 mcg,0.06 mg,0.02 mg,0.10 mg,0 mg,8.10 g,5 g,4.10 g,460 mg,88 mg,8 mg,184.50 mg,170 mcg,1 mg,0.50 mg,0 mcg,,84.10 g,0.60 g,,,,,,,,,,,,,
313,Alami,Ampas tahu kukus,Per 100 g BDD (Berat Dapat Dimakan),Berat Dapat Dimakan (100%),75 kkal,2.10 g,0 mcg,0.07 mg,0 mg,0 mg,0 mg,10.70 g,4.10 g,5.10 g,203 mg,60 mg,0 mg,0 mg,0 mcg,1.30 mg,0 mg,0 mcg,,82.50 g,0.60 g,,,,,,,,,,,,,
314,Alami,Ampas tahu kering,Per 100 g BDD (Berat Dapat Dimakan),Berat Dapat Dimakan (100%),414 kkal,18.30 g,0 mcg,0.20 mg,0.10 mg,0.50 mg,0 mg,41.30 g,26.60 g,0 g,19 mg,29 mg,45 mg,1055.70 mg,990 mcg,4 mg,2.80 mg,24 mcg,,9 g,5.80 g,,,,,,,,,,,,,
315,Alami,Pepea oncom ampas tahu,Per 100 g BDD (Berat Dapat Dimakan),Berat Dapat Dimakan (100%),76 kkal,1.80 g,0 mcg,0.11 mg,0 mg,0 mg,0 mg,10.60 g,5.20 g,2.20 g,215 mg,66 mg,0 mg,0 mg,0 mcg,12.50 mg,0 mg,0 mcg,,80.90 g,1.50 g,,,,,,,,,,,,,
316,Alami,Bungkil biji karet,Per 100 g BDD (Berat Dapat Dimakan),Berat Dapat Dimakan (100%),333 kkal,3.30 g,0 mcg,0.10 mg,0 mg,0 mg,0 mg,50 g,29.30 g,0 g,102 mg,660 mg,0 mg,0 mg,0 mcg,12 mg,0 mg,0 mcg,,12 g,29.40 g,,,,,,,,,,,,,
317,Alami,Bungkil kacang tanah,Per 100 g BDD (Berat Dapat Dimakan),Berat Dapat Dimakan (100%),336 kkal,13 g,0 mcg,0.04 mg,0 mg,0 mg,0 mg,30.50 g,37.40 g,0 g,730 mg,470 mg,0 mg,0 mg,0 mcg,30.70 mg,0 mg,0 mcg,,14 g,33.10 g,,,,,,,,,,,,,
318,Alami,Bungkil kelapa,Per 100 g BDD (Berat Dapat Dimakan),Berat Dapat Dimakan (100%),368 kkal,15 g,0 mcg,0 mg,0.46 mg,8.90 mg,0 mg,40 g,23 g,0 g,137 mg,433 mg,0 mg,0 mg,0 mcg,41.50 mg,0 mg,0 mcg,,16 g,38 g,,,,,,,,,,,,,
319,Alami,Dodol Banjarmasin,Per 100 g BDD (Berat Dapat Dimakan),Berat Dapat Dimakan (100%),368 kkal,8.60 g,0 mcg,0.04 mg,0.07 mg,2.30 mg,0 mg,70 g,2.60 g,0.50 g,51 mg,180 mg,48 mg,96 mg,400 mcg,3.30 mg,2.60 mg,0 mcg,,17.30 g,1.50 g,,,,,,,,,,,,,
320,Alami,Emping (keripik melinjo),Per 100 g BDD (Berat Dapat Dimakan),Berat Dapat Dimakan (100%),345 kkal,1.50 g,0 mcg,0.20 mg,0 mg,0 mg,0 mg,71.50 g,12 g,0 g,100 mg,400 mg,0 mg,0 mg,0 mcg,5 mg,0 mg,0 mcg,,13 g,28 g,,,,,,,,,,,,,
321,Alami,Emping komak,Per 100 g BDD (Berat Dapat Dimakan),Berat Dapat Dimakan (100%),355 kkal,4.60 g,0 mcg,0 mg,0 mg,0.60 mg,0 mg,60.70 g,17.80 g,0 g,87 mg,304 mg,24 mg,1233 mg,1000 mcg,4.30 mg,2.30 mg,0 mcg,,14.20 g,2.70 g,,,,,,,,,,,,,
322,Alami,Enting-enting gepuk hello kity,Per 100 g BDD (Berat Dapat Dimakan),Berat Dapat Dimakan (100%),538 kkal,30.30 g,0 mcg,1 mg,0 mg,0 mg,0 mg,52.60 g,13.60 g,0.20 g,81 mg,248 mg,0 mg,0 mg,0 mcg,1.60 mg,0 mg,0 mcg,,2.40 g,1 g,,,,,,,,,,,,,
323,Alami,Enting-enting gepuk kacang tanah,Per 100 g BDD (Berat Dapat Dimakan),Berat Dapat Dimakan (100%),524 kkal,29.20 g,0 mcg,0.62 mg,0 mg,0 mg,0 mg,52 g,13.30 g,0.20 g,76 mg,248 mg,0 mg,0 mg,0 mcg,1.40 mg,0 mg,0 mcg,,4.20 g,1.40 g,,,,,,,,,,,,,
324,Alami,Enting-enting wijen,Per 100 g BDD (Berat Dapat Dimakan),Berat Dapat Dimakan (100%),565 kkal,38.40 g,0 mcg,0.92 mg,0 mg,0 mg,0 mg,36.80 g,18.20 g,1.90 g,251 mg,502 mg,0 mg,0 mg,0 mcg,10.90 mg,0 mg,0 mcg,,3.70 g,3 g,,,,,,,,,,,,,
325,Alami,Geplak,Per 100 g BDD (Berat Dapat Dimakan),Berat Dapat Dimakan (100%),350 kkal,14.40 g,0 mcg,0.12 mg,0.02 mg,0.80 mg,0 mg,53.60 g,1.40 g,1.80 g,151 mg,43 mg,0 mg,0 mg,0 mcg,2.10 mg,0 mg,0 mcg,,29.60 g,1 g,,,,,,,,,,,,,
326,Alami,Geplak Jahe,Per 100 g BDD (Berat Dapat Dimakan),Berat Dapat Dimakan (100%),462 kkal,14.40 g,0 mcg,0.12 mg,0 mg,0.10 mg,0 mg,57.70 g,3.10 g,3.30 g,212 mg,161 mg,0 mg,0 mg,0 mcg,6.60 mg,0 mg,0 mcg,,12.40 g,2.50 g,,,,,,,,,,,,,
327,Alami,Kacang atom,Per 100 g BDD (Berat Dapat Dimakan),Berat Dapat Dimakan (100%),533 kkal,38.10 g,0 mcg,0.06 mg,0 mg,0 mg,0 mg,28.80 g,27.80 g,2.50 g,87 mg,423 mg,0 mg,0 mg,0 mcg,3 mg,0 mg,0 mcg,,3.10 g,2.20 g,,,,,,,,,,,,,
328,Alami,Kacang goyang,Per 100 g BDD (Berat Dapat Dimakan),Berat Dapat Dimakan (100%),516 kkal,31.10 g,0 mcg,0 mg,0 mg,0 mg,0 mg,44.40 g,14.70 g,0 g,34 mg,230 mg,2 mg,365 mg,600 mcg,0.70 mg,1.70 mg,0 mcg,,8.30 g,1.50 g,,,,,,,,,,,,,
329,Alami,Kacang negara,Per 100 g BDD (Berat Dapat Dimakan),Berat Dapat Dimakan (100%),480 kkal,19.10 g,0 mcg,0.63 mg,0.05 mg,2.60 mg,0 mg,58.50 g,18.40 g,11.70 g,34 mg,404 mg,1010 mg,385 mg,2500 mcg,10.30 mg,7.10 mg,0 mcg,,3.10 g,0.90 g,,,,,,,,,,,,,
330,Alami,Kacang sukro,Per 100 g BDD (Berat Dapat Dimakan),Berat Dapat Dimakan (100%),484 kkal,26.10 g,0 mcg,0.06 mg,0 mg,0 mg,0 mg,57.70 g,8.80 g,1.80 g,49 mg,194 mg,0 mg,0 mg,0 mcg,2.50 mg,0 mg,0 mcg,,4.70 g,2.70 g,,,,,,,,,,,,,
331,Alami,Kacang tanah sari,Per 100 g BDD (Berat Dapat Dimakan),Berat Dapat Dimakan (100%),561 kkal,43.80 g,0 mcg,0.08 mg,0 mg,0 mg,0 mg,26 g,25.50 g,2.20 g,50 mg,324 mg,0 mg,0 mg,0 mcg,3.10 mg,0 mg,0 mcg,,2.10 g,2.60 g,,,,,,,,,,,,,
332,Alami,Keju kcang tanah (peanut butter),Per 100 g BDD (Berat Dapat Dimakan),Berat Dapat Dimakan (100%),590 kkal,49 g,0 mcg,0.30 mg,0.20 mg,16.20 mg,0 mg,20.90 g,27 g,1.60 g,60 mg,360 mg,355 mg,492.40 mg,570 mcg,2 mg,2.70 mg,0 mcg,,3 g,0.10 g,,,,,,,,,,,,,
333,Alami,Kembang tahu,Per 100 g BDD (Berat Dapat Dimakan),Berat Dapat Dimakan (100%),380 kkal,13.80 g,0 mcg,0.15 mg,0.08 mg,0.70 mg,0 mg,23.30 g,48.90 g,0 g,378 mg,781 mg,55 mg,455.30 mg,680 mcg,2.10 mg,4.20 mg,0 mcg,,10.80 g,3.20 g,,,,,,,,,,,,,
334,Alami,Kembang tahu rebus,Per 100 g BDD (Berat Dapat Dimakan),Berat Dapat Dimakan (100%),90 kkal,4 g,0 mcg,0 mg,0 mg,0 mg,0 mg,4.70 g,10.70 g,0 g,85 mg,0 mg,0 mg,0 mg,0 mcg,0 mg,0 mg,0 mcg,,79.80 g,0.80 g,,,,,,,,,,,,,
335,Alami,Keripik oncom,Per 100 g BDD (Berat Dapat Dimakan),Berat Dapat Dimakan (100%),598 kkal,43.80 g,0 mcg,1.13 mg,0 mg,0 mg,0 mg,42.60 g,8.30 g,3.30 g,85 mg,153 mg,0 mg,0 mg,0 mcg,27 mg,0 mg,0 mcg,,3 g,2.20 g,,,,,,,,,,,,,
336,Alami,Keripik tempe,Per 100 g BDD (Berat Dapat Dimakan),Berat Dapat Dimakan (100%),581 kkal,40.60 g,0 mcg,0.35 mg,0 mg,0 mg,0 mg,41.70 g,12.10 g,2.20 g,237 mg,116 mg,0 mg,0 mg,0 mcg,6.90 mg,0 mg,0 mcg,,3.30 g,2.30 g,,,,,,,,,,,,,
337,Alami,Keripik tempe abadi besar,Per 100 g BDD (Berat Dapat Dimakan),Berat Dapat Dimakan (100%),556 kkal,37.10 g,0 mcg,0.63 mg,0 mg,0 mg,0 mg,39.80 g,15.80 g,3.50 g,112 mg,215 mg,0 mg,0 mg,0 mcg,5.40 mg,0 mg,0 mcg,,4.50 g,2.80 g,,,,,,,,,,,,,
338,Alami,Keripik tempe abadi murni,Per 100 g BDD (Berat Dapat Dimakan),Berat Dapat Dimakan (100%),542 kkal,42.40 g,0 mcg,0.10 mg,0 mg,0 mg,0 mg,11.60 g,40.30 g,2.20 g,175 mg,529 mg,0 mg,0 mg,0 mcg,5.20 mg,0 mg,0 mcg,,3.20 g,2.70 g,,,,,,,,,,,,,
339,Alami,Keripik tempe abadi sedang,Per 100 g BDD (Berat Dapat Dimakan),Berat Dapat Dimakan (100%),510 kkal,27.90 g,0 mcg,0.52 mg,0 mg,0 mg,0 mg,52.40 g,12.30 g,3.60 g,122 mg,211 mg,0 mg,0 mg,0 mcg,8.40 mg,0 mg,0 mcg,,4.40 g,3.10 g,,,,,,,,,,,,,
340,Alami,Keripik tempe abadi telur,Per 100 g BDD (Berat Dapat Dimakan),Berat Dapat Dimakan (100%),529 kkal,31.70 g,0 mcg,0.86 mg,0 mg,0 mg,0 mg,40.20 g,20.80 g,3 g,124 mg,222 mg,0 mg,0 mg,0 mcg,5.40 mg,0 mg,0 mcg,,4.50 g,2.90 g,,,,,,,,,,,,,
341,Alami,Keripik tempe abadi prima,Per 100 g BDD (Berat Dapat Dimakan),Berat Dapat Dimakan (100%),540 kkal,33.90 g,0 mcg,0.38 mg,0 mg,0 mg,0 mg,42 g,16.70 g,2.20 g,92 mg,184 mg,0 mg,0 mg,0 mcg,3.20 mg,0 mg,0 mcg,,4.80 g,2.60 g,,,,,,,,,,,,,
342,Alami,Kwaci,Per 100 g BDD (Berat Dapat Dimakan),Berat Dapat Dimakan (35%),515 kkal,42.10 g,0 mcg,0.02 mg,0.19 mg,0.30 mg,0 mg,13.80 g,30.60 g,13.60 g,54 mg,312 mg,124 mg,448.60 mg,650 mcg,6.20 mg,9.70 mg,0 mcg,,9.90 g,3.70 g,,,,,,,,,,,,,
343,Alami,Melinjo emping tebal goreng manis,Per 100 g BDD (Berat Dapat Dimakan),Berat Dapat Dimakan (100%),439 kkal,16.40 g,0 mcg,0.11 mg,0 mg,0 mg,0 mg,65.70 g,10 g,0 g,66 mg,225 mg,0 mg,0 mg,0 mcg,0 mg,0 mg,0 mcg,,5.60 g,2.30 g,,,,,,,,,,,,,
344,Alami,Melinjo emping tebal goreng asin,Per 100 g BDD (Berat Dapat Dimakan),Berat Dapat Dimakan (100%),431 kkal,16.20 g,0 mcg,0.08 mg,0 mg,0 mg,0 mg,63 g,11.10 g,0 g,77 mg,0 mg,0 mg,0 mg,0 mcg,0 mg,0 mg,0 mcg,,8 g,1.60 g,,,,,,,,,,,,,
345,Alami,Melinjo emping tipis goreng,Per 100 g BDD (Berat Dapat Dimakan),Berat Dapat Dimakan (100%),485 kkal,24.50 g,0 mcg,0.11 mg,0 mg,0 mg,0 mg,59.10 g,11.50 g,0 g,85 mg,218 mg,0 mg,0 mg,0 mcg,0 mg,0 mg,0 mcg,,3.30 g,1.50 g,,,,,,,,,,,,,
346,Alami,Moon tahu,Per 100 g BDD (Berat Dapat Dimakan),Berat Dapat Dimakan (100%),128 kkal,10 g,131 mcg,0.46 mg,0 mg,0 mg,0 mg,1.30 g,8 g,0.20 g,205 mg,92 mg,393 mg,0 mg,0 mcg,2.50 mg,0 mg,0 mcg,,79.90 g,0.80 g,,,,,,,,,,,,,
347,Alami,Oncom,Per 100 g BDD (Berat Dapat Dimakan),Berat Dapat Dimakan (100%),187 kkal,6 g,0 mcg,0.09 mg,0 mg,1.60 mg,0 mg,22.60 g,13 g,0 g,96 mg,115 mg,0 mg,0 mg,0 mcg,27 mg,0 mg,0 mcg,,57 g,1.40 g,,,,,,,,,,,,,
348,Alami,Oncom ampas kacang hijau,Per 100 g BDD (Berat Dapat Dimakan),Berat Dapat Dimakan (100%),376 kkal,6 g,0 mcg,0.03 mg,0 mg,0 mg,0 mg,65.70 g,14.90 g,12.30 g,199 mg,110 mg,0 mg,0 mg,0 mcg,10.90 mg,0 mg,0 mcg,,13.40 g,1.70 g,,,,,,,,,,,,,
349,Alami,Oncom kacang hijau + singkong,Per 100 g BDD (Berat Dapat Dimakan),Berat Dapat Dimakan (100%),351 kkal,5.30 g,0 mcg,0.01 mg,0 mg,0 mg,0 mg,65.90 g,11 g,9 g,164 mg,113 mg,0 mg,0 mg,0 mcg,7.80 mg,0 mg,0 mcg,,16.50 g,1.30 g,,,,,,,,,,,,,
350,Alami,Oncom kacang tanah pepes,Per 100 g BDD (Berat Dapat Dimakan),Berat Dapat Dimakan (100%),132 kkal,3.80 g,0 mcg,0.08 mg,0.20 mg,0.70 mg,0 mg,13.70 g,11.70 g,3.10 g,133 mg,335 mg,0 mg,0 mg,0 mcg,34.40 mg,0 mg,0 mcg,,65 g,4.80 g,,,,,,,,,,,,,
351,Alami,Rempeyek kacang tanah,Per 100 g BDD (Berat Dapat Dimakan),Berat Dapat Dimakan (100%),513 kkal,32.50 g,0 mcg,0.10 mg,0 mg,0 mg,0 mg,44.30 g,17.50 g,1.70 g,65 mg,202 mg,0 mg,0 mg,0 mcg,2.60 mg,0 mg,0 mcg,,3.90 g,1.80 g,,,,,,,,,,,,,
352,Alami,Rempeyek kacang tolo,Per 100 g BDD (Berat Dapat Dimakan),Berat Dapat Dimakan (100%),451 kkal,20.20 g,0 mcg,0.02 mg,0 mg,0 mg,0 mg,59.70 g,11.20 g,1.80 g,156 mg,221 mg,0 mg,0 mg,0 mcg,4.60 mg,0 mg,0 mcg,,6.10 g,2.80 g,,,,,,,,,,,,,
353,Alami,Rempeyek kacang uci,Per 100 g BDD (Berat Dapat Dimakan),Berat Dapat Dimakan (100%),497 kkal,27.60 g,0 mcg,0.05 mg,0 mg,0 mg,0 mg,50.80 g,17 g,2.40 g,166 mg,89 mg,0 mg,0 mg,0 mcg,6.70 mg,0 mg,0 mcg,,4 g,3.40 g,,,,,,,,,,,,,
354,Alami,Sayur lebui,Per 100 g BDD (Berat Dapat Dimakan),Berat Dapat Dimakan (100%),64 kkal,0.60 g,0 mcg,0 mg,0 mg,0.10 mg,0 mg,12.50 g,2.10 g,5.70 g,21 mg,2 mg,124 mg,146 mg,200 mcg,1 mg,0.70 mg,14 mcg,,83.90 g,0.90 g,,,,,,,,,,,,,
355,Alami,"Saridele, bubuk",Per 100 g BDD (Berat Dapat Dimakan),Berat Dapat Dimakan (100%),344 kkal,20 g,0 mcg,0.70 mg,0.16 mg,2 mg,10 mg,43 g,30 g,6.20 g,450 mg,500 mg,56 mg,2572.30 mg,2990 mcg,4 mg,4 mg,0 mcg,,3 g,4 g,,,,,,,,,,,,,
356,Alami,Susu kedelai,Per 100 g BDD (Berat Dapat Dimakan),Berat Dapat Dimakan (100%),41 kkal,2.50 g,0 mcg,0.08 mg,0.05 mg,0.70 mg,2 mg,5 g,3.50 g,0.20 g,50 mg,45 mg,128 mg,287.90 mg,120 mcg,0.70 mg,1 mg,0 mcg,,87 g,2 g,,,,,,,,,,,,,
357,Alami,Tahu,Per 100 g BDD (Berat Dapat Dimakan),Berat Dapat Dimakan (100%),80 kkal,4.70 g,0 mcg,0.01 mg,0.08 mg,0.10 mg,0 mg,0.80 g,10.90 g,0.10 g,223 mg,183 mg,2 mg,50.60 mg,190 mcg,3.40 mg,0.80 mg,118 mcg,,82.20 g,1.40 g,,,,,,,,,,,,,
358,Alami,Tahu goreng,Per 100 g BDD (Berat Dapat Dimakan),Berat Dapat Dimakan (100%),115 kkal,8.50 g,0 mcg,0.01 mg,0.24 mg,0 mg,0 mg,2.50 g,9.70 g,0.10 g,229 mg,200 mg,7 mg,68.20 mg,90 mcg,4.10 mg,1.30 mg,0 mcg,,77.30 g,2 g,,,,,,,,,,,,,
359,Alami,Tahu telur,Per 100 g BDD (Berat Dapat Dimakan),Berat Dapat Dimakan (100%),328 kkal,19.90 g,73 mcg,0.42 mg,0 mg,0 mg,0 mg,24.60 g,12.60 g,0.40 g,492 mg,238 mg,755.40 mg,0 mg,0 mcg,4.90 mg,0 mg,0 mcg,,41.80 g,1.10 g,,,,,,,,,,,,,
360,Alami,Takwa,Per 100 g BDD (Berat Dapat Dimakan),Berat Dapat Dimakan (100%),148 kkal,8.50 g,0 mcg,0.20 mg,0.10 mg,0.80 mg,0 mg,4 g,13.80 g,0 g,140 mg,214 mg,3 mg,79 mg,300 mcg,8.50 mg,1.30 mg,0 mcg,,72.20 g,1.60 g,,,,,,,,,,,,,
361,Alami,Tauco,Per 100 g BDD (Berat Dapat Dimakan),Berat Dapat Dimakan (100%),184 kkal,5.50 g,0 mcg,0.32 mg,0.20 mg,0.80 mg,0 mg,22.20 g,11.40 g,1.90 g,72 mg,463 mg,1766 mg,233 mg,390 mcg,6 mg,1 mg,0 mcg,,54 g,6.90 g,,,,,,,,,,,,,
362,Alami,"Tauco cap beruang, cake",Per 100 g BDD (Berat Dapat Dimakan),Berat Dapat Dimakan (100%),347 kkal,5.20 g,0 mcg,0.35 mg,0 mg,0 mg,0 mg,67.60 g,7.40 g,3.20 g,63 mg,106 mg,0 mg,0 mg,0 mcg,6.20 mg,0 mg,0 mcg,,11.40 g,8.40 g,,,,,,,,,,,,,
363,Alami,"Tauco cap DAS, cake",Per 100 g BDD (Berat Dapat Dimakan),Berat Dapat Dimakan (100%),358 kkal,4.30 g,0 mcg,0.29 mg,0 mg,0 mg,0 mg,70.40 g,7.50 g,3.10 g,94 mg,94 mg,0 mg,0 mg,0 mcg,4.50 mg,0 mg,0 mcg,,10.20 g,7.60 g,,,,,,,,,,,,,
364,Alami,Tauco cap meong,Per 100 g BDD (Berat Dapat Dimakan),Berat Dapat Dimakan (100%),159 kkal,4.90 g,0 mcg,0.46 mg,0.18 mg,0.70 mg,0 mg,21.30 g,7.40 g,1.60 g,183 mg,84 mg,1547 mg,204.10 mg,340 mcg,10.10 mg,0.90 mg,0 mcg,,59.70 g,6.70 g,,,,,,,,,,,,,
365,Alami,Tauji cap singa,Per 100 g BDD (Berat Dapat Dimakan),Berat Dapat Dimakan (100%),277 kkal,4.70 g,0 mcg,0.15 mg,0 mg,0 mg,0 mg,49.60 g,9.10 g,1.20 g,68 mg,106 mg,0 mg,0 mg,0 mcg,3 mg,0 mg,0 mcg,,30.40 g,6.20 g,,,,,,,,,,,,,
366,Alami,Tempe bongkrek,Per 100 g BDD (Berat Dapat Dimakan),Berat Dapat Dimakan (100%),119 kkal,3.50 g,0 mcg,0.08 mg,0 mg,0 mg,0 mg,18.30 g,4.40 g,0 g,27 mg,100 mg,0 mg,0 mg,0 mcg,2.60 mg,0 mg,0 mcg,,72.50 g,146.30 g,,,,,,,,,,,,,
367,Alami,Tempe gembus P3G,Per 100 g BDD (Berat Dapat Dimakan),Berat Dapat Dimakan (100%),73 kkal,1.30 g,0 mcg,0.09 mg,0.10 mg,0.90 mg,0 mg,10.30 g,5.70 g,4.20 g,204 mg,80 mg,0 mg,0 mg,0 mcg,1.50 mg,0 mg,0 mcg,,81.90 g,0.80 g,,,,,,,,,,,,,
368,Alami,Tempe gembus yogya,Per 100 g BDD (Berat Dapat Dimakan),Berat Dapat Dimakan (100%),76 kkal,0.70 g,0 mcg,0.79 mg,0.01 mg,0.10 mg,0 mg,10.60 g,6.80 g,5.30 g,76 mg,142 mg,0 mg,0 mg,0 mcg,16.50 mg,0 mg,0 mcg,,80.70 g,1.10 g,,,,,,,,,,,,,
369,Alami,Tempe kacang babi,Per 100 g BDD (Berat Dapat Dimakan),Berat Dapat Dimakan (100%),139 kkal,0.80 g,0 mcg,0.10 mg,0 mg,0 mg,0 mg,21.90 g,12.50 g,1.80 g,68 mg,182 mg,0 mg,0 mg,0 mcg,2.60 mg,0 mg,0 mcg,,64 g,1.20 g,,,,,,,,,,,,,
370,Alami,Tempe kacang belimbing,Per 100 g BDD (Berat Dapat Dimakan),Berat Dapat Dimakan (100%),212 kkal,10 g,0 mcg,0.20 mg,0 mg,0 mg,0 mg,12.90 g,17.50 g,2.90 g,186 mg,160 mg,0 mg,0 mg,0 mcg,2.20 mg,0 mg,0 mcg,,58.20 g,1.40 g,,,,,,,,,,,,,
371,Alami,Tempe kedelai + jagung,Per 100 g BDD (Berat Dapat Dimakan),Berat Dapat Dimakan (100%),143 kkal,5.50 g,0 mcg,0.33 mg,0.15 mg,1.20 mg,0 mg,11.40 g,12 g,1.90 g,155 mg,156 mg,0 mg,0 mg,0 mcg,6.80 mg,0 mg,0 mcg,,70.60 g,0.60 g,,,,,,,,,,,,,
372,Alami,Tempe kedelai murni goreng,Per 100 g BDD (Berat Dapat Dimakan),Berat Dapat Dimakan (100%),350 kkal,26.60 g,0 mcg,0.24 mg,0.60 mg,3.30 mg,0 mg,10.40 g,24.50 g,4.20 g,202 mg,296 mg,22 mg,626.70 mg,800 mcg,4.90 mg,2.50 mg,0 mcg,,36.80 g,1.80 g,,,,,,,,,,,,,
373,Alami,Tempe kedelai murni mentah,Per 100 g BDD (Berat Dapat Dimakan),Berat Dapat Dimakan (100%),201 kkal,8.80 g,0 mcg,0.19 mg,0.59 mg,4.90 mg,0 mg,13.50 g,20.80 g,1.40 g,155 mg,326 mg,9 mg,234 mg,570 mcg,4 mg,1.70 mg,0 mcg,,55.30 g,1.60 g,,,,,,,,,,,,,
374,Alami,Tempe koro benguk,Per 100 g BDD (Berat Dapat Dimakan),Berat Dapat Dimakan (100%),141 kkal,1.30 g,0 mcg,0.09 mg,0 mg,0 mg,0 mg,23.20 g,10.20 g,0 g,42 mg,15 mg,0 mg,0 mg,0 mcg,2.60 mg,0 mg,0 mcg,,64 g,1.30 g,,,,,,,,,,,,,
375,Alami,Tempe lamtoro,Per 100 g BDD (Berat Dapat Dimakan),Berat Dapat Dimakan (100%),128 kkal,0.50 g,0 mcg,0.17 mg,0 mg,0 mg,2 mg,21.30 g,10.70 g,7.10 g,203 mg,108 mg,0 mg,0 mg,0 mcg,0.60 mg,0 mg,0 mcg,,66.80 g,0.70 g,,,,,,,,,,,,,
376,Alami,Tempe lamtoro var. gung dengan kuit,Per 100 g BDD (Berat Dapat Dimakan),Berat Dapat Dimakan (100%),146 kkal,2.30 g,0 mcg,0.19 mg,0 mg,1.40 mg,0 mg,19.60 g,11.70 g,7.60 g,128 mg,41 mg,0 mg,0 mg,0 mcg,6.80 mg,0 mg,0 mcg,,65.10 g,1.30 g,,,,,,,,,,,,,
377,Alami,Tempe lamtoro var. gung tanpa kuit,Per 100 g BDD (Berat Dapat Dimakan),Berat Dapat Dimakan (100%),131 kkal,0.80 g,0 mcg,0.20 mg,0.02 mg,2.60 mg,0 mg,13 g,18 g,1.30 g,95 mg,154 mg,0 mg,0 mg,0 mcg,12.40 mg,0 mg,0 mcg,,67.10 g,1.10 g,,,,,,,,,,,,,
378,Alami,Tempe pasar,Per 100 g BDD (Berat Dapat Dimakan),Berat Dapat Dimakan (100%),150 kkal,7.70 g,0 mcg,0.17 mg,0.44 mg,3.60 mg,0 mg,9.10 g,14 g,1.40 g,517 mg,202 mg,7 mg,165.90 mg,400 mcg,1.50 mg,1.20 mg,0 mcg,,68.30 g,0.90 g,,,,,,,,,,,,,
379,Alami,Tempe pasar goreng,Per 100 g BDD (Berat Dapat Dimakan),Berat Dapat Dimakan (100%),336 kkal,28 g,0 mcg,0.10 mg,0.50 mg,3 mg,0 mg,7.80 g,20 g,3.40 g,156 mg,350 mg,20 mg,566.20 mg,800 mcg,3 mg,2.20 mg,0 mcg,,42.90 g,1.30 g,,,,,,,,,,,,,
380,Alami,Tepung hunkwe (pati kacang ijo),Per 100 g BDD (Berat Dapat Dimakan),Berat Dapat Dimakan (100%),364 kkal,1 g,0 mcg,0 mg,0.23 mg,2.20 mg,0 mg,83.50 g,4.50 g,16.10 g,50 mg,100 mg,15 mg,1232.90 mg,930 mcg,1 mg,2.70 mg,1000 mcg,,10 g,1 g,,,,,,,,,,,,,
381,Alami,Tepung Jalejo,Per 100 g BDD (Berat Dapat Dimakan),Berat Dapat Dimakan (100%),347 kkal,7.50 g,0 mcg,0.02 mg,0.70 mg,1.60 mg,9 mg,61.20 g,19 g,5.80 g,101 mg,663 mg,3 mg,712 mg,600 mcg,2 mg,1.90 mg,0 mcg,,10 g,2.30 g,,,,,,,,,,,,,
382,Alami,Tepung kacang kedelai,Per 100 g BDD (Berat Dapat Dimakan),Berat Dapat Dimakan (100%),347 kkal,20.60 g,0 mcg,0.77 mg,0.32 mg,2.10 mg,0 mg,29.90 g,35.90 g,5.80 g,195 mg,544 mg,52 mg,2522.50 mg,4303450 mcg,8.40 mg,2.60 mg,0 mcg,,9 g,4 g,,,,,,,,,,,,,
383,Alami,"Akar tonjong, segar",Per 100 g BDD (Berat Dapat Dimakan),Berat Dapat Dimakan (100%),45 kkal,0.40 g,0 mcg,0.02 mg,0.03 mg,1.90 mg,2 mg,10.80 g,1.10 g,1.20 g,72 mg,125 mg,96 mg,1147.10 mg,20 mcg,1.30 mg,0.20 mg,83 mcg,,86.70 g,1 g,,,,,,,,,,,,,
384,Alami,"Ale, toge, tauge, kecambah, segar",Per 100 g BDD (Berat Dapat Dimakan),Berat Dapat Dimakan (90%),37 kkal,0.50 g,0 mcg,0.02 mg,0.09 mg,0.60 mg,46 mg,3.80 g,4.40 g,1.70 g,50 mg,248 mg,2 mg,105 mg,160 mcg,2 mg,0.40 mg,0 mcg,,90.60 g,0.70 g,,,,,,,,,,,,,
385,Alami,"Andaliman, segar",Per 100 g BDD (Berat Dapat Dimakan),Berat Dapat Dimakan (100%),99 kkal,1 g,0 mcg,3 mg,0 mg,0 mg,15 mg,18 g,4.60 g,8.50 g,383 mg,107 mg,0 mg,0 mg,0 mcg,2.90 mg,0 mg,0 mcg,,74.20 g,2.20 g,,,,,,,,,,,,,
386,Alami,"Andewi, segar",Per 100 g BDD (Berat Dapat Dimakan),Berat Dapat Dimakan (80%),226 kkal,0.20 g,0 mcg,0.14 mg,0.09 mg,0.50 mg,10 mg,5.30 g,1.60 g,4.10 g,33 mg,66 mg,29 mg,414.60 mg,130 mcg,1 mg,1 mg,1717 mcg,,91.80 g,1.10 g,,,,,,,,,,,,,
387,Alami,"Bakung, segar",Per 100 g BDD (Berat Dapat Dimakan),Berat Dapat Dimakan (100%),27 kkal,0.20 g,0 mcg,0.20 mg,0.10 mg,0.30 mg,42 mg,4.20 g,2 g,3.80 g,19 mg,20 mg,37 mg,340 mg,200 mcg,0.50 mg,0.30 mg,1080 mcg,,92.50 g,1.10 g,,,,,,,,,,,,,
388,Alami,"Balingo, segar",Per 100 g BDD (Berat Dapat Dimakan),Berat Dapat Dimakan (69%),15 kkal,0.20 g,0 mcg,0.04 mg,0.02 mg,0.30 mg,13 mg,3 g,0.40 g,0.40 g,19 mg,19 mg,2 mg,131.10 mg,20 mcg,0.40 mg,0.60 mg,0 mcg,,96.10 g,0.30 g,,,,,,,,,,,,,
389,Alami,"Bawang bombay, segar",Per 100 g BDD (Berat Dapat Dimakan),Berat Dapat Dimakan (94%),43 kkal,0.20 g,0 mcg,0.03 mg,0.21 mg,0.40 mg,9 mg,10.30 g,1.40 g,2 g,32 mg,44 mg,12 mg,9.60 mg,100 mcg,0.50 mg,0.30 mg,788 mcg,,87.50 g,0.60 g,,,,,,,,,,,,,
390,Alami,"Bayam, sayur bayam, segar",Per 100 g BDD (Berat Dapat Dimakan),Berat Dapat Dimakan (71%),16 kkal,0.40 g,0 mcg,0.04 mg,0.10 mg,1 mg,41 mg,2.90 g,0.90 g,0.70 g,166 mg,76 mg,16 mg,456.40 mg,130 mcg,3.50 mg,0.40 mg,2699 mcg,,94.50 g,1.30 g,,,,,,,,,,,,,
391,Alami,"Bayam merah, segar",Per 100 g BDD (Berat Dapat Dimakan),Berat Dapat Dimakan (71%),41 kkal,0.80 g,0 mcg,0.20 mg,0.10 mg,0.10 mg,62 mg,6.30 g,2.20 g,2.20 g,520 mg,80 mg,20 mg,60 mg,200 mcg,7 mg,0.80 mg,7325 mcg,,88.50 g,2.20 g,,,,,,,,,,,,,
392,Alami,"Bit, segar",Per 100 g BDD (Berat Dapat Dimakan),Berat Dapat Dimakan (75%),41 kkal,0.10 g,0 mcg,0.02 mg,0.05 mg,0.30 mg,10 mg,9.60 g,1.60 g,2.60 g,27 mg,43 mg,29 mg,404.90 mg,200 mcg,1 mg,0.70 mg,0 mcg,,87.60 g,1.10 g,,,,,,,,,,,,,
393,Alami,Buah kelor,Per 100 g BDD (Berat Dapat Dimakan),Berat Dapat Dimakan (65%),38 kkal,0.20 g,0 mcg,0.10 mg,0.10 mg,4.10 mg,25 mg,7.50 g,1.50 g,3.20 g,30 mg,54 mg,48 mg,216 mg,0 mcg,0 mg,0.20 mg,31 mcg,,89.50 g,1.30 g,,,,,,,,,,,,,
394,Alami,Buah merah,Per 100 g BDD (Berat Dapat Dimakan),Berat Dapat Dimakan (100%),87 kkal,2.70 g,0 mcg,1.50 mg,0.10 mg,0.20 mg,15 mg,13.10 g,2.60 g,4 g,30 mg,1 mg,110 mg,140 mg,100 mcg,1.10 mg,0.30 mg,0 mcg,,81.20 g,0.40 g,,,,,,,,,,,,,
395,Alami,"Buncis, segar",Per 100 g BDD (Berat Dapat Dimakan),Berat Dapat Dimakan (90%),34 kkal,0.30 g,0 mcg,0.05 mg,0.40 mg,2.80 mg,11 mg,7.20 g,2.40 g,1.90 g,101 mg,42 mg,8 mg,250 mg,70 mcg,0.70 mg,0.30 mg,772 mcg,,89.60 g,0.50 g,,,,,,,,,,,,,
396,Alami,"Bunga pepaya, segar",Per 100 g BDD (Berat Dapat Dimakan),Berat Dapat Dimakan (100%),45 kkal,0.30 g,0 mcg,0.01 mg,0.28 mg,1 mg,23 mg,8.10 g,2.60 g,1.60 g,290 mg,113 mg,2 mg,478.30 mg,80 mcg,4.20 mg,0.80 mg,2792 mcg,,87.30 g,1.70 g,,,,,,,,,,,,,
397,Alami,"Bunga Turi, segar",Per 100 g BDD (Berat Dapat Dimakan),Berat Dapat Dimakan (96%),42 kkal,1.10 g,0 mcg,0.50 mg,0.02 mg,0.40 mg,1 mg,6.10 g,2 g,3.30 g,28 mg,23 mg,29 mg,97.40 mg,100 mcg,0.80 mg,0.60 mg,1200 mcg,,90.40 g,0.40 g,,,,,,,,,,,,,
398,Alami,"Caisin, segar",Per 100 g BDD (Berat Dapat Dimakan),Berat Dapat Dimakan (100%),20 kkal,0.40 g,0 mcg,0.04 mg,0.19 mg,0.60 mg,3 mg,3.40 g,1.70 g,1.20 g,123 mg,40 mg,18 mg,358.20 mg,50 mcg,1.90 mg,1.40 mg,1675 mcg,,93.60 g,0.90 g,,,,,,,,,,,,,
399,Alami,"Daun bangun-bangun, segar",Per 100 g BDD (Berat Dapat Dimakan),Berat Dapat Dimakan (66%),27 kkal,0.60 g,0 mcg,0.16 mg,0.10 mg,0 mg,5 mg,4 g,1.30 g,1 g,279 mg,40 mg,4 mg,144 mg,0 mcg,13.60 mg,0 mg,1489 mcg,,92.50 g,1.60 g,,,,,,,,,,,,,
400,Alami,"Daun bawang merah, segar",Per 100 g BDD (Berat Dapat Dimakan),Berat Dapat Dimakan (67%),41 kkal,0.30 g,0 mcg,0.10 mg,0.10 mg,0.20 mg,11 mg,7.80 g,2 g,2.10 g,60 mg,40 mg,30 mg,90 mg,100 mcg,2.30 mg,0.30 mg,218 mcg,,89.10 g,0.80 g,,,,,,,,,,,,,
401,Alami,"Daun bebuas, segar",Per 100 g BDD (Berat Dapat Dimakan),Berat Dapat Dimakan (49%),41 kkal,1 g,0 mcg,0.01 mg,0 mg,0 mg,3 mg,7.30 g,2.70 g,2.10 g,29 mg,245 mg,0 mg,0 mg,0 mcg,1.50 mg,0 mg,0 mcg,,87.90 g,1.10 g,,,,,,,,,,,,,
402,Alami,"Daun belem, segar",Per 100 g BDD (Berat Dapat Dimakan),Berat Dapat Dimakan (81%),50 kkal,1.40 g,0 mcg,0.05 mg,0 mg,0 mg,21 mg,7.80 g,4.40 g,1.90 g,698 mg,151 mg,0 mg,0 mg,0 mcg,7.50 mg,0 mg,0 mcg,,84.60 g,1.80 g,,,,,,,,,,,,,
403,Alami,"Daun bluntas, segar",Per 100 g BDD (Berat Dapat Dimakan),Berat Dapat Dimakan (65%),44 kkal,0.50 g,0 mcg,0.02 mg,0 mg,0 mg,30 mg,9.40 g,1.80 g,0 g,256 mg,49 mg,0 mg,0 mg,0 mcg,5.60 mg,0 mg,0 mcg,,86 g,2.30 g,,,,,,,,,,,,,
404,Alami,"Daun gandaria, segar",Per 100 g BDD (Berat Dapat Dimakan),Berat Dapat Dimakan (65%),63 kkal,0.30 g,0 mcg,0.04 mg,0.04 mg,0.20 mg,61 mg,14 g,3.10 g,2.10 g,40 mg,45 mg,3 mg,127.70 mg,0 mcg,4.70 mg,0 mg,503 mcg,,81 g,1.60 g,,,,,,,,,,,,,
405,Alami,"Daun gedi besar, segar",Per 100 g BDD (Berat Dapat Dimakan),Berat Dapat Dimakan (65%),58 kkal,0.70 g,0 mcg,0.40 mg,0.50 mg,2.80 mg,11 mg,10 g,2.90 g,3.30 g,440 mg,100 mg,30 mg,40 mg,200 mcg,1.90 mg,2.10 mg,596 mcg,,84 g,2.40 g,,,,,,,,,,,,,
406,Alami,"Daun gedi kecil, segar",Per 100 g BDD (Berat Dapat Dimakan),Berat Dapat Dimakan (65%),61 kkal,0.70 g,0 mcg,0.40 mg,0.30 mg,2.90 mg,11 mg,10.40 g,3.20 g,3.40 g,420 mg,70 mg,20 mg,50 mg,100 mcg,1.70 mg,1.40 mg,607 mcg,,83.70 g,2 g,,,,,,,,,,,,,
407,Alami,"Daun gelang, segar",Per 100 g BDD (Berat Dapat Dimakan),Berat Dapat Dimakan (52%),30 kkal,0.70 g,0 mcg,0.01 mg,0.14 mg,0.70 mg,1 mg,5.80 g,1.30 g,1.30 g,350 mg,210 mg,5 mg,333.30 mg,310 mcg,11.90 mg,1.20 mg,4701 mcg,,90.30 g,1.90 g,,,,,,,,,,,,,
408,Alami,"Daun gunda bali, segar",Per 100 g BDD (Berat Dapat Dimakan),Berat Dapat Dimakan (49%),50 kkal,0.90 g,0 mcg,0.05 mg,0 mg,0 mg,20 mg,7 g,4.60 g,1.40 g,167 mg,62 mg,0 mg,0 mg,0 mcg,0.50 mg,0 mg,0 mcg,,86.40 g,1.10 g,,,,,,,,,,,,,
409,Alami,"Daun gunda serang, segar",Per 100 g BDD (Berat Dapat Dimakan),Berat Dapat Dimakan (47%),62 kkal,0.90 g,0 mcg,0.02 mg,0 mg,0 mg,20 mg,9.20 g,4.20 g,1.30 g,171 mg,64 mg,0 mg,0 mg,0 mcg,0.60 mg,0 mg,0 mcg,,84.60 g,1.10 g,,,,,,,,,,,,,
410,Alami,"Daun jambu mente muda, segar",Per 100 g BDD (Berat Dapat Dimakan),Berat Dapat Dimakan (65%),78 kkal,0.50 g,0 mcg,0.02 mg,1.12 mg,1.10 mg,65 mg,16.20 g,4.60 g,3 g,33 mg,64 mg,14 mg,670.50 mg,0 mcg,8.90 mg,0 mg,4484 mcg,,78 g,0.70 g,,,,,,,,,,,,,
411,Alami,"Daun jampang, segar",Per 100 g BDD (Berat Dapat Dimakan),Berat Dapat Dimakan (47%),34 kkal,0.50 g,0 mcg,0.03 mg,0 mg,0 mg,3 mg,5.30 g,3.80 g,1.40 g,21 mg,245 mg,0 mg,0 mg,0 mcg,1 mg,0 mg,0 mcg,,88.90 g,1.50 g,,,,,,,,,,,,,
412,Alami,"Daun jawaw seluang, segar",Per 100 g BDD (Berat Dapat Dimakan),,93 kkal,1.30 g,0 mcg,0.10 mg,0.70 mg,0 mg,9 mg,15.30 g,5 g,3.90 g,146 mg,103 mg,2 mg,434 mg,500 mcg,5.30 mg,1.50 mg,0 mcg,,77.20 g,1.20 g,,,,,,,,,,,,,
413,Alami,"Daun jonghe, segar",Per 100 g BDD (Berat Dapat Dimakan),Berat Dapat Dimakan (45%),27 kkal,0.70 g,0 mcg,0.01 mg,0 mg,0 mg,1 mg,4.40 g,2.10 g,2 g,253 mg,192 mg,0 mg,0 mg,0 mcg,9.50 mg,0 mg,0 mcg,,91.40 g,1.40 g,,,,,,,,,,,,,
414,Alami,"Daun kacang ma, segar",Per 100 g BDD (Berat Dapat Dimakan),Berat Dapat Dimakan (33%),36 kkal,0.60 g,0 mcg,0.04 mg,0.18 mg,1.20 mg,4 mg,6.80 g,2.90 g,1.80 g,64 mg,220 mg,7 mg,485.30 mg,200 mcg,2.20 mg,0.30 mg,2893 mcg,,89.10 g,0.60 g,,,,,,,,,,,,,
415,Alami,"Daun kacang panjang, segar",Per 100 g BDD (Berat Dapat Dimakan),Berat Dapat Dimakan (65%),30 kkal,0.30 g,0 mcg,0.33 mg,0.20 mg,1.10 mg,30 mg,5.80 g,3.10 g,1.70 g,200 mg,66 mg,7 mg,458.60 mg,200 mcg,4.50 mg,0.30 mg,2734 mcg,,89.70 g,1.10 g,,,,,,,,,,,,,
416,Alami,"Daun kasbi/singkong karet, segar",Per 100 g BDD (Berat Dapat Dimakan),Berat Dapat Dimakan (87%),92 kkal,3.60 g,0 mcg,0.10 mg,0.20 mg,0.10 mg,74 mg,10.90 g,4 g,5.80 g,140 mg,70 mg,70 mg,90 mg,300 mcg,1.60 mg,1.10 mg,9999 mcg,,80.30 g,1.20 g,,,,,,,,,,,,,
417,Alami,"Daun katuk, segar",Per 100 g BDD (Berat Dapat Dimakan),Berat Dapat Dimakan (40%),59 kkal,1 g,0 mcg,0 mg,0.31 mg,2.30 mg,164 mg,9.90 g,6.40 g,1.50 g,233 mg,98 mg,21 mg,478.80 mg,300 mcg,3.50 mg,1.30 mg,9152 mcg,,81 g,1.70 g,,,,,,,,,,,,,
418,Alami,"Daun kecipir, segar",Per 100 g BDD (Berat Dapat Dimakan),Berat Dapat Dimakan (70%),52 kkal,0.50 g,0 mcg,0.28 mg,0.40 mg,2.20 mg,29 mg,8.50 g,5 g,0 g,134 mg,81 mg,6 mg,114 mg,300 mcg,6.20 mg,0.80 mg,3981 mcg,,85 g,1 g,,,,,,,,,,,,,
419,Alami,"Daun kedongdong, segar",Per 100 g BDD (Berat Dapat Dimakan),Berat Dapat Dimakan (65%),59 kkal,0.30 g,0 mcg,0.06 mg,0.20 mg,1.50 mg,29 mg,13.40 g,3.50 g,10.70 g,540 mg,82 mg,12 mg,579 mg,0 mcg,6.20 mg,0 mg,1624 mcg,,81 g,1.80 g,,,,,,,,,,,,,
420,Alami,"Daun kelor, segar",Per 100 g BDD (Berat Dapat Dimakan),Berat Dapat Dimakan (65%),92 kkal,1.60 g,0 mcg,0.30 mg,0.10 mg,4.20 mg,22 mg,14.30 g,5.10 g,8.20 g,1077 mg,76 mg,61 mg,298 mg,100 mcg,6 mg,0.60 mg,3266 mcg,,75.50 g,3.50 g,,,,,,,,,,,,,
421,Alami,"Daun kemang, segar",Per 100 g BDD (Berat Dapat Dimakan),Berat Dapat Dimakan (65%),43 kkal,0.30 g,0 mcg,0.06 mg,0.10 mg,1.20 mg,30 mg,7.50 g,5.50 g,8.40 g,35 mg,106 mg,10 mg,457.10 mg,0 mcg,1 mg,0 mg,1282 mcg,,85 g,1.70 g,,,,,,,,,,,,,
422,Alami,"Daun Kenikir, segar",Per 100 g BDD (Berat Dapat Dimakan),Berat Dapat Dimakan (36%),45 kkal,0.50 g,0 mcg,0.50 mg,0.30 mg,4.50 mg,0 mg,6.60 g,3.70 g,5.80 g,328 mg,65 mg,6 mg,431 mg,100 mcg,2.70 mg,0.60 mg,30200 mcg,,87.60 g,1.70 g,,,,,,,,,,,,,
423,Alami,"Daun kesum, segar",Per 100 g BDD (Berat Dapat Dimakan),Berat Dapat Dimakan (53%),48 kkal,0.80 g,0 mcg,0.01 mg,0.10 mg,1.60 mg,4 mg,9.10 g,4.50 g,1.60 g,125 mg,142 mg,11 mg,174.70 mg,400 mcg,2.60 mg,1.20 mg,4216 mcg,,84.80 g,0.80 g,,,,,,,,,,,,,
424,Alami,"Daun kol sawi, segar",Per 100 g BDD (Berat Dapat Dimakan),Berat Dapat Dimakan (87%),22 kkal,0.50 g,0 mcg,0.03 mg,0.20 mg,0.60 mg,3 mg,3.60 g,2.10 g,0.90 g,200 mg,92 mg,19 mg,386.20 mg,100 mcg,3.20 mg,0.20 mg,1806 mcg,,93.10 g,0.70 g,,,,,,,,,,,,,
425,Alami,"Daun koro, segar",Per 100 g BDD (Berat Dapat Dimakan),Berat Dapat Dimakan (65%),23 kkal,0.30 g,0 mcg,0.28 mg,0.20 mg,1.30 mg,29 mg,3.70 g,3 g,0 g,134 mg,81 mg,4 mg,68.40 mg,200 mcg,6.20 mg,0.50 mg,2386 mcg,,91 g,2 g,,,,,,,,,,,,,
426,Alami,"Daun kubis, kol, segar",Per 100 g BDD (Berat Dapat Dimakan),Berat Dapat Dimakan (75%),51 kkal,1.10 g,0 mcg,0.40 mg,0.10 mg,0.20 mg,16 mg,8 g,2.50 g,3.40 g,100 mg,50 mg,50 mg,100 mg,900 mcg,3.40 mg,0.60 mg,9999 mcg,,86.20 g,2.20 g,,,,,,,,,,,,,
427,Alami,"Daun kumak, segar",Per 100 g BDD (Berat Dapat Dimakan),Berat Dapat Dimakan (78%),14 kkal,0.30 g,0 mcg,0.01 mg,0 mg,0.50 mg,3 mg,2.30 g,1.30 g,0.90 g,90 mg,59 mg,2 mg,36.50 mg,100 mcg,2.70 mg,0.30 mg,1274 mcg,,95.20 g,0.90 g,,,,,,,,,,,,,
428,Alami,"Daun labu siam, segar",Per 100 g BDD (Berat Dapat Dimakan),Berat Dapat Dimakan (100%),34 kkal,0.40 g,0 mcg,0.08 mg,0.40 mg,1.70 mg,16 mg,4.70 g,4 g,3.50 g,58 mg,70 mg,16 mg,630.70 mg,200 mcg,2.50 mg,0.30 mg,4773 mcg,,89.70 g,1.20 g,,,,,,,,,,,,,
429,Alami,"Daun labu wuluh/kuning, segar",Per 100 g BDD (Berat Dapat Dimakan),Berat Dapat Dimakan (70%),34 kkal,0.60 g,0 mcg,0.14 mg,0.20 mg,1.30 mg,36 mg,4.50 g,3.60 g,2.90 g,138 mg,99 mg,16 mg,630.70 mg,200 mcg,3.70 mg,0.30 mg,1258 mcg,,89.70 g,1.60 g,,,,,,,,,,,,,
430,Alami,"Daun lamtoro, segar",Per 100 g BDD (Berat Dapat Dimakan),Berat Dapat Dimakan (40%),87 kkal,1.80 g,0 mcg,0 mg,0.10 mg,2.30 mg,32 mg,14.40 g,8.30 g,3.30 g,725 mg,174 mg,10 mg,197.70 mg,500 mcg,3.90 mg,1.40 mg,6900 mcg,,74 g,1.50 g,,,,,,,,,,,,,
431,Alami,"Daun leilem, segar",Per 100 g BDD (Berat Dapat Dimakan),Berat Dapat Dimakan (90%),76 kkal,0.20 g,0 mcg,0.30 mg,0.10 mg,2.50 mg,22 mg,15.80 g,2.80 g,3.10 g,296 mg,22 mg,6 mg,46 mg,500 mcg,3.40 mg,1.10 mg,753 mcg,,79.40 g,1.80 g,,,,,,,,,,,,,
432,Alami,"Daun leunca, segar",Per 100 g BDD (Berat Dapat Dimakan),Berat Dapat Dimakan (70%),49 kkal,0.50 g,0 mcg,0.14 mg,0 mg,0 mg,40 mg,8.10 g,4.70 g,0 g,210 mg,80 mg,0 mg,0 mg,0 mcg,6.10 mg,0 mg,0 mcg,,85 g,1.70 g,,,,,,,,,,,,,
433,Alami,"Daun lobak, segar",Per 100 g BDD (Berat Dapat Dimakan),Berat Dapat Dimakan (70%),30 kkal,0.40 g,0 mcg,0.07 mg,1.10 mg,6.50 mg,109 mg,5.80 g,2.30 g,3.20 g,140 mg,33 mg,16 mg,747.40 mg,200 mcg,3.70 mg,0.20 mg,5039 mcg,,90 g,1.40 g,,,,,,,,,,,,,
434,Alami,"Daun lompong talas, segar",Per 100 g BDD (Berat Dapat Dimakan),Berat Dapat Dimakan (75%),44 kkal,0.80 g,0 mcg,0.08 mg,0.40 mg,1.40 mg,31 mg,7.40 g,3 g,3.30 g,76 mg,59 mg,3 mg,578.40 mg,200 mcg,1 mg,0.40 mg,2584 mcg,,87.20 g,1.60 g,,,,,,,,,,,,,
435,Alami,"Daun mangkokan, segar",Per 100 g BDD (Berat Dapat Dimakan),Berat Dapat Dimakan (80%),57 kkal,0.30 g,0 mcg,0.06 mg,0 mg,0 mg,83 mg,11.80 g,3.70 g,0 g,474 mg,49 mg,0 mg,0 mg,0 mcg,4 mg,0 mg,0 mcg,,82 g,2.20 g,,,,,,,,,,,,,
436,Alami,"Daun matel ambon, segar",Per 100 g BDD (Berat Dapat Dimakan),Berat Dapat Dimakan (100%),71 kkal,1.60 g,0 mcg,0.08 mg,0 mg,0 mg,25.70 mg,11.50 g,6.80 g,4.60 g,93 mg,95 mg,0 mg,0 mg,0 mcg,10.20 mg,0 mg,0 mcg,,77.10 g,3 g,,,,,,,,,,,,,
437,Alami,"Daun melinjo, segar",Per 100 g BDD (Berat Dapat Dimakan),Berat Dapat Dimakan (88%),104 kkal,1.30 g,0 mcg,0.09 mg,0 mg,0 mg,182 mg,21.30 g,5 g,10.30 g,219 mg,82 mg,12 mg,604.80 mg,400 mcg,4.20 mg,0.60 mg,823 mcg,,70.80 g,1.60 g,,,,,,,,,,,,,
438,Alami,"Daun mengkudu, segar",Per 100 g BDD (Berat Dapat Dimakan),Berat Dapat Dimakan (90%),65 kkal,1.70 g,0 mcg,0.01 mg,0.10 mg,5.70 mg,35 mg,11.40 g,4 g,3.90 g,296 mg,40 mg,0 mg,0 mg,0 mcg,6.90 mg,0 mg,2 mcg,,80.90 g,2 g,,,,,,,,,,,,,
439,Alami,"Daun ndusuk, segar",Per 100 g BDD (Berat Dapat Dimakan),,166 kkal,0.50 g,0 mcg,0.40 mg,0.10 mg,0.10 mg,30 mg,38.80 g,1.70 g,10.70 g,40 mg,20 mg,40 mg,310 mg,300 mcg,1.80 mg,0.70 mg,14457 mcg,,56 g,3 g,,,,,,,,,,,,,
440,Alami,"Daun oyong, segar",Per 100 g BDD (Berat Dapat Dimakan),Berat Dapat Dimakan (65%),22 kkal,0.10 g,0 mcg,0.08 mg,0.10 mg,0.80 mg,150 mg,5.30 g,1 g,0 g,21 mg,44 mg,40 mg,295.50 mg,100 mcg,2 mg,0.20 mg,855 mcg,,93 g,0.60 g,,,,,,,,,,,,,
441,Alami,"Daun pakis, segar",Per 100 g BDD (Berat Dapat Dimakan),Berat Dapat Dimakan (70%),39 kkal,0.40 g,0 mcg,0.02 mg,0.10 mg,0.50 mg,2.50 mg,6.90 g,4.50 g,2 g,136 mg,159 mg,20 mg,201.90 mg,0 mcg,2.30 mg,0.30 mg,1625 mcg,,86.80 g,1.40 g,,,,,,,,,,,,,
442,Alami,"Daun pakis loggiho, segar",Per 100 g BDD (Berat Dapat Dimakan),Berat Dapat Dimakan (70%),54 kkal,3.60 g,0 mcg,0.40 mg,0.30 mg,0.20 mg,8 mg,3.10 g,2.20 g,2.10 g,40 mg,80 mg,70 mg,500 mg,400 mcg,0.70 mg,0.10 mg,167.50 mcg,,89.50 g,1.60 g,,,,,,,,,,,,,
443,Alami,"Daun pakis wambateu, segar",Per 100 g BDD (Berat Dapat Dimakan),Berat Dapat Dimakan (70%),53 kkal,1.20 g,0 mcg,0.70 mg,0.20 mg,0.30 mg,6 mg,7.20 g,3.40 g,4.80 g,30 mg,100 mg,20 mg,200 mg,200 mcg,0.30 mg,0.30 mg,191.20 mcg,,86.90 g,1.30 g,,,,,,,,,,,,,
444,Alami,"Daun paku, segar",Per 100 g BDD (Berat Dapat Dimakan),Berat Dapat Dimakan (70%),29 kkal,0.10 g,0 mcg,0.20 mg,0.10 mg,11.70 mg,10 mg,6.50 g,3.40 g,4.30 g,13 mg,88 mg,19 mg,434 mg,500 mcg,1.30 mg,0.70 mg,18 mcg,,88.80 g,1.20 g,,,,,,,,,,,,,
445,Alami,"Daun pangi, segar",Per 100 g BDD (Berat Dapat Dimakan),Berat Dapat Dimakan (90%),104 kkal,0.60 g,0 mcg,0.40 mg,0.10 mg,0.10 mg,23 mg,17.90 g,3.90 g,8.30 g,256 mg,22 mg,4 mg,266 mg,1700 mcg,1.80 mg,0.50 mg,54.90 mcg,,76.10 g,1.50 g,,,,,,,,,,,,,
446,Alami,"Daun pare, segar",Per 100 g BDD (Berat Dapat Dimakan),,49 kkal,1 g,0 mcg,0.40 mg,0.20 mg,0.60 mg,7 mg,8.40 g,2.70 g,3 g,217 mg,70 mg,7 mg,498 mg,400 mcg,3.30 mg,1.20 mg,1800 mcg,,87.30 g,1.60 g,,,,,,,,,,,,,
447,Alami,"Daun pepaya, segar",Per 100 g BDD (Berat Dapat Dimakan),Berat Dapat Dimakan (71%),87 kkal,2 g,0 mcg,0.15 mg,0.50 mg,1.90 mg,140 mg,11.90 g,8 g,1.50 g,353 mg,63 mg,4 mg,926.60 mg,200 mcg,0.80 mg,1.50 mg,5409 mcg,,75.40 g,2.70 g,,,,,,,,,,,,,
448,Alami,"Daun pohpohan, segar",Per 100 g BDD (Berat Dapat Dimakan),Berat Dapat Dimakan (69%),37 kkal,0.80 g,0 mcg,0.03 mg,0 mg,0 mg,5 mg,6.90 g,2.50 g,2.60 g,744 mg,80 mg,0 mg,0 mg,0 mcg,5.90 mg,0 mg,0 mcg,,87.40 g,2.40 g,,,,,,,,,,,,,
449,Alami,"Daun selasih, segar",Per 100 g BDD (Berat Dapat Dimakan),Berat Dapat Dimakan (53%),62 kkal,0.50 g,0 mcg,0.50 mg,0.10 mg,0.20 mg,24 mg,10.50 g,4 g,5.30 g,122 mg,16 mg,3 mg,259 mg,400 mcg,13.90 mg,0.70 mg,4112 mcg,,83.10 g,1.90 g,,,,,,,,,,,,,
450,Alami,"Daun semanggi, segar",Per 100 g BDD (Berat Dapat Dimakan),Berat Dapat Dimakan (90%),45 kkal,0.50 g,0 mcg,0.01 mg,0.50 mg,0.70 mg,6 mg,8.50 g,4.40 g,1.90 g,98 mg,90 mg,64 mg,520.70 mg,500 mcg,7 mg,0.30 mg,64 mcg,,84.70 g,1.90 g,,,,,,,,,,,,,
451,Alami,"Daun simpur, segar",Per 100 g BDD (Berat Dapat Dimakan),Berat Dapat Dimakan (100%),53 kkal,2.50 g,0 mcg,0.02 mg,0 mg,0 mg,5 mg,7.60 g,3.20 g,1.60 g,228 mg,194 mg,0 mg,0 mg,0 mcg,3.50 mg,0 mg,0 mcg,,86.20 g,0.90 g,,,,,,,,,,,,,
452,Alami,"Daun singkil, segar",Per 100 g BDD (Berat Dapat Dimakan),Berat Dapat Dimakan (70%),68 kkal,1 g,0 mcg,0.02 mg,0 mg,0 mg,3 mg,15.20 g,2 g,3.30 g,178 mg,86 mg,0 mg,0 mg,0 mcg,2.10 mg,0 mg,0 mcg,,80.90 g,0.90 g,,,,,,,,,,,,,
453,Alami,"Daun singkong, segar",Per 100 g BDD (Berat Dapat Dimakan),Berat Dapat Dimakan (87%),50 kkal,1.10 g,0 mcg,0.04 mg,0.10 mg,1.80 mg,103 mg,7.10 g,6.20 g,2.40 g,166 mg,99 mg,17 mg,23.10 mg,100 mcg,1.30 mg,2 mg,3204 mcg,,84.40 g,1.20 g,,,,,,,,,,,,,
454,Alami,"Daun singkong ambon, segar",Per 100 g BDD (Berat Dapat Dimakan),Berat Dapat Dimakan (87%),144 kkal,1.20 g,0 mcg,0.21 mg,1 mg,4.20 mg,220 mg,25.20 g,12.70 g,10.20 g,165 mg,54 mg,44 mg,62.20 mg,200 mcg,3.90 mg,5.40 mg,8627 mcg,,58 g,2.90 g,,,,,,,,,,,,,
455,Alami,"Daun singkong ampenan, segar",Per 100 g BDD (Berat Dapat Dimakan),Berat Dapat Dimakan (87%),50 kkal,1.10 g,0 mcg,0.50 mg,0.10 mg,1.60 mg,103 mg,7.10 g,6.20 g,2.40 g,352 mg,123 mg,49 mg,570 mg,200 mcg,2.70 mg,1.30 mg,7917 mcg,,84.40 g,1.20 g,,,,,,,,,,,,,
456,Alami,"Daun singkong kopang, segar",Per 100 g BDD (Berat Dapat Dimakan),Berat Dapat Dimakan (87%),74 kkal,0.70 g,0 mcg,0.50 mg,0.50 mg,1.90 mg,211 mg,10.70 g,6.30 g,4.60 g,142 mg,115 mg,32 mg,382 mg,200 mcg,1.70 mg,1.50 mg,3882 mcg,,81.10 g,1.20 g,,,,,,,,,,,,,
457,Alami,"Daun sintrong, segar",Per 100 g BDD (Berat Dapat Dimakan),Berat Dapat Dimakan (94%),36 kkal,0.90 g,0 mcg,0.03 mg,0.20 mg,0.90 mg,3 mg,6.10 g,2.60 g,1.70 g,398 mg,95 mg,64 mg,444.40 mg,100 mcg,9.30 mg,0.40 mg,10178 mcg,,88.50 g,1.90 g,,,,,,,,,,,,,
458,Alami,"Daun talas, segar",Per 100 g BDD (Berat Dapat Dimakan),Berat Dapat Dimakan (80%),59 kkal,0.40 g,0 mcg,0.07 mg,0.60 mg,2 mg,24 mg,13.50 g,3 g,3 g,236 mg,50 mg,4 mg,854.10 mg,400 mcg,2.40 mg,0.50 mg,3816 mcg,,81.10 g,2 g,,,,,,,,,,,,,
459,Alami,"Daun Tespong, segar",Per 100 g BDD (Berat Dapat Dimakan),Berat Dapat Dimakan (60%),70 kkal,0.30 g,0 mcg,0.05 mg,0.70 mg,1.40 mg,21 mg,13.90 g,2.90 g,2.30 g,155 mg,65 mg,72 mg,0 mg,150 mcg,2.50 mg,0.90 mg,171 mcg,,81 g,1.90 g,,,,,,,,,,,,,
460,Alami,"Daun ubi kuning, segar",Per 100 g BDD (Berat Dapat Dimakan),Berat Dapat Dimakan (75%),62 kkal,0.30 g,0 mcg,0.30 mg,0.30 mg,1.20 mg,4 mg,11.10 g,3.70 g,6.40 g,170 mg,40 mg,10 mg,0 mg,200 mcg,0.60 mg,0.50 mg,3564 mcg,,83.50 g,1.40 g,,,,,,,,,,,,,
461,Alami,"Daun ubi merah, segar",Per 100 g BDD (Berat Dapat Dimakan),Berat Dapat Dimakan (75%),48 kkal,0.30 g,0 mcg,0.10 mg,0.20 mg,1.20 mg,27 mg,10.80 g,3 g,1.40 g,80 mg,81 mg,33 mg,517.30 mg,0 mcg,6.40 mg,0.40 mg,5453 mcg,,84.40 g,1.50 g,,,,,,,,,,,,,
462,Alami,"Daun ubi putih, segar",Per 100 g BDD (Berat Dapat Dimakan),Berat Dapat Dimakan (75%),46 kkal,0.20 g,0 mcg,0.30 mg,0.30 mg,0.90 mg,8 mg,8.20 g,2.80 g,4.80 g,120 mg,50 mg,10 mg,0 mg,200 mcg,0.80 mg,0.50 mg,103 mcg,,87.50 g,1.30 g,,,,,,,,,,,,,
463,Alami,"Daun ubi tinta, segar",Per 100 g BDD (Berat Dapat Dimakan),Berat Dapat Dimakan (75%),55 kkal,0.10 g,0 mcg,0.20 mg,0 mg,0 mg,7 mg,11.90 g,1.70 g,7.60 g,120 mg,40 mg,10 mg,0 mg,200 mcg,0.60 mg,0.50 mg,516 mcg,,85.10 g,1.20 g,,,,,,,,,,,,,
464,Alami,"Eceng, segar",Per 100 g BDD (Berat Dapat Dimakan),Berat Dapat Dimakan (70%),19 kkal,0.20 g,0 mcg,0.08 mg,0.10 mg,0.70 mg,50 mg,3.80 g,1 g,1.80 g,80 mg,45 mg,45 mg,634.10 mg,0 mcg,3.70 mg,0 mg,7 mcg,,93 g,2 g,,,,,,,,,,,,,
465,Alami,"Gambas (oyong), segar",Per 100 g BDD (Berat Dapat Dimakan),Berat Dapat Dimakan (86%),19 kkal,0.20 g,0 mcg,0.03 mg,0 mg,0.40 mg,8 mg,4.10 g,0.80 g,1.30 g,19 mg,33 mg,23 mg,109.10 mg,0 mcg,0.90 mg,0.10 mg,17 mcg,,94.50 g,0.40 g,,,,,,,,,,,,,
466,Alami,"Genjer, segar",Per 100 g BDD (Berat Dapat Dimakan),Berat Dapat Dimakan (70%),35 kkal,0.20 g,0 mcg,0.07 mg,0.10 mg,1.10 mg,54 mg,7.70 g,1.70 g,2.50 g,62 mg,33 mg,64 mg,905.80 mg,0 mcg,2.10 mg,0 mg,0 mcg,,90 g,0.40 g,,,,,,,,,,,,,
467,Alami,"Jagung muda / semi, segar",Per 100 g BDD (Berat Dapat Dimakan),Berat Dapat Dimakan (100%),35 kkal,0.10 g,0 mcg,0.08 mg,0.16 mg,0.90 mg,8 mg,7.40 g,2.20 g,1.90 g,7 mg,100 mg,353 mg,230.20 mg,100 mcg,0.50 mg,0.80 mg,23 mcg,,89.50 g,0.80 g,,,,,,,,,,,,,
468,Alami,Jamur encik,Per 100 g BDD (Berat Dapat Dimakan),Berat Dapat Dimakan (95%),296 kkal,0.10 g,0 mcg,1.10 mg,0.10 mg,0 mg,0 mg,62 g,9.40 g,0 g,5 mg,277 mg,2 mg,0 mg,200 mcg,5.30 mg,3.10 mg,0 mcg,,24.80 g,2.70 g,,,,,,,,,,,,,
469,Alami,Jamur kuping kering,Per 100 g BDD (Berat Dapat Dimakan),Berat Dapat Dimakan (100%),294 kkal,0.90 g,0 mcg,0.11 mg,0.60 mg,2.70 mg,0 mg,64.60 g,16 g,46.50 g,51 mg,223 mg,174 mg,726.10 mg,290 mcg,6.70 mg,5.50 mg,11 mcg,,14.90 g,3.60 g,,,,,,,,,,,,,
470,Alami,Jamur kuping segar,Per 100 g BDD (Berat Dapat Dimakan),Berat Dapat Dimakan (100%),21 kkal,0.60 g,0 mcg,0.10 mg,0.09 mg,0.10 mg,5 mg,0.90 g,3.80 g,5.10 g,3 mg,94 mg,17 mg,33.40 mg,190 mcg,1.70 mg,0.10 mg,1 mcg,,93.70 g,1 g,,,,,,,,,,,,,
471,Alami,"Jamur merang, segar",Per 100 g BDD (Berat Dapat Dimakan),Berat Dapat Dimakan (100%),30 kkal,0.20 g,0 mcg,0.02 mg,0.20 mg,0.50 mg,0 mg,4 g,2.50 g,2.40 g,14 mg,117 mg,6 mg,300 mg,300 mcg,1 mg,0.80 mg,0 mcg,,91.50 g,0.80 g,,,,,,,,,,,,,
472,Alami,"Jamur tiram, segar",Per 100 g BDD (Berat Dapat Dimakan),Berat Dapat Dimakan (100%),30 kkal,0.10 g,0 mcg,0.30 mg,0.20 mg,1 mg,0 mg,5.50 g,1.90 g,3.60 g,9 mg,83 mg,22 mg,226 mg,0 mcg,0.70 mg,0.80 mg,0 mcg,,92.50 g,0.60 g,,,,,,,,,,,,,
473,Alami,Jamur sagu,Per 100 g BDD (Berat Dapat Dimakan),Berat Dapat Dimakan (95%),48 kkal,3.20 g,0 mcg,0.20 mg,0.20 mg,6.50 mg,0 mg,2.80 g,1.90 g,1 g,10 mg,90 mg,100 mg,440 mg,600 mcg,0.60 mg,0.60 mg,0 mcg,,91.30 g,0.80 g,,,,,,,,,,,,,
474,Alami,Jantung pisang segar,Per 100 g BDD (Berat Dapat Dimakan),Berat Dapat Dimakan (25%),32 kkal,0.30 g,0 mcg,0.05 mg,0.05 mg,0.80 mg,10 mg,7.10 g,1.20 g,3.20 g,30 mg,50 mg,3 mg,524 mg,90 mcg,0.10 mg,0.30 mg,201 mcg,,90.20 g,1.20 g,,,,,,,,,,,,,
475,Alami,"Jengkol, segar",Per 100 g BDD (Berat Dapat Dimakan),Berat Dapat Dimakan (95%),192 kkal,0.30 g,0 mcg,0.05 mg,0.20 mg,0.50 mg,31 mg,40.70 g,5.40 g,1.50 g,4 mg,150 mg,60 mg,241 mg,300 mcg,0.70 mg,0.60 mg,0 mcg,,52.70 g,0.90 g,,,,,,,,,,,,,
476,Alami,"Jotang, segar",Per 100 g BDD (Berat Dapat Dimakan),Berat Dapat Dimakan (70%),34 kkal,0.30 g,0 mcg,0.03 mg,0 mg,0.40 mg,20 mg,7.10 g,1.90 g,3.50 g,162 mg,41 mg,59 mg,388.50 mg,300 mcg,4 mg,1.20 mg,2 mcg,,89 g,1.70 g,,,,,,,,,,,,,
477,Alami,"Kabau, segar",Per 100 g BDD (Berat Dapat Dimakan),Berat Dapat Dimakan (95%),130 kkal,0.30 g,0 mcg,0.80 mg,0.10 mg,0.30 mg,16 mg,25.20 g,6.70 g,2.90 g,4 mg,204 mg,1 mg,397.80 mg,200 mcg,0.50 mg,0.50 mg,165 mcg,,67.20 g,0.60 g,,,,,,,,,,,,,
478,Alami,"Kacang mekah, polong, segar",Per 100 g BDD (Berat Dapat Dimakan),Berat Dapat Dimakan (91%),22 kkal,1 g,0 mcg,0.02 mg,0 mg,0.40 mg,0 mg,3.40 g,1.10 g,1.10 g,63 mg,296 mg,2 mg,69.20 mg,300 mcg,1 mg,0 mg,197 mcg,,93.60 g,0.90 g,,,,,,,,,,,,,
479,Alami,"Kacang panjang, segar",Per 100 g BDD (Berat Dapat Dimakan),Berat Dapat Dimakan (92%),31 kkal,0.10 g,0 mcg,0.70 mg,0.10 mg,0.30 mg,46 mg,5.30 g,2.30 g,2.70 g,60 mg,64 mg,30 mg,213 mg,100 mcg,0.60 mg,0.50 mg,125 mcg,,91.80 g,0.50 g,,,,,,,,,,,,,
480,Alami,Kacang ranti polong,Per 100 g BDD (Berat Dapat Dimakan),Berat Dapat Dimakan (83%),37 kkal,0.20 g,0 mcg,0.02 mg,0 mg,0 mg,6 mg,7.90 g,3.10 g,2.50 g,103 mg,126 mg,0 mg,0 mg,0 mcg,0.80 mg,0 mg,0 mcg,,88.50 g,0.30 g,,,,,,,,,,,,,
481,Alami,"Kalakai, segar",Per 100 g BDD (Berat Dapat Dimakan),Berat Dapat Dimakan (70%),38 kkal,0.20 g,0 mcg,0.30 mg,0.10 mg,0 mg,8 mg,6.60 g,2.40 g,5.80 g,18 mg,90 mg,7 mg,443 mg,400 mcg,1.10 mg,0.90 mg,44 mcg,,89.90 g,0.90 g,,,,,,,,,,,,,
482,Alami,"Kangkung, segar",Per 100 g BDD (Berat Dapat Dimakan),Berat Dapat Dimakan (60%),28 kkal,0.70 g,0 mcg,0.07 mg,0.36 mg,2 mg,17 mg,3.90 g,3.40 g,2 g,67 mg,54 mg,65 mg,250.10 mg,130 mcg,2.30 mg,0.40 mg,2868 mcg,,91 g,1 g,,,,,,,,,,,,,
483,Alami,Kangkung tondano,Per 100 g BDD (Berat Dapat Dimakan),Berat Dapat Dimakan (60%),43 kkal,0.20 g,0 mcg,0.80 mg,0.10 mg,1.10 mg,23 mg,8.40 g,1.80 g,4.30 g,72 mg,9 mg,30 mg,361 mg,300 mcg,0.70 mg,0.40 mg,2741 mcg,,88.50 g,1.10 g,,,,,,,,,,,,,
484,Alami,"Kapri muda, segar",Per 100 g BDD (Berat Dapat Dimakan),Berat Dapat Dimakan (80%),45 kkal,0.20 g,0 mcg,0.20 mg,0.10 mg,0.90 mg,49 mg,9 g,3.30 g,1.80 g,51 mg,85 mg,2 mg,118.40 mg,90 mcg,0.10 mg,0.70 mg,71 mcg,,86.80 g,0.70 g,,,,,,,,,,,,,
485,Alami,Karawila,Per 100 g BDD (Berat Dapat Dimakan),Berat Dapat Dimakan (80%),25 kkal,0.20 g,0 mcg,0.10 mg,0.10 mg,0.40 mg,39 mg,3.50 g,2.30 g,2.10 g,25 mg,67 mg,8 mg,88.40 mg,80 mcg,0.30 mg,0.30 mg,21 mcg,,93.70 g,0.30 g,,,,,,,,,,,,,
486,Alami,"Kecipir muda, segar",Per 100 g BDD (Berat Dapat Dimakan),Berat Dapat Dimakan (96%),32 kkal,0.20 g,0 mcg,0.24 mg,0.11 mg,0.70 mg,19 mg,5.80 g,2.90 g,5.50 g,63 mg,37 mg,3 mg,103.80 mg,180 mcg,0.30 mg,0.40 mg,261 mcg,,90.40 g,0.70 g,,,,,,,,,,,,,
487,Alami,"Kecombrang, segar",Per 100 g BDD (Berat Dapat Dimakan),Berat Dapat Dimakan (100%),34 kkal,1 g,0 mcg,0 mg,0.02 mg,0.80 mg,0 mg,6.70 g,0.90 g,2.60 g,60 mg,16 mg,47 mg,650.60 mg,0 mcg,1 mg,0 mg,0 mcg,,90 g,1.40 g,,,,,,,,,,,,,
488,Alami,"Kelawi, kluwih, segar",Per 100 g BDD (Berat Dapat Dimakan),Berat Dapat Dimakan (77%),118 kkal,0.30 g,0 mcg,0.10 mg,0.03 mg,0.90 mg,19 mg,27.20 g,1.50 g,5 g,28 mg,32 mg,2 mg,500.90 mg,90 mcg,0.90 mg,0.10 mg,0 mcg,,70 g,1 g,,,,,,,,,,,,,
489,Alami,"Kembang turi, segar",Per 100 g BDD (Berat Dapat Dimakan),Berat Dapat Dimakan (83%),51 kkal,0.60 g,0 mcg,0.13 mg,0.12 mg,0.60 mg,41 mg,9.60 g,1.80 g,5 g,23 mg,29 mg,22 mg,275.30 mg,150 mcg,0.90 mg,0.90 mg,201 mcg,,87.40 g,0.60 g,,,,,,,,,,,,,
490,Alami,"Kerokot, segar",Per 100 g BDD (Berat Dapat Dimakan),Berat Dapat Dimakan (80%),26 kkal,0.40 g,0 mcg,0.03 mg,0.09 mg,0.20 mg,25 mg,3.80 g,1.70 g,1 g,103 mg,39 mg,4 mg,240.50 mg,230 mcg,3.60 mg,0.90 mg,0 mcg,,93 g,1.10 g,,,,,,,,,,,,,
491,Alami,"Ketimun, mentimun, timun, segar",Per 100 g BDD (Berat Dapat Dimakan),Berat Dapat Dimakan (55%),8 kkal,0.20 g,0 mcg,0.01 mg,0.02 mg,0.10 mg,1 mg,1.40 g,0.20 g,0.30 g,29 mg,95 mg,2 mg,57.10 mg,20 mcg,0.80 mg,0.10 mg,18 mcg,,97.90 g,0.30 g,,,,,,,,,,,,,
492,Alami,"Ketimun krai, segar",Per 100 g BDD (Berat Dapat Dimakan),Berat Dapat Dimakan (82%),10 kkal,0.20 g,0 mcg,0.02 mg,0.03 mg,0.10 mg,3 mg,2 g,0.50 g,0.60 g,20 mg,98 mg,10 mg,82.10 mg,30 mcg,1 mg,0.10 mg,19 mcg,,96.80 g,0.50 g,,,,,,,,,,,,,
493,Alami,"Ketimun madura, segar",Per 100 g BDD (Berat Dapat Dimakan),Berat Dapat Dimakan (89%),9 kkal,0.10 g,0 mcg,0.02 mg,0.02 mg,0.10 mg,5 mg,1.90 g,0.50 g,0.70 g,15 mg,102 mg,2 mg,78.90 mg,20 mcg,0.60 mg,0.10 mg,25 mcg,,97.10 g,0.40 g,,,,,,,,,,,,,
494,Alami,"Komak, segar",Per 100 g BDD (Berat Dapat Dimakan),Berat Dapat Dimakan (80%),99 kkal,0.10 g,0 mcg,0 mg,0.19 mg,0.10 mg,0 mg,21.20 g,3.30 g,10.30 g,50 mg,99 mg,15 mg,567 mg,200 mcg,13.10 mg,0.60 mg,5 mcg,,74.30 g,1.10 g,,,,,,,,,,,,,
495,Alami,Kembang Kol,Per 100 g BDD (Berat Dapat Dimakan),Berat Dapat Dimakan (57%),25 kkal,0.20 g,0 mcg,0.11 mg,0.09 mg,0.60 mg,69 mg,4.90 g,2.40 g,1.60 g,22 mg,72 mg,47 mg,187 mg,40 mcg,1.10 mg,0.30 mg,24 mcg,,91.70 g,0.80 g,,,,,,,,,,,,,
496,Alami,"Kool merah, kool putih",Per 100 g BDD (Berat Dapat Dimakan),Berat Dapat Dimakan (75%),29 kkal,0.20 g,0 mcg,0.06 mg,0.07 mg,0.30 mg,50 mg,5.30 g,1.40 g,1.90 g,46 mg,31 mg,28 mg,236.80 mg,290 mcg,0.50 mg,0.30 mg,46 mcg,,92.40 g,0.90 g,,,,,,,,,,,,,
497,Alami,Koro kerupuk polong,Per 100 g BDD (Berat Dapat Dimakan),Berat Dapat Dimakan (68%),128 kkal,0.70 g,0 mcg,0.11 mg,0 mg,0 mg,31 mg,22.10 g,8.30 g,0 g,17 mg,12 mg,0 mg,0 mg,0 mcg,2.70 mg,0 mg,0 mcg,,67.20 g,1.70 g,,,,,,,,,,,,,
498,Alami,Koro wedus / polong,Per 100 g BDD (Berat Dapat Dimakan),Berat Dapat Dimakan (70%),46 kkal,0.30 g,0 mcg,0.09 mg,0.09 mg,0.50 mg,17 mg,7.90 g,3 g,3.30 g,56 mg,47 mg,2 mg,249.30 mg,90 mcg,1.10 mg,0.40 mg,66 mcg,,88 g,0.80 g,,,,,,,,,,,,,
499,Alami,"Kucai, segar",Per 100 g BDD (Berat Dapat Dimakan),Berat Dapat Dimakan (52%),45 kkal,0.30 g,0 mcg,0.11 mg,0.20 mg,1.80 mg,17 mg,10.30 g,2.20 g,4.80 g,52 mg,50 mg,21 mg,439.50 mg,110 mcg,1.10 mg,0.50 mg,2685 mcg,,86.30 g,0.90 g,,,,,,,,,,,,,
500,Alami,"Kucai muda (lokio), segar",Per 100 g BDD (Berat Dapat Dimakan),Berat Dapat Dimakan (100%),42 kkal,0.60 g,0 mcg,0.11 mg,0.20 mg,1.80 mg,59 mg,7.80 g,3.80 g,4.90 g,76 mg,91 mg,22 mg,449.10 mg,110 mcg,2.50 mg,0.50 mg,2744 mcg,,86 g,1.80 g,,,,,,,,,,,,,
501,Alami,Kulit melinjo,Per 100 g BDD (Berat Dapat Dimakan),Berat Dapat Dimakan (100%),111 kkal,1.10 g,0 mcg,0.07 mg,0 mg,0 mg,7 mg,20.70 g,4.50 g,5 g,117 mg,179 mg,0 mg,0 mg,0 mcg,2.60 mg,0 mg,0 mcg,,71.90 g,1.80 g,,,,,,,,,,,,,
502,Alami,"Kundur, segar",Per 100 g BDD (Berat Dapat Dimakan),Berat Dapat Dimakan (57%),22 kkal,0.20 g,0 mcg,0.10 mg,0.03 mg,0.40 mg,1 mg,4.70 g,0.40 g,1.30 g,3 mg,54 mg,2 mg,200 mg,100 mcg,0.50 mg,0.30 mg,7 mcg,,94 g,0.70 g,,,,,,,,,,,,,
503,Alami,"Labu air, segar",Per 100 g BDD (Berat Dapat Dimakan),Berat Dapat Dimakan (80%),19 kkal,0.20 g,0 mcg,0.04 mg,0.02 mg,0.40 mg,10 mg,3.80 g,0.60 g,0.60 g,12 mg,18 mg,2 mg,168.20 mg,30 mcg,0.60 mg,0.80 mg,11 mcg,,95 g,0.40 g,,,,,,,,,,,,,
504,Alami,"Labu kuning, segar",Per 100 g BDD (Berat Dapat Dimakan),Berat Dapat Dimakan (74%),51 kkal,0.50 g,0 mcg,0.20 mg,0 mg,0.10 mg,2 mg,10 g,1.70 g,2.70 g,40 mg,180 mg,280 mg,220 mg,350 mcg,0.70 mg,1.50 mg,1569 mcg,,86.60 g,1.20 g,,,,,,,,,,,,,
505,Alami,"Labu siam, segar",Per 100 g BDD (Berat Dapat Dimakan),Berat Dapat Dimakan (83%),30 kkal,0.10 g,0 mcg,0.02 mg,0 mg,0.60 mg,18 mg,6.70 g,0.60 g,6.20 g,14 mg,25 mg,3 mg,167.10 mg,160 mcg,0.50 mg,1 mg,48 mcg,,92.30 g,0.30 g,,,,,,,,,,,,,
506,Alami,"Labu waluh, segar",Per 100 g BDD (Berat Dapat Dimakan),Berat Dapat Dimakan (77%),32 kkal,0.10 g,0 mcg,0.08 mg,0.12 mg,0.60 mg,52 mg,6.60 g,1.10 g,0.50 g,45 mg,64 mg,1 mg,356.20 mg,130 mcg,1.40 mg,0.30 mg,712 mcg,,91.20 g,1 g,,,,,,,,,,,,,
507,Alami,"Lantar, segar",Per 100 g BDD (Berat Dapat Dimakan),,34 kkal,0.30 g,0 mcg,0.30 mg,0.07 mg,0.40 mg,4 mg,5.50 g,2.20 g,2.90 g,10 mg,58 mg,3 mg,155 mg,200 mcg,0.40 mg,0.40 mg,38 mcg,,91.20 g,0.80 g,,,,,,,,,,,,,
508,Alami,"Lobak, segar",Per 100 g BDD (Berat Dapat Dimakan),Berat Dapat Dimakan (87%),21 kkal,0.10 g,0 mcg,0.03 mg,0.04 mg,0.30 mg,32 mg,4.20 g,0.90 g,1.40 g,35 mg,26 mg,49 mg,109.30 mg,30 mcg,0.60 mg,0.20 mg,0 mcg,,94.10 g,0.70 g,,,,,,,,,,,,,
509,Alami,"Lumai / leunca, segar",Per 100 g BDD (Berat Dapat Dimakan),Berat Dapat Dimakan (95%),38 kkal,0.30 g,0 mcg,0.20 mg,0.10 mg,0.60 mg,17 mg,7.60 g,1.10 g,2 g,7 mg,55 mg,2 mg,0 mg,100 mcg,1 mg,0.30 mg,25 mcg,,90.50 g,0.50 g,,,,,,,,,,,,,
510,Alami,Melinjo segar,Per 100 g BDD (Berat Dapat Dimakan),Berat Dapat Dimakan (60%),66 kkal,0.70 g,0 mcg,0.10 mg,0 mg,0 mg,100 mg,13.30 g,5 g,0 g,163 mg,75 mg,0 mg,0 mg,0 mcg,2.80 mg,0 mg,0 mcg,,80 g,1 g,,,,,,,,,,,,,
511,Alami,Mostarda metan-sawi,Per 100 g BDD (Berat Dapat Dimakan),Berat Dapat Dimakan (85%),33 kkal,0.50 g,0 mcg,0.20 mg,0.10 mg,0.10 mg,12 mg,4.70 g,2.30 g,1.80 g,60 mg,30 mg,20 mg,100 mg,100 mcg,3.10 mg,0.40 mg,1575 mcg,,91.40 g,1.10 g,,,,,,,,,,,,,
512,Alami,"Nangka muda, segar",Per 100 g BDD (Berat Dapat Dimakan),Berat Dapat Dimakan (80%),57 kkal,0.40 g,0 mcg,0.07 mg,0.06 mg,0.70 mg,9 mg,11.30 g,2 g,8.30 g,45 mg,29 mg,1 mg,246.50 mg,40 mcg,0.50 mg,0.10 mg,21 mcg,,85.40 g,0.90 g,,,,,,,,,,,,,
513,Alami,"Paria putih, segar",Per 100 g BDD (Berat Dapat Dimakan),Berat Dapat Dimakan (80%),19 kkal,0.40 g,0 mcg,0.18 mg,0.04 mg,0.40 mg,58 mg,3.60 g,1 g,1.30 g,31 mg,65 mg,5 mg,277.70 mg,30 mcg,0.90 mg,0.80 mg,197 mcg,,94.40 g,0.60 g,,,,,,,,,,,,,
514,Alami,"Pepare ular, segar",Per 100 g BDD (Berat Dapat Dimakan),Berat Dapat Dimakan (97%),19 kkal,0.10 g,0 mcg,0.10 mg,0.10 mg,0.10 mg,9 mg,3.90 g,0.60 g,1 g,20 mg,10 mg,130 mg,30 mg,100 mcg,0.40 mg,0.10 mg,69 mcg,,95.10 g,0.30 g,,,,,,,,,,,,,
515,Alami,"Pepaya muda, segar",Per 100 g BDD (Berat Dapat Dimakan),Berat Dapat Dimakan (65%),29 kkal,0.10 g,0 mcg,0.02 mg,0.03 mg,0.30 mg,19 mg,4.90 g,2.10 g,2.10 g,50 mg,16 mg,22 mg,211.20 mg,10 mcg,0.40 mg,0 mg,0 mcg,,92.30 g,0.60 g,,,,,,,,,,,,,
516,Alami,"Petai, segar",Per 100 g BDD (Berat Dapat Dimakan),Berat Dapat Dimakan (36%),92 kkal,1.10 g,0 mcg,0.80 mg,0.10 mg,6.10 mg,34 mg,15.20 g,5.40 g,2 g,14 mg,170 mg,55 mg,221 mg,200 mcg,1.60 mg,0.80 mg,114 mcg,,77.20 g,1.10 g,,,,,,,,,,,,,
517,Alami,"Peterseli, segar",Per 100 g BDD (Berat Dapat Dimakan),Berat Dapat Dimakan (95%),53 kkal,1 g,0 mcg,0.11 mg,0.29 mg,0.70 mg,193 mg,9 g,3.70 g,0 g,193 mg,84 mg,18 mg,1125.60 mg,200 mcg,4.30 mg,1.40 mg,2940 mcg,,83.90 g,2.40 g,,,,,,,,,,,,,
518,Alami,"Pucuk lumai / daun leunca, segar",Per 100 g BDD (Berat Dapat Dimakan),Berat Dapat Dimakan (70%),33 kkal,0.40 g,0 mcg,0.50 mg,0.10 mg,0 mg,41 mg,2.80 g,4.50 g,0 g,13 mg,75 mg,2 mg,0 mg,200 mcg,2.90 mg,0.60 mg,0 mcg,,91 g,1.30 g,,,,,,,,,,,,,
519,Alami,"Putri malu, segar",Per 100 g BDD (Berat Dapat Dimakan),,76 kkal,0.30 g,0 mcg,0.60 mg,0.60 mg,0 mg,6 mg,14.60 g,3.60 g,7.10 g,119 mg,84 mg,1 mg,631 mg,600 mcg,3.30 mg,1.40 mg,4762 mcg,,80.20 g,1.30 g,,,,,,,,,,,,,
520,Alami,"Rebung, segar",Per 100 g BDD (Berat Dapat Dimakan),Berat Dapat Dimakan (28%),25 kkal,0.10 g,0 mcg,0.20 mg,0.07 mg,0.50 mg,0 mg,5.30 g,0.80 g,9.70 g,3 mg,5 mg,3 mg,206 mg,100 mcg,0.50 mg,0.40 mg,10 mcg,,93.30 g,0.50 g,,,,,,,,,,,,,
521,Alami,"Rimbang, segar",Per 100 g BDD (Berat Dapat Dimakan),Berat Dapat Dimakan (95%),75 kkal,0.60 g,0 mcg,0.40 mg,0.10 mg,1.30 mg,38 mg,15.80 g,1.60 g,10 g,55 mg,97 mg,20 mg,234 mg,400 mcg,0.60 mg,0.40 mg,51 mcg,,80.80 g,1.20 g,,,,,,,,,,,,,
522,Alami,Rumput laut,Per 100 g BDD (Berat Dapat Dimakan),Berat Dapat Dimakan (100%),41 kkal,0.30 g,0 mcg,0.20 mg,0 mg,0.10 mg,7 mg,8.10 g,1.40 g,2.20 g,80 mg,20 mg,150 mg,380 mg,200 mcg,1.60 mg,0.40 mg,1958 mcg,,87 g,3.20 g,,,,,,,,,,,,,
523,Alami,"Sawi hijau, segar",Per 100 g BDD (Berat Dapat Dimakan),Berat Dapat Dimakan (87%),28 kkal,0.30 g,0 mcg,0.09 mg,0.23 mg,0.70 mg,102 mg,4 g,2.30 g,2.50 g,220 mg,38 mg,22 mg,436.50 mg,120 mcg,2.90 mg,0.20 mg,2042 mcg,,92.20 g,1.20 g,,,,,,,,,,,,,
524,Alami,"Sawi putih / pecai, segar",Per 100 g BDD (Berat Dapat Dimakan),Berat Dapat Dimakan (79%),9 kkal,0.10 g,0 mcg,0.05 mg,0.18 mg,0.40 mg,3 mg,1.70 g,1 g,0.80 g,56 mg,42 mg,5 mg,193.10 mg,50 mcg,1.10 mg,0.10 mg,862 mcg,,96.60 g,0.60 g,,,,,,,,,,,,,
525,Alami,"Sawi taiwan, segar",Per 100 g BDD (Berat Dapat Dimakan),Berat Dapat Dimakan (85%),30 kkal,0.50 g,0 mcg,0.20 mg,0.10 mg,0.60 mg,33 mg,4.40 g,1.90 g,2.70 g,100 mg,58 mg,27 mg,217 mg,100 mcg,1.60 mg,0.70 mg,1340 mcg,,91.80 g,1.40 g,,,,,,,,,,,,,
526,Alami,"Sawi tanah, segar",Per 100 g BDD (Berat Dapat Dimakan),Berat Dapat Dimakan (85%),19 kkal,0.20 g,0 mcg,0.20 mg,0.10 mg,0.10 mg,36 mg,2.90 g,1.30 g,2.20 g,92 mg,45 mg,17 mg,145 mg,100 mcg,1.20 mg,0.40 mg,815 mcg,,94.90 g,1 g,,,,,,,,,,,,,
527,Alami,"Selada, segar",Per 100 g BDD (Berat Dapat Dimakan),Berat Dapat Dimakan (69%),18 kkal,0.20 g,0 mcg,0.04 mg,0.13 mg,0.40 mg,8 mg,2.90 g,1.20 g,1.80 g,22 mg,25 mg,19 mg,186.40 mg,30 mcg,0.50 mg,0.20 mg,1526 mcg,,94.80 g,0.90 g,,,,,,,,,,,,,
528,Alami,"Selada air,segar",Per 100 g BDD (Berat Dapat Dimakan),Berat Dapat Dimakan (70%),17 kkal,0.20 g,0 mcg,0.09 mg,0.14 mg,0.70 mg,56 mg,2.20 g,3.10 g,0.70 g,95 mg,152 mg,65 mg,260.70 mg,110 mcg,2.40 mg,0.20 mg,1230 mcg,,93.30 g,1.20 g,,,,,,,,,,,,,
529,Alami,"Seledri, segar",Per 100 g BDD (Berat Dapat Dimakan),Berat Dapat Dimakan (63%),23 kkal,0.10 g,0 mcg,0.03 mg,0.07 mg,0.40 mg,11 mg,4.60 g,1 g,2 g,50 mg,40 mg,64 mg,258.80 mg,80 mcg,1 mg,0.40 mg,63 mcg,,93 g,1.30 g,,,,,,,,,,,,,
530,Alami,"Taoge, segar",Per 100 g BDD (Berat Dapat Dimakan),Berat Dapat Dimakan (100%),34 kkal,1.20 g,0 mcg,0.09 mg,0.15 mg,1.10 mg,5 mg,4.30 g,3.70 g,1.10 g,166 mg,74 mg,19 mg,93.30 mg,160 mcg,0.80 mg,0.40 mg,41 mcg,,90.40 g,0.40 g,,,,,,,,,,,,,
531,Alami,"Taoge kacang kedelai, segar",Per 100 g BDD (Berat Dapat Dimakan),Berat Dapat Dimakan (100%),76 kkal,2.60 g,0 mcg,0.23 mg,0.19 mg,1.20 mg,15 mg,6.40 g,9 g,0.70 g,50 mg,65 mg,5 mg,212.40 mg,260 mcg,1 mg,0.70 mg,0 mcg,,81 g,1 g,,,,,,,,,,,,,
532,Alami,"Taoge kacang tunggak, segar",Per 100 g BDD (Berat Dapat Dimakan),Berat Dapat Dimakan (90%),40 kkal,0.20 g,0 mcg,0.07 mg,0.08 mg,0.80 mg,15 mg,5.80 g,5 g,2.60 g,57 mg,88 mg,2 mg,226.80 mg,70 mcg,1 mg,0.50 mg,299 mcg,,88 g,1 g,,,,,,,,,,,,,
533,Alami,"Tebu terubuk (lilin), segar",Per 100 g BDD (Berat Dapat Dimakan),Berat Dapat Dimakan (20%),30 kkal,0.40 g,0 mcg,0.08 mg,0.20 mg,1.20 mg,50 mg,3 g,4.60 g,0.80 g,40 mg,80 mg,699 mg,0 mg,200 mcg,2 mg,1.10 mg,12 mcg,,91 g,1 g,,,,,,,,,,,,,
534,Alami,"Tekokak, segar",Per 100 g BDD (Berat Dapat Dimakan),Berat Dapat Dimakan (95%),34 kkal,0.10 g,0 mcg,0.08 mg,0.05 mg,0.90 mg,8 mg,7.90 g,2 g,4.90 g,50 mg,30 mg,3 mg,333.30 mg,120 mcg,2 mg,0.20 mg,23 mcg,,89 g,1 g,,,,,,,,,,,,,
535,Alami,Tekokak kering,Per 100 g BDD (Berat Dapat Dimakan),Berat Dapat Dimakan (100%),302 kkal,1.70 g,0 mcg,0.40 mg,0.17 mg,5.10 mg,0 mg,72.60 g,8.30 g,21.20 g,370 mg,180 mg,9 mg,0 mg,1044200 mcg,22.20 mg,1 mg,187 mcg,,12.30 g,8.10 g,,,,,,,,,,,,,
536,Alami,"Terong, segar",Per 100 g BDD (Berat Dapat Dimakan),Berat Dapat Dimakan (100%),28 kkal,0.20 g,0 mcg,0.04 mg,0.03 mg,0.50 mg,5 mg,5.50 g,1.10 g,2.10 g,15 mg,37 mg,9 mg,187 mg,100 mcg,0.40 mg,0.10 mg,46 mcg,,92.70 g,0.50 g,,,,,,,,,,,,,
537,Alami,"Terong asam, segar",Per 100 g BDD (Berat Dapat Dimakan),,37 kkal,0.40 g,0 mcg,0.20 mg,0.10 mg,0.80 mg,4 mg,6.30 g,2 g,3.20 g,13 mg,59 mg,3 mg,155 mg,300 mcg,1.50 mg,0.30 mg,97 mcg,,90.50 g,0.80 g,,,,,,,,,,,,,
538,Alami,"Terung belanda, segar",Per 100 g BDD (Berat Dapat Dimakan),Berat Dapat Dimakan (100%),52 kkal,1.10 g,0 mcg,0.42 mg,0.06 mg,0 mg,12 mg,8.60 g,2.10 g,1.40 g,16 mg,40 mg,0 mg,0 mg,0 mcg,1.10 mg,0 mg,0 mcg,,87.30 g,1 g,,,,,,,,,,,,,
539,Alami,"Terung bengkulu, segar",Per 100 g BDD (Berat Dapat Dimakan),Berat Dapat Dimakan (100%),52 kkal,0.40 g,0 mcg,0.23 mg,0.04 mg,0 mg,6 mg,11.20 g,1.10 g,3.20 g,19 mg,39 mg,14 mg,0 mg,160 mcg,1.10 mg,1 mg,85 mcg,,86.60 g,0.80 g,,,,,,,,,,,,,
540,Alami,"Terong hintalo, segar",Per 100 g BDD (Berat Dapat Dimakan),,45 kkal,0.80 g,0 mcg,0.20 mg,0.40 mg,0 mg,4 mg,7.50 g,1.90 g,5.10 g,19 mg,268 mg,167 mg,142 mg,600 mcg,1 mg,0.20 mg,552 mcg,,89.20 g,0.60 g,,,,,,,,,,,,,
541,Alami,"Terung panjang, segar",Per 100 g BDD (Berat Dapat Dimakan),Berat Dapat Dimakan (100%),25 kkal,0.10 g,0 mcg,0.15 mg,0.06 mg,0.70 mg,8 mg,5.30 g,2.10 g,0.50 g,38 mg,24 mg,9 mg,53.70 mg,90 mcg,0.70 mg,0.20 mg,83 mcg,,91.80 g,0.70 g,,,,,,,,,,,,,
542,Alami,"Tomat, air (sari), segar",Per 100 g BDD (Berat Dapat Dimakan),Berat Dapat Dimakan (100%),20 kkal,0.20 g,0 mcg,0.05 mg,0.03 mg,0.70 mg,10 mg,3.50 g,1 g,0.40 g,7 mg,15 mg,10 mg,225.20 mg,60 mcg,0.40 mg,0.10 mg,266 mcg,,94 g,1.30 g,,,,,,,,,,,,,
543,Alami,"Tomat merah, segar",Per 100 g BDD (Berat Dapat Dimakan),Berat Dapat Dimakan (100%),24 kkal,0.50 g,0 mcg,0.06 mg,0.07 mg,0.40 mg,34 mg,4.70 g,1.30 g,1.50 g,8 mg,77 mg,10 mg,164.90 mg,140 mcg,0.60 mg,0.20 mg,575 mcg,,92.90 g,0.60 g,,,,,,,,,,,,,
544,Alami,"Tomat muda, segar",Per 100 g BDD (Berat Dapat Dimakan),Berat Dapat Dimakan (95%),24 kkal,0.70 g,0 mcg,0.07 mg,0.04 mg,0.70 mg,30 mg,3.30 g,2 g,1.80 g,5 mg,27 mg,10 mg,210 mg,70 mcg,0.50 mg,0.20 mg,384 mcg,,93 g,2 g,,,,,,,,,,,,,
545,Alami,"Uceng / bunga melinjo, segar",Per 100 g BDD (Berat Dapat Dimakan),Berat Dapat Dimakan (89%),82 kkal,1.30 g,0 mcg,0.11 mg,0.15 mg,0 mg,3 mg,11.70 g,5.80 g,4.80 g,70 mg,266 mg,0 mg,0 mg,0 mcg,2.40 mg,0 mg,0 mcg,,79.50 g,1.70 g,,,,,,,,,,,,,
546,Alami,"Umbut kelapa, segar",Per 100 g BDD (Berat Dapat Dimakan),,39 kkal,0.20 g,0 mcg,0.10 mg,0.10 mg,0 mg,8 mg,7.20 g,2 g,2.50 g,57 mg,49 mg,4 mg,447 mg,200 mcg,0 mg,1.40 mg,16 mcg,,89.30 g,1.30 g,,,,,,,,,,,,,
547,Alami,Umbut rotan,Per 100 g BDD (Berat Dapat Dimakan),,34 kkal,0.30 g,0 mcg,0.20 mg,0 mg,0 mg,9 mg,5.50 g,2.40 g,2.20 g,89 mg,79 mg,8 mg,552 mg,200 mcg,1.30 mg,1.90 mg,14 mcg,,90.50 g,1.30 g,,,,,,,,,,,,,
548,Alami,"Wortel,segar",Per 100 g BDD (Berat Dapat Dimakan),Berat Dapat Dimakan (80%),36 kkal,0.60 g,0 mcg,0.04 mg,0.04 mg,1 mg,18 mg,7.90 g,1 g,1 g,45 mg,74 mg,70 mg,245 mg,60 mcg,1 mg,0.30 mg,3.78 mcg,,89.90 g,0.60 g,,,,,,,,,,,,,
549,Alami,Bayam kukus,Per 100 g BDD (Berat Dapat Dimakan),Berat Dapat Dimakan (100%),30 kkal,0.70 g,0 mcg,0.02 mg,0.10 mg,0.90 mg,32 mg,5.80 g,1.30 g,1.20 g,239 mg,35 mg,15 mg,431 mg,100 mcg,5.70 mg,0.30 mg,2699 mcg,,90.70 g,1.60 g,,,,,,,,,,,,,
550,Alami,Bayam rebus,Per 100 g BDD (Berat Dapat Dimakan),Berat Dapat Dimakan (100%),23 kkal,0.60 g,0 mcg,0.02 mg,0.10 mg,0.90 mg,19 mg,3.70 g,1.20 g,1.10 g,150 mg,35 mg,16 mg,308.40 mg,200 mcg,0.50 mg,0.30 mg,32882 mcg,,93.50 g,1 g,,,,,,,,,,,,,
551,Alami,Buncis rebus,Per 100 g BDD (Berat Dapat Dimakan),Berat Dapat Dimakan (100%),30 kkal,0.20 g,0 mcg,0.01 mg,0.29 mg,2 mg,8 mg,6.40 g,2.20 g,1.50 g,107 mg,47 mg,7 mg,138.90 mg,100 mcg,0.50 mg,0.30 mg,1 mcg,,90.60 g,0.60 g,,,,,,,,,,,,,
552,Alami,Daun kacang panjang kukus,Per 100 g BDD (Berat Dapat Dimakan),Berat Dapat Dimakan (100%),40 kkal,0.30 g,0 mcg,0.15 mg,0.20 mg,0.90 mg,11 mg,8 g,3.70 g,1.80 g,111 mg,66 mg,6 mg,419.50 mg,200 mcg,3.70 mg,0.30 mg,2645 mcg,,87.20 g,0.80 g,,,,,,,,,,,,,
553,Alami,Daun katuk rebus,Per 100 g BDD (Berat Dapat Dimakan),Berat Dapat Dimakan (100%),53 kkal,0.90 g,0 mcg,0 mg,0.30 mg,2.20 mg,66 mg,9.10 g,5.30 g,1.20 g,185 mg,102 mg,16 mg,291.30 mg,300 mcg,3.10 mg,1.30 mg,11131 mcg,,83.30 g,1.40 g,,,,,,,,,,,,,
554,Alami,Daun kelor rebus,Per 100 g BDD (Berat Dapat Dimakan),Berat Dapat Dimakan (100%),61 kkal,0.90 g,0 mcg,0.10 mg,0.10 mg,4 mg,13 mg,10 g,6.10 g,0.90 g,255 mg,36 mg,45 mg,181.20 mg,100 mcg,2.10 mg,0.60 mg,3972 mcg,,80.30 g,2.60 g,,,,,,,,,,,,,
555,Alami,Daun mengkudu kukus,Per 100 g BDD (Berat Dapat Dimakan),Berat Dapat Dimakan (100%),63 kkal,1.50 g,0 mcg,0.08 mg,0.10 mg,5.20 mg,11 mg,11.50 g,3.80 g,2.40 g,300 mg,43 mg,0 mg,0 mg,0 mcg,6 mg,0 mg,2 mcg,,81.60 g,1.60 g,,,,,,,,,,,,,
556,Alami,Daun singkong rebus,Per 100 g BDD (Berat Dapat Dimakan),Berat Dapat Dimakan (100%),31 kkal,0.60 g,0 mcg,0.02 mg,0.10 mg,1.70 mg,34 mg,4.80 g,3.70 g,1.60 g,160 mg,50 mg,13 mg,14 mg,100 mcg,2.60 mg,2 mg,3897 mcg,,90.50 g,0.40 g,,,,,,,,,,,,,
557,Alami,Daun talas rebus,Per 100 g BDD (Berat Dapat Dimakan),Berat Dapat Dimakan (100%),27 kkal,0.20 g,0 mcg,0 mg,0.60 mg,1.90 mg,7 mg,5.90 g,1.30 g,1.60 g,119 mg,41 mg,3 mg,519.40 mg,500 mcg,1.40 mg,0.50 mg,4641 mcg,,91.60 g,1 g,,,,,,,,,,,,,
558,Alami,Daun ubi merah kukus,Per 100 g BDD (Berat Dapat Dimakan),Berat Dapat Dimakan (100%),56 kkal,0.30 g,0 mcg,0 mg,0.20 mg,1.10 mg,14 mg,13 g,3.10 g,1.50 g,78 mg,52 mg,28 mg,472.80 mg,100 mcg,4.30 mg,0.40 mg,5277 mcg,,82.50 g,1.10 g,,,,,,,,,,,,,
559,Alami,Kacang panjang kukus,Per 100 g BDD (Berat Dapat Dimakan),Berat Dapat Dimakan (100%),39 kkal,0.60 g,0 mcg,0.02 mg,0.10 mg,0.30 mg,20 mg,7.60 g,3 g,1.70 g,100 mg,91 mg,28 mg,199 mg,110 mcg,1.20 mg,0.50 mg,131 mcg,,88.20 g,0.60 g,,,,,,,,,,,,,
560,Alami,Kacang panjang rebus,Per 100 g BDD (Berat Dapat Dimakan),Berat Dapat Dimakan (100%),30 kkal,0.40 g,0 mcg,0 mg,0.07 mg,0.20 mg,15 mg,5.80 g,2.30 g,1.40 g,71 mg,68 mg,24 mg,114.50 mg,100 mcg,0.80 mg,0.40 mg,128 mcg,,90.90 g,0.60 g,,,,,,,,,,,,,
561,Alami,Kangkung kukus,Per 100 g BDD (Berat Dapat Dimakan),Berat Dapat Dimakan (100%),30 kkal,0.70 g,0 mcg,0.03 mg,0.28 mg,1.40 mg,11 mg,4.70 g,3.20 g,1.80 g,70 mg,49 mg,45 mg,184.90 mg,100 mcg,4.40 mg,0.30 mg,2370 mcg,,90.40 g,1 g,,,,,,,,,,,,,
562,Alami,Kangkung rebus,Per 100 g BDD (Berat Dapat Dimakan),Berat Dapat Dimakan (100%),22 kkal,0.60 g,0 mcg,0.01 mg,0.22 mg,1.20 mg,13 mg,3.10 g,2.50 g,1.20 g,50 mg,51 mg,31 mg,98 mg,100 mcg,3.50 mg,0.30 mg,2370 mcg,,93 g,0.80 g,,,,,,,,,,,,,
563,Alami,Paria putih kukus,Per 100 g BDD (Berat Dapat Dimakan),Berat Dapat Dimakan (100%),16 kkal,0.20 g,0 mcg,0.15 mg,0.04 mg,0.30 mg,35 mg,3.40 g,0.80 g,1.20 g,16 mg,33 mg,4 mg,236 mg,0 mcg,0.50 mg,0.70 mg,187 mcg,,95 g,0.60 g,,,,,,,,,,,,,
564,Alami,Selada rebus,Per 100 g BDD (Berat Dapat Dimakan),Berat Dapat Dimakan (100%),19 kkal,0.20 g,0 mcg,0.08 mg,0.20 mg,0.60 mg,27 mg,2.90 g,2.70 g,0.70 g,83 mg,74 mg,24 mg,160.70 mg,50 mcg,1.40 mg,0.20 mg,2499 mcg,,93.50 g,0.70 g,,,,,,,,,,,,,
565,Alami,Taoge goreng,Per 100 g BDD (Berat Dapat Dimakan),Berat Dapat Dimakan (100%),88 kkal,2.10 g,2 mcg,0.05 mg,0 mg,0 mg,0 mg,14 g,3.20 g,0.70 g,168 mg,50 mg,0 mg,0 mg,0 mcg,5.70 mg,0 mg,0 mcg,,79.20 g,1.50 g,,,,,,,,,,,,,
566,Alami,Taoge seduh,Per 100 g BDD (Berat Dapat Dimakan),Berat Dapat Dimakan (87%),28 kkal,0.80 g,0 mcg,0.10 mg,0 mg,0.90 mg,2 mg,4 g,3 g,1 g,52 mg,73 mg,18 mg,58.30 mg,190 mcg,0.50 mg,0.40 mg,46 mcg,,91.90 g,0.30 g,,,,,,,,,,,,,
567,Alami,Terung panjang kukus,Per 100 g BDD (Berat Dapat Dimakan),Berat Dapat Dimakan (100%),23 kkal,0.10 g,0 mcg,0 mg,0.07 mg,0.70 mg,1 mg,4.90 g,1.80 g,0.40 g,40 mg,13 mg,9 mg,57 mg,67100 mcg,0.50 mg,0.20 mg,99 mcg,,92.70 g,0.50 g,,,,,,,,,,,,,
568,Alami,Wortel rebus,Per 100 g BDD (Berat Dapat Dimakan),Berat Dapat Dimakan (100%),28 kkal,0.50 g,0 mcg,0.01 mg,0.03 mg,0.70 mg,12 mg,6.30 g,0.70 g,0.80 g,46 mg,28 mg,41 mg,117.30 mg,100 mcg,0.60 mg,0.20 mg,3824 mcg,,92.10 g,0.40 g,,,,,,,,,,,,,
569,Alami,Wortel kukus,Per 100 g BDD (Berat Dapat Dimakan),Berat Dapat Dimakan (100%),37 kkal,0.60 g,0 mcg,0.02 mg,0.03 mg,0.80 mg,14 mg,8.30 g,1 g,1.10 g,44 mg,30 mg,43 mg,122.50 mg,110 mcg,0.60 mg,0.30 mg,2994 mcg,,89.50 g,0.60 g,,,,,,,,,,,,,
570,Alami,"Asinan bogor,sayuran",Per 100 g BDD (Berat Dapat Dimakan),Berat Dapat Dimakan (100%),98 kkal,2.60 g,10 mcg,0.28 mg,0 mg,0 mg,5 mg,14.80 g,3.90 g,0.50 g,314 mg,17 mg,483 mg,0 mg,0 mcg,1.20 mg,0 mg,0 mcg,,78 g,0.70 g,,,,,,,,,,,,,
571,Alami,"Anyang, sayur",Per 100 g BDD (Berat Dapat Dimakan),Berat Dapat Dimakan (100%),126 kkal,7.90 g,0 mcg,0.20 mg,0 mg,0 mg,0 mg,10.30 g,3.40 g,5.40 g,180 mg,1 mg,290 mg,181 mg,300 mcg,2.90 mg,1.20 mg,3263 mcg,,76.90 g,1.50 g,,,,,,,,,,,,,
572,Alami,"Ares,sayur",Per 100 g BDD (Berat Dapat Dimakan),Berat Dapat Dimakan (100%),113 kkal,7.20 g,0 mcg,0.10 mg,0 mg,0.50 mg,0 mg,11.20 g,0.90 g,4.70 g,63 mg,5 mg,1413 mg,1030 mg,700 mcg,1.50 mg,3.80 mg,6 mcg,,77.70 g,3 g,,,,,,,,,,,,,
573,Alami,Arwan sirsir,Per 100 g BDD (Berat Dapat Dimakan),Berat Dapat Dimakan (100%),277 kkal,25 g,0 mcg,0.10 mg,0.20 mg,0 mg,11 mg,10.70 g,2.40 g,4.60 g,120 mg,40 mg,240 mg,320 mg,200 mcg,2.40 mg,0.90 mg,1578 mcg,,59 g,2.90 g,,,,,,,,,,,,,
574,Alami,Beberuk,Per 100 g BDD (Berat Dapat Dimakan),Berat Dapat Dimakan (100%),65 kkal,5.20 g,0 mcg,0.30 mg,0 mg,4.40 mg,0 mg,3.50 g,1.10 g,3.10 g,179 mg,72 mg,53 mg,427 mg,400 mcg,8.30 mg,0.20 mg,44 mcg,,89.10 g,1.10 g,,,,,,,,,,,,,
575,Alami,Botok lamtoro,Per 100 g BDD (Berat Dapat Dimakan),Berat Dapat Dimakan (100%),186 kkal,9.70 g,18 mcg,0.27 mg,0 mg,0 mg,2 mg,13 g,11.70 g,2.10 g,771 mg,322 mg,0 mg,0 mg,0 mcg,26 mg,0 mg,0 mcg,,63.90 g,2.20 g,,,,,,,,,,,,,
576,Alami,Buntil daun talas,Per 100 g BDD (Berat Dapat Dimakan),Berat Dapat Dimakan (100%),141 kkal,10.20 g,13 mcg,0.25 mg,0 mg,0 mg,1 mg,8 g,4.40 g,1.80 g,149 mg,121 mg,0 mg,0 mg,0 mcg,14.50 mg,0 mg,0 mcg,,74.50 g,3 g,,,,,,,,,,,,,
577,Alami,Cammetutu,Per 100 g BDD (Berat Dapat Dimakan),Berat Dapat Dimakan (100%),102 kkal,6 g,0 mcg,0.30 mg,0.40 mg,0.40 mg,19 mg,8.70 g,3.20 g,4.30 g,41 mg,93 mg,443 mg,518 mg,300 mcg,0.50 mg,0.70 mg,1123 mcg,,79.60 g,2.50 g,,,,,,,,,,,,,
578,Alami,"Cap cai / capcay / cap cay, sayur",Per 100 g BDD (Berat Dapat Dimakan),Berat Dapat Dimakan (100%),97 kkal,6.30 g,44.50 mcg,0.21 mg,0 mg,0 mg,1 mg,4.20 g,5.80 g,0.60 g,287 mg,89 mg,405 mg,0 mg,0 mcg,1.80 mg,0 mg,0 mcg,,82.70 g,1 g,,,,,,,,,,,,,
579,Alami,Gado-gado,Per 100 g BDD (Berat Dapat Dimakan),Berat Dapat Dimakan (100%),137 kkal,3.20 g,3 mcg,0.10 mg,0 mg,0 mg,1 mg,21 g,6.10 g,1.10 g,301 mg,135 mg,0 mg,0 mg,0 mcg,7.50 mg,0 mg,0 mcg,,68.50 g,1.50 g,,,,,,,,,,,,,
580,Alami,"Gudeg,sayur",Per 100 g BDD (Berat Dapat Dimakan),Berat Dapat Dimakan (100%),160 kkal,9.20 g,0 mcg,0.15 mg,0 mg,0 mg,0 mg,16 g,3.30 g,2.30 g,62 mg,55 mg,0 mg,0 mg,0 mcg,12.80 mg,0 mg,0 mcg,,69.20 g,2.10 g,,,,,,,,,,,,,
581,Alami,Gulai pakis,Per 100 g BDD (Berat Dapat Dimakan),Berat Dapat Dimakan (100%),143 kkal,11.40 g,11 mcg,0.35 mg,0 mg,0 mg,1 mg,6 g,4 g,1.40 g,548 mg,124 mg,0 mg,0 mg,0 mcg,1.70 mg,0 mg,0 mcg,,76.10 g,2.60 g,,,,,,,,,,,,,
582,Alami,Gulai pliek,Per 100 g BDD (Berat Dapat Dimakan),Berat Dapat Dimakan (100%),176 kkal,14.90 g,0 mcg,0 mg,0 mg,0 mg,0 mg,3.20 g,7.30 g,0 g,39 mg,54 mg,257 mg,285 mg,300 mcg,1.40 mg,0.60 mg,0 mcg,,71.90 g,2.70 g,,,,,,,,,,,,,
583,Alami,Kadada katembe,Per 100 g BDD (Berat Dapat Dimakan),Berat Dapat Dimakan (100%),110 kkal,6.90 g,0 mcg,0.10 mg,0 mg,3.70 mg,23 mg,7.10 g,4.50 g,3.90 g,26 mg,77 mg,178 mg,131 mg,200 mcg,0 mg,0.70 mg,46 mcg,,80 g,1.50 g,,,,,,,,,,,,,
584,Alami,"Kaparende, sayur",Per 100 g BDD (Berat Dapat Dimakan),Berat Dapat Dimakan (100%),38 kkal,2 g,0 mcg,0.10 mg,0 mg,3.70 mg,22 mg,2.60 g,2.40 g,1.50 g,126 mg,68 mg,170 mg,43 mg,0 mcg,0 mg,0.30 mg,40 mcg,,91.70 g,1.30 g,,,,,,,,,,,,,
585,Alami,"Karedok,sayur",Per 100 g BDD (Berat Dapat Dimakan),Berat Dapat Dimakan (100%),92 kkal,3.30 g,0 mcg,0.08 mg,0 mg,0 mg,3 mg,14.10 g,2.20 g,1.40 g,174 mg,85 mg,0 mg,0 mg,0 mcg,2.40 mg,0 mg,0 mcg,,79 g,1.40 g,,,,,,,,,,,,,
586,Alami,Keripik bayam,Per 100 g BDD (Berat Dapat Dimakan),Berat Dapat Dimakan (100%),586 kkal,40.60 g,0 mcg,0.16 mg,0 mg,0 mg,0 mg,50.20 g,4.90 g,0.50 g,236 mg,117 mg,0 mg,0 mg,0 mcg,3.60 mg,0 mg,0 mcg,,2.30 g,1.90 g,,,,,,,,,,,,,
587,Alami,Kotiu hinela tawang nggole,Per 100 g BDD (Berat Dapat Dimakan),Berat Dapat Dimakan (100%),46 kkal,1.50 g,0 mcg,0.30 mg,0 mg,9.70 mg,7 mg,6 g,2.20 g,3.80 g,64 mg,44 mg,316 mg,103 mg,1600 mcg,0 mg,0.80 mg,75 mcg,,88.40 g,1.90 g,,,,,,,,,,,,,
588,Alami,Lema / rebung asam,Per 100 g BDD (Berat Dapat Dimakan),Berat Dapat Dimakan (100%),15 kkal,0.40 g,0 mcg,0.30 mg,0 mg,0 mg,0 mg,1.90 g,1 g,0 g,17 mg,230 mg,3 mg,156 mg,100 mcg,2.90 mg,0.70 mg,0 mcg,,96.30 g,0.40 g,,,,,,,,,,,,,
589,Alami,Lilin bungkus gedi,Per 100 g BDD (Berat Dapat Dimakan),Berat Dapat Dimakan (100%),79 kkal,5.20 g,0 mcg,0.20 mg,0.10 mg,0 mg,18 mg,5.80 g,2.30 g,2.50 g,170 mg,70 mg,170 mg,50 mg,200 mcg,0.90 mg,0.80 mg,0 mcg,,84.80 g,1.90 g,,,,,,,,,,,,,
590,Alami,Olah-olah,Per 100 g BDD (Berat Dapat Dimakan),Berat Dapat Dimakan (100%),9.10 kkal,6 g,0 mcg,0.20 mg,0.10 mg,0.40 mg,0 mg,7.10 g,2.10 g,4.40 g,26 mg,3 mg,289 mg,266 mg,300 mcg,1.20 mg,0.60 mg,36 mcg,,83.90 g,0.90 g,,,,,,,,,,,,,
591,Alami,Paku hinela wulelenggapaya,Per 100 g BDD (Berat Dapat Dimakan),Berat Dapat Dimakan (100%),77 kkal,4.60 g,0 mcg,0.80 mg,0.10 mg,0.20 mg,4 mg,5.40 g,3.50 g,3.60 g,63 mg,85 mg,469 mg,37 mg,300 mcg,0 mg,0.70 mg,55 mcg,,83.40 g,3.10 g,,,,,,,,,,,,,
592,Alami,Plecing kangkung,Per 100 g BDD (Berat Dapat Dimakan),Berat Dapat Dimakan (100%),75 kkal,2.80 g,0 mcg,0.70 mg,0 mg,0.20 mg,12 mg,10 g,2.50 g,5.40 g,36 mg,3 mg,408 mg,381 mg,100 mcg,2.10 mg,0.40 mg,870 mcg,,83.80 g,0.90 g,,,,,,,,,,,,,
593,Alami,Purundawa,Per 100 g BDD (Berat Dapat Dimakan),Berat Dapat Dimakan (100%),25 kkal,0.50 g,0 mcg,0.10 mg,0.10 mg,11.60 mg,2 mg,3.60 g,1.50 g,1.70 g,147 mg,39 mg,239 mg,201 mg,100 mcg,0 mg,0.60 mg,55 mcg,,91.80 g,2.60 g,,,,,,,,,,,,,
594,Alami,Rujak cingur,Per 100 g BDD (Berat Dapat Dimakan),Berat Dapat Dimakan (100%),153 kkal,8.40 g,18 mcg,0.16 mg,0 mg,0 mg,2 mg,8 g,11.30 g,1.40 g,256 mg,143 mg,0 mg,0 mg,0 mcg,4.40 mg,0 mg,0 mcg,,70.10 g,1.40 g,,,,,,,,,,,,,
595,Alami,Sayur asem,Per 100 g BDD (Berat Dapat Dimakan),Berat Dapat Dimakan (100%),29 kkal,0.60 g,14 mcg,0.10 mg,0 mg,0 mg,0 mg,5 g,0.70 g,0.60 g,40 mg,61 mg,0 mg,0 mg,0 mcg,3.10 mg,0 mg,0 mcg,,93.20 g,0.80 g,,,,,,,,,,,,,
596,Alami,Sayur bunga pepaya,Per 100 g BDD (Berat Dapat Dimakan),Berat Dapat Dimakan (100%),49 kkal,0.30 g,0 mcg,0 mg,0.10 mg,0 mg,0 mg,9.80 g,1.70 g,2.70 g,220 mg,220 mg,90 mg,350 mg,100 mcg,1.30 mg,0.10 mg,372 mcg,,83.40 g,2.10 g,,,,,,,,,,,,,
597,Alami,Sayur garu,Per 100 g BDD (Berat Dapat Dimakan),Berat Dapat Dimakan (100%),178 kkal,13.90 g,0 mcg,0.20 mg,0.10 mg,0 mg,9 mg,10.60 g,2.60 g,8.40 g,30 mg,130 mg,20 mg,120 mg,100 mcg,0.90 mg,0.30 mg,0 mcg,,70.80 g,2.10 g,,,,,,,,,,,,,
598,Alami,Sayur kohu-kohu,Per 100 g BDD (Berat Dapat Dimakan),Berat Dapat Dimakan (100%),133 kkal,6.60 g,0 mcg,0.20 mg,0.20 mg,0 mg,9 mg,11.20 g,7.30 g,1.20 g,40 mg,120 mg,20 mg,50 mg,100 mcg,0.20 mg,0.30 mg,944 mcg,,72.80 g,2.10 g,,,,,,,,,,,,,
599,Alami,Sayur lilin-terubuk,Per 100 g BDD (Berat Dapat Dimakan),Berat Dapat Dimakan (100%),36 kkal,0.70 g,0 mcg,0.30 mg,0.20 mg,0 mg,18 mg,4.80 g,2.70 g,1.40 g,10 mg,90 mg,30 mg,44 mg,200 mcg,0.10 mg,1 mg,0 mcg,,90.40 g,1.40 g,,,,,,,,,,,,,
600,Alami,Sayur ndusuk,Per 100 g BDD (Berat Dapat Dimakan),Berat Dapat Dimakan (100%),49 kkal,2.50 g,0 mcg,0.20 mg,0.10 mg,0 mg,15 mg,3.60 g,3.10 g,0 g,11 mg,6 mg,1011 mg,88 mg,0 mcg,0.50 mg,0.20 mg,0 mcg,,87.50 g,3.10 g,,,,,,,,,,,,,
601,Alami,Sayur sop,Per 100 g BDD (Berat Dapat Dimakan),Berat Dapat Dimakan (100%),27 kkal,2 g,20 mcg,0.10 mg,0 mg,0 mg,0.20 mg,1 g,1.30 g,0.30 g,168 mg,57 mg,0 mg,0 mg,0 mcg,1.80 mg,0 mg,0 mcg,,92.70 g,2.70 g,,,,,,,,,,,,,
602,Alami,Sayur umbut kelapa,Per 100 g BDD (Berat Dapat Dimakan),Berat Dapat Dimakan (100%),67 kkal,2.90 g,0 mcg,0.20 mg,0 mg,0 mg,5 mg,5.10 g,5.20 g,1.40 g,48 mg,81 mg,313 mg,108 mg,200 mcg,3.20 mg,1.10 mg,21 mcg,,85.50 g,1.30 g,,,,,,,,,,,,,
603,Alami,Sayur umbut rotan,Per 100 g BDD (Berat Dapat Dimakan),Berat Dapat Dimakan (100%),57 kkal,2.60 g,0 mcg,0.20 mg,0 mg,0 mg,6 mg,3.10 g,5.40 g,1.60 g,184 mg,135 mg,256 mg,81 mg,200 mcg,1.20 mg,0.90 mg,18 mcg,,87.60 g,1.30 g,,,,,,,,,,,,,
604,Alami,Shabu-shabu,Per 100 g BDD (Berat Dapat Dimakan),Berat Dapat Dimakan (100%),88 kkal,8 g,82 mcg,0.20 mg,0 mg,0 mg,0 mg,0.80 g,3.20 g,0.90 g,217 mg,48 mg,514 mg,0 mg,0 mcg,2.90 mg,0 mg,0 mcg,,87.10 g,0.90 g,,,,,,,,,,,,,
605,Alami,Semur jengkol,Per 100 g BDD (Berat Dapat Dimakan),Berat Dapat Dimakan (100%),212 kkal,10 g,0 mcg,0.14 mg,0 mg,0 mg,4 mg,29.10 g,6 g,0 g,77 mg,99 mg,0 mg,0 mg,0 mcg,1 mg,0 mg,0 mcg,,52.70 g,2.20 g,,,,,,,,,,,,,
606,Alami,Tinira ninahu nggaluku,Per 100 g BDD (Berat Dapat Dimakan),Berat Dapat Dimakan (100%),33 kkal,1.30 g,0 mcg,0.30 mg,0 mg,3.50 mg,10 mg,4.10 g,1.20 g,3.10 g,35 mg,35 mg,161 mg,119 mg,200 mcg,0 mg,0.70 mg,6 mcg,,91.80 g,1.50 g,,,,,,,,,,,,,
607,Alami,Tumis bayam bersantan,Per 100 g BDD (Berat Dapat Dimakan),Berat Dapat Dimakan (100%),48 kkal,4.20 g,0 mcg,0.01 mg,0 mg,0 mg,22 mg,2.60 g,1.40 g,0.50 g,129 mg,27 mg,0 mg,0 mg,0 mcg,0.80 mg,0 mg,0 mcg,,91.20 g,0.60 g,,,,,,,,,,,,,
608,Alami,Waluh balamak,Per 100 g BDD (Berat Dapat Dimakan),Berat Dapat Dimakan (100%),45 kkal,0.90 g,0 mcg,0.20 mg,0 mg,0.10 mg,2 mg,8.10 g,0.80 g,7.90 g,25 mg,25 mg,61 mg,15 mg,0 mcg,0.50 mg,0.20 mg,1241 mcg,,89.40 g,1 g,,,,,,,,,,,,,
609,Alami,Woku ubi,Per 100 g BDD (Berat Dapat Dimakan),Berat Dapat Dimakan (100%),143 kkal,7.80 g,0 mcg,0.10 mg,0 mg,0 mg,15 mg,15 g,3.10 g,7 g,195 mg,91 mg,353 mg,256 mg,300 mcg,2.80 mg,1 mg,1519 mcg,,73 g,1.10 g,,,,,,,,,,,,,
610,Alami,"Alpukat, segar",Per 100 g BDD (Berat Dapat Dimakan),Berat Dapat Dimakan (61%),85 kkal,6.50 g,0 mcg,0.05 mg,0.08 mg,1 mg,13 mg,7.70 g,0.90 g,0 g,10 mg,20 mg,2 mg,278 mg,200 mcg,0.90 mg,0.40 mg,189 mcg,,84.30 g,0.60 g,,,,,,,,,,,,,
611,Alami,"Anggur hutan, segar",Per 100 g BDD (Berat Dapat Dimakan),Berat Dapat Dimakan (100%),30 kkal,0.20 g,0 mcg,0.01 mg,0 mg,0 mg,3 mg,6.80 g,0.50 g,1.20 g,39 mg,12 mg,0 mg,0 mg,0 mcg,1.10 mg,0 mg,0 mcg,,92.30 g,0.20 g,,,,,,,,,,,,,
612,Alami,"Apel malang, segar",Per 100 g BDD (Berat Dapat Dimakan),Berat Dapat Dimakan (88%),57 kkal,0.40 g,0 mcg,0.05 mg,0.03 mg,0.10 mg,5 mg,12.80 g,0.50 g,0.80 g,9 mg,18 mg,3.60 mg,175.40 mg,110200 mcg,0.60 mg,0 mg,26 mcg,,85.90 g,0.30 g,,,,,,,,,,,,,
613,Alami,"Apel, segar",Per 100 g BDD (Berat Dapat Dimakan),Berat Dapat Dimakan (88%),58 kkal,0.40 g,0 mcg,0.04 mg,0.03 mg,0.10 mg,5 mg,14.90 g,0.30 g,2.60 g,6 mg,10 mg,2 mg,130 mg,124200 mcg,0.30 mg,0.30 mg,30 mcg,,84.10 g,0.30 g,,,,,,,,,,,,,
614,Alami,"Arbai, segar",Per 100 g BDD (Berat Dapat Dimakan),Berat Dapat Dimakan (96%),37 kkal,0.50 g,0 mcg,0.03 mg,0 mg,0.10 mg,60 mg,8.30 g,0.80 g,0 g,28 mg,27 mg,1.95 mg,43 mg,63500 mcg,0.80 mg,18.90 mg,2 mcg,,89.90 g,0.50 g,,,,,,,,,,,,,
615,Alami,"Belimbing, segar",Per 100 g BDD (Berat Dapat Dimakan),Berat Dapat Dimakan (86%),36 kkal,0.40 g,0 mcg,0.03 mg,0 mg,0 mg,35 mg,8.80 g,0.40 g,3.20 g,4 mg,12 mg,4 mg,130 mg,0 mcg,1.10 mg,0.10 mg,29 mcg,,90 g,0.40 g,,,,,,,,,,,,,
616,Alami,"Biwah, segar",Per 100 g BDD (Berat Dapat Dimakan),Berat Dapat Dimakan (66%),51 kkal,0.10 g,0 mcg,0.10 mg,0.02 mg,0 mg,4 mg,12.10 g,0.30 g,0.70 g,220 mg,14 mg,1 mg,258.60 mg,0 mcg,0.80 mg,0 mg,0 mcg,,87.10 g,0.50 g,,,,,,,,,,,,,
617,Alami,"Buah atung, segar",Per 100 g BDD (Berat Dapat Dimakan),Berat Dapat Dimakan (80%),23 kkal,0.20 g,0 mcg,0.29 mg,0 mg,0 mg,38 mg,5.20 g,0.80 g,0 g,30 mg,50 mg,0 mg,0 mg,0 mcg,4.60 mg,0 mg,0 mcg,,92 g,1.80 g,,,,,,,,,,,,,
618,Alami,"Buah kelenting, segar",Per 100 g BDD (Berat Dapat Dimakan),Berat Dapat Dimakan (77%),110 kkal,2.10 g,0 mcg,0.20 mg,0.10 mg,0 mg,6 mg,21.40 g,1.40 g,0 g,8 mg,102 mg,2 mg,0 mg,300 mcg,1.10 mg,0.90 mg,0 mcg,,73.90 g,1.20 g,,,,,,,,,,,,,
619,Alami,"Buah kom, segar",Per 100 g BDD (Berat Dapat Dimakan),Berat Dapat Dimakan (100%),264 kkal,1.10 g,0 mcg,0.11 mg,0 mg,0 mg,9 mg,59.60 g,4 g,9 g,306 mg,92 mg,0 mg,0 mg,0 mcg,0.80 mg,0 mg,0 mcg,,33.70 g,1.70 g,,,,,,,,,,,,,
620,Alami,"Buah mentega (Bisbul), segar",Per 100 g BDD (Berat Dapat Dimakan),Berat Dapat Dimakan (50%),39 kkal,0.20 g,0 mcg,0.02 mg,0.01 mg,0.10 mg,33 mg,9.70 g,0.70 g,2 g,43 mg,17 mg,1 mg,90 mg,100 mcg,0.80 mg,0.10 mg,141 mcg,,89 g,0.40 g,,,,,,,,,,,,,
621,Alami,"Buah naga merah, segar",Per 100 g BDD (Berat Dapat Dimakan),Berat Dapat Dimakan (67%),71 kkal,3.10 g,0 mcg,0.50 mg,0.30 mg,0.50 mg,1 mg,9.10 g,1.70 g,3.20 g,13 mg,14 mg,10 mg,128 mg,0 mcg,0.40 mg,0.40 mg,0 mcg,,85.70 g,0.40 g,,,,,,,,,,,,,
622,Alami,"Buah naga putih, segar",Per 100 g BDD (Berat Dapat Dimakan),Berat Dapat Dimakan (74%),56 kkal,1 g,0 mcg,0.02 mg,0.50 mg,0.90 mg,1 mg,10.90 g,0.80 g,3.20 g,13 mg,27 mg,7 mg,231 mg,0 mcg,0.50 mg,0.40 mg,0 mcg,,866.60 g,0.60 g,,,,,,,,,,,,,
623,Alami,"Buah negri, segar",Per 100 g BDD (Berat Dapat Dimakan),Berat Dapat Dimakan (48%),55 kkal,0.10 g,0 mcg,0.33 mg,0.03 mg,0.10 mg,9 mg,12.20 g,1.20 g,5.20 g,30 mg,40 mg,10 mg,0 mg,100 mcg,0.20 mg,0.30 mg,460 mcg,,85.70 g,0.80 g,,,,,,,,,,,,,
624,Alami,"Buah nona, segar",Per 100 g BDD (Berat Dapat Dimakan),Berat Dapat Dimakan (58%),101 kkal,0.60 g,0 mcg,0.08 mg,0.16 mg,0.90 mg,22 mg,25.20 g,1.70 g,2.80 g,27 mg,20 mg,5 mg,312.50 mg,325700 mcg,0.80 mg,0.10 mg,49 mcg,,71.50 g,1 g,,,,,,,,,,,,,
625,Alami,"Buah rotan, segar",Per 100 g BDD (Berat Dapat Dimakan),,78 kkal,0.30 g,0 mcg,0.12 mg,0 mg,0 mg,5 mg,18.20 g,0.60 g,0 g,1 mg,7 mg,7 mg,495 mg,300 mcg,3.40 mg,0.70 mg,0 mcg,,79.40 g,1.50 g,,,,,,,,,,,,,
626,Alami,"Buah rukam, segar",Per 100 g BDD (Berat Dapat Dimakan),Berat Dapat Dimakan (100%),113 kkal,0.30 g,0 mcg,0.06 mg,0.01 mg,0 mg,20 mg,26.80 g,0.80 g,7.70 g,108 mg,52 mg,2 mg,219 mg,300 mcg,1.20 mg,0.90 mg,17 mcg,,71.30 g,0.80 g,,,,,,,,,,,,,
627,Alami,"Buah ruruhi, segar",Per 100 g BDD (Berat Dapat Dimakan),Berat Dapat Dimakan (82%),29 kkal,0.70 g,0 mcg,0.06 mg,0.01 mg,0 mg,10 mg,3.60 g,2.10 g,2.60 g,6 mg,7 mg,36 mg,45 mg,0 mcg,0 mg,0.10 mg,7 mcg,,93 g,0.30 g,,,,,,,,,,,,,
628,Alami,"Buah tuppa, segar",Per 100 g BDD (Berat Dapat Dimakan),,67 kkal,0.20 g,0 mcg,0.04 mg,0.01 mg,0 mg,5 mg,15.90 g,0.40 g,0 g,12 mg,139 mg,2 mg,0 mg,200 mcg,0.50 mg,0.50 mg,0 mcg,,82.50 g,1 g,,,,,,,,,,,,,
629,Alami,"Carica papaya, segar",Per 100 g BDD (Berat Dapat Dimakan),Berat Dapat Dimakan (60%),24 kkal,0.20 g,0 mcg,0.32 mg,0.07 mg,0 mg,85 mg,3.70 g,1.90 g,1 g,51 mg,33 mg,0 mg,0 mg,0 mcg,1.80 mg,0 mg,0 mcg,,93.40 g,0.90 g,,,,,,,,,,,,,
630,Alami,"Cempedak, segar",Per 100 g BDD (Berat Dapat Dimakan),Berat Dapat Dimakan (30%),116 kkal,0.40 g,0 mcg,0 mg,0 mg,0.50 mg,15 mg,28.60 g,3 g,3.40 g,20 mg,30 mg,25 mg,243.70 mg,0 mcg,1.50 mg,0 mg,79 mcg,,67 g,1 g,,,,,,,,,,,,,
631,Alami,"Duku, segar",Per 100 g BDD (Berat Dapat Dimakan),Berat Dapat Dimakan (64%),63 kkal,0.20 g,0 mcg,0.05 mg,0.15 mg,1.50 mg,9 mg,16.10 g,1 g,4.30 g,18 mg,9 mg,2 mg,149 mg,100 mcg,0.90 mg,0.20 mg,0 mcg,,82 g,0.70 g,,,,,,,,,,,,,
632,Alami,"Durian, segar",Per 100 g BDD (Berat Dapat Dimakan),Berat Dapat Dimakan (22%),134 kkal,3 g,0 mcg,0.10 mg,0.19 mg,136.50 mg,53 mg,28 g,2.50 g,3.50 g,7 mg,44 mg,1 mg,601 mg,100 mcg,1.30 mg,0.30 mg,146 mcg,,65 g,8 g,,,,,,,,,,,,,
633,Alami,"Duwet, segar",Per 100 g BDD (Berat Dapat Dimakan),Berat Dapat Dimakan (67%),80 kkal,0.60 g,0 mcg,0.02 mg,0.01 mg,2.50 mg,130 mg,18.20 g,0.50 g,0.90 g,33 mg,138 mg,16 mg,92.70 mg,191300 mcg,1.30 mg,0.30 mg,329 mcg,,80.20 g,0.50 g,,,,,,,,,,,,,
634,Alami,"Embacang, segar",Per 100 g BDD (Berat Dapat Dimakan),Berat Dapat Dimakan (65%),98 kkal,0.20 g,0 mcg,0.03 mg,0.09 mg,0.70 mg,56 mg,25.40 g,1.40 g,1.90 g,21 mg,15 mg,3 mg,250.90 mg,100 mcg,0.50 mg,0.10 mg,2533 mcg,,72.50 g,0.50 g,,,,,,,,,,,,,
635,Alami,"Encung asam, segar",Per 100 g BDD (Berat Dapat Dimakan),Berat Dapat Dimakan (98%),122 kkal,4.50 g,0 mcg,0.02 mg,0 mg,0 mg,0 mg,17.50 g,3.50 g,9.30 g,63 mg,69 mg,0 mg,0 mg,0 mcg,3.20 mg,0 mg,0 mcg,,73 g,1.50 g,,,,,,,,,,,,,
636,Alami,"Erbis, segar",Per 100 g BDD (Berat Dapat Dimakan),Berat Dapat Dimakan (33%),70 kkal,0 g,0 mcg,0 mg,0.10 mg,1.10 mg,16 mg,18.90 g,0.60 g,7.70 g,11 mg,50 mg,21 mg,257.10 mg,100 mcg,1.10 mg,0.10 mg,549 mcg,,80 g,0.50 g,,,,,,,,,,,,,
637,Alami,"Gandaria masak, segar",Per 100 g BDD (Berat Dapat Dimakan),Berat Dapat Dimakan (70%),68 kkal,0.10 g,0 mcg,0.03 mg,0.07 mg,0.70 mg,111 mg,18 g,0.70 g,2.20 g,9 mg,20 mg,3 mg,129 mg,0 mcg,1 mg,0 mg,329 mcg,,80.80 g,0.40 g,,,,,,,,,,,,,
638,Alami,"Gatep, segar",Per 100 g BDD (Berat Dapat Dimakan),Berat Dapat Dimakan (100%),191 kkal,1.50 g,0 mcg,0.05 mg,0.20 mg,1.80 mg,0 mg,39.70 g,4.50 g,13.40 g,186 mg,69 mg,17 mg,403.30 mg,700 mcg,3.20 mg,1.30 mg,51 mcg,,52.70 g,1.60 g,,,,,,,,,,,,,
639,Alami,"Jambu air, segar",Per 100 g BDD (Berat Dapat Dimakan),Berat Dapat Dimakan (90%),46 kkal,0.20 g,0 mcg,0.02 mg,0.38 mg,4.60 mg,5 mg,11.80 g,0.60 g,2.10 g,8 mg,9 mg,11 mg,321.20 mg,0 mcg,1.10 mg,0.10 mg,92 mcg,,87 g,0.80 g,,,,,,,,,,,,,
640,Alami,Jambu biji,Per 100 g BDD (Berat Dapat Dimakan),Berat Dapat Dimakan (82%),49 kkal,0.30 g,0 mcg,0.02 mg,0.03 mg,0.80 mg,87 mg,12.20 g,0.90 g,2.40 g,14 mg,28 mg,10 mg,52.80 mg,0 mcg,1.10 mg,0.30 mg,27 mcg,,86 g,0.60 g,,,,,,,,,,,,,
641,Alami,Jambu biji putih tidak berbiji,Per 100 g BDD (Berat Dapat Dimakan),Berat Dapat Dimakan (82%),61 kkal,0.30 g,0 mcg,1.02 mg,0.06 mg,1.30 mg,116 mg,15.40 g,0.90 g,4.50 g,31 mg,41 mg,20 mg,103 mg,0 mcg,0.20 mg,0.50 mg,53 mcg,,82.80 g,0.60 g,,,,,,,,,,,,,
642,Alami,"Jambu bool, segar",Per 100 g BDD (Berat Dapat Dimakan),Berat Dapat Dimakan (67%),49 kkal,0.20 g,0 mcg,0.13 mg,0.01 mg,0.50 mg,22 mg,9.60 g,2.30 g,3.50 g,8 mg,8 mg,1 mg,14 mg,0 mcg,0.30 mg,0 mg,92 mcg,,87.10 g,0.80 g,,,,,,,,,,,,,
643,Alami,"Jambu monyet, segar",Per 100 g BDD (Berat Dapat Dimakan),Berat Dapat Dimakan (90%),64 kkal,0.60 g,0 mcg,0.02 mg,0 mg,2 mg,197 mg,15.80 g,0.70 g,1.20 g,4 mg,13 mg,12 mg,107.80 mg,0 mcg,0.50 mg,0 mg,1604 mcg,,82.60 g,0.30 g,,,,,,,,,,,,,
644,Alami,"Jeruk bali, segar",Per 100 g BDD (Berat Dapat Dimakan),Berat Dapat Dimakan (62%),48 kkal,0.20 g,0 mcg,0.04 mg,0 mg,0.40 mg,43 mg,12.40 g,0.60 g,0.80 g,23 mg,27 mg,21 mg,366.10 mg,171300 mcg,0.50 mg,0.10 mg,33 mcg,,86.30 g,0.50 g,,,,,,,,,,,,,
645,Alami,"Jeruk banjar, segar",Per 100 g BDD (Berat Dapat Dimakan),Berat Dapat Dimakan (72%),61 kkal,0.20 g,0 mcg,0.12 mg,0.03 mg,0.30 mg,31 mg,14.10 g,0.80 g,5.40 g,9 mg,13 mg,3 mg,79 mg,100 mcg,0.20 mg,0.10 mg,9 mcg,,84.50 g,0.40 g,,,,,,,,,,,,,
646,Alami,Jeruk garut-keprok,Per 100 g BDD (Berat Dapat Dimakan),Berat Dapat Dimakan (71%),44 kkal,0.30 g,0 mcg,0.07 mg,0.03 mg,0.20 mg,31 mg,10.90 g,0.80 g,1.60 g,33 mg,23 mg,5 mg,518.10 mg,169300 mcg,0.40 mg,0.20 mg,0 mcg,,87.30 g,0.70 g,,,,,,,,,,,,,
647,Alami,"Jeruk Kalamansi, segar",Per 100 g BDD (Berat Dapat Dimakan),Berat Dapat Dimakan (100%),39 kkal,0.30 g,0 mcg,0.02 mg,0.10 mg,0 mg,30 mg,8.90 g,0.30 g,2.30 g,42 mg,85 mg,3 mg,82 mg,300 mcg,0.50 mg,0.10 mg,1 mcg,,90.20 g,0.40 g,,,,,,,,,,,,,
648,Alami,"Jeruk manis, segar",Per 100 g BDD (Berat Dapat Dimakan),Berat Dapat Dimakan (72%),45 kkal,0.20 g,0 mcg,0.08 mg,0.03 mg,0.20 mg,49 mg,11.20 g,0.90 g,1.40 g,33 mg,23 mg,4 mg,472.10 mg,160 mcg,0.40 mg,0.20 mg,0 mcg,,87.20 g,0.50 g,,,,,,,,,,,,,
649,Alami,"Jeruk nipis, segar",Per 100 g BDD (Berat Dapat Dimakan),Berat Dapat Dimakan (76%),44 kkal,0.20 g,0 mcg,0.01 mg,0.03 mg,0.20 mg,19.70 mg,10 g,0.50 g,0.40 g,18 mg,22 mg,3 mg,108.90 mg,100 mcg,0.20 mg,0.10 mg,23 mcg,,88.90 g,0.40 g,,,,,,,,,,,,,
650,Alami,"Jeruk ragi, segar",Per 100 g BDD (Berat Dapat Dimakan),Berat Dapat Dimakan (59%),49 kkal,0.20 g,0 mcg,0.03 mg,0.03 mg,0.20 mg,30 mg,11.10 g,0.70 g,0.50 g,36 mg,67 mg,4 mg,457.30 mg,155000 mcg,0.70 mg,0.20 mg,0 mcg,,87.60 g,0.40 g,,,,,,,,,,,,,
651,Alami,"Kawista, segar",Per 100 g BDD (Berat Dapat Dimakan),Berat Dapat Dimakan (72%),120 kkal,2.50 g,0 mcg,0.07 mg,0.70 mg,0.40 mg,3 mg,20.80 g,3.50 g,4.60 g,190 mg,230 mg,9 mg,1015.60 mg,308400 mcg,1.60 mg,0.40 mg,99 mcg,,71.80 g,1.40 g,,,,,,,,,,,,,
652,Alami,"Kedongdong masak, segar",Per 100 g BDD (Berat Dapat Dimakan),Berat Dapat Dimakan (58%),46 kkal,0.10 g,0 mcg,0.08 mg,0.23 mg,0.30 mg,30 mg,10.30 g,1 g,2.60 g,15 mg,22 mg,2 mg,216.20 mg,0 mcg,2.80 mg,0.10 mg,164 mcg,,88 g,0.60 g,,,,,,,,,,,,,
653,Alami,"Kedongdong, segar",Per 100 g BDD (Berat Dapat Dimakan),Berat Dapat Dimakan (58%),47 kkal,0.20 g,0 mcg,0.07 mg,0.04 mg,0.40 mg,32 mg,10.40 g,0.50 g,2.70 g,7 mg,58 mg,2 mg,0 mg,0 mcg,0.80 mg,0.20 mg,167 mcg,,87.80 g,0.60 g,,,,,,,,,,,,,
654,Alami,"Kelapa Hutan,kerig",Per 100 g BDD (Berat Dapat Dimakan),,623 kkal,52.10 g,0 mcg,0 mg,0 mg,0.20 mg,0 mg,36.50 g,2 g,15.30 g,120 mg,280 mg,100 mg,460 mg,1700 mcg,3.80 mg,1.90 mg,0 mcg,,6 g,3.40 g,,,,,,,,,,,,,
655,Alami,"Kelapa Muda , daging, segar",Per 100 g BDD (Berat Dapat Dimakan),Berat Dapat Dimakan (53%),68 kkal,0.90 g,0 mcg,0.60 mg,0.02 mg,0 mg,4 mg,14 g,1 g,0 g,0.70 mg,30 mg,17.90 mg,564.60 mg,100 mcg,1 mg,0.30 mg,0 mcg,,83.30 g,0.80 g,,,,,,,,,,,,,
656,Alami,"Kemang, segar",Per 100 g BDD (Berat Dapat Dimakan),Berat Dapat Dimakan (65%),48 kkal,0.20 g,0 mcg,0.08 mg,0.01 mg,0.30 mg,58 mg,11.90 g,1 g,1.70 g,10 mg,24 mg,2 mg,88.60 mg,0 mcg,0.10 mg,0.10 mg,318 mcg,,86.50 g,0.40 g,,,,,,,,,,,,,
657,Alami,"Kesemek, segar",Per 100 g BDD (Berat Dapat Dimakan),Berat Dapat Dimakan (97%),78 kkal,0.40 g,0 mcg,0.05 mg,0 mg,0.10 mg,11 mg,20 g,0.80 g,0.60 g,6 mg,26 mg,0 mg,34.50 mg,100 mcg,0.30 mg,0.10 mg,109 mcg,,78.20 g,0.60 g,,,,,,,,,,,,,
658,Alami,"Kokosan, segar",Per 100 g BDD (Berat Dapat Dimakan),Berat Dapat Dimakan (64%),86 kkal,0.20 g,0 mcg,0.04 mg,0.04 mg,1.50 mg,3 mg,13 g,1.60 g,1.40 g,22 mg,38 mg,2 mg,118.30 mg,100 mcg,1.30 mg,0.20 mg,0 mcg,,85 g,0.20 g,,,,,,,,,,,,,
659,Alami,"Kranji, segar",Per 100 g BDD (Berat Dapat Dimakan),Berat Dapat Dimakan (31%),315 kkal,1.40 g,0 mcg,0.02 mg,0 mg,0 mg,0 mg,73.50 g,2.10 g,3.60 g,160 mg,120 mg,0 mg,0 mg,0 mcg,3.70 mg,0 mg,0 mcg,,20.10 g,2.90 g,,,,,,,,,,,,,
660,Alami,"Langsat, segar",Per 100 g BDD (Berat Dapat Dimakan),Berat Dapat Dimakan (64%),56 kkal,0.20 g,0 mcg,0.07 mg,0 mg,0.80 mg,9 mg,14.30 g,0.90 g,1.40 g,17 mg,24 mg,1 mg,232 mg,100 mcg,1.10 mg,0.20 mg,0 mcg,,84.10 g,0.50 g,,,,,,,,,,,,,
661,Alami,"Lemon, segar",Per 100 g BDD (Berat Dapat Dimakan),Berat Dapat Dimakan (100%),34 kkal,0.80 g,0 mcg,0.09 mg,0.12 mg,0.30 mg,50 mg,6.20 g,0.50 g,0.10 g,23 mg,20 mg,31 mg,140 mg,100 mcg,0.30 mg,0.20 mg,0 mcg,,92.20 g,0.30 g,,,,,,,,,,,,,
662,Alami,"Lontar, segar",Per 100 g BDD (Berat Dapat Dimakan),Berat Dapat Dimakan (79%),27 kkal,0.20 g,0 mcg,0.03 mg,0 mg,0 mg,0 mg,6 g,0.40 g,1.60 g,91 mg,243 mg,0 mg,0 mg,0 mcg,0.50 mg,0 mg,0 mcg,,93 g,0.40 g,,,,,,,,,,,,,
663,Alami,"Mangga, segar",Per 100 g BDD (Berat Dapat Dimakan),Berat Dapat Dimakan (65%),52 kkal,0 g,0 mcg,0.03 mg,0.01 mg,0.30 mg,12 mg,12.30 g,0.70 g,1.60 g,20 mg,16 mg,3 mg,140 mg,300 mcg,1 mg,0 mg,316 mcg,,86.60 g,0.20 g,,,,,,,,,,,,,
664,Alami,"Mangga benggala, segar",Per 100 g BDD (Berat Dapat Dimakan),Berat Dapat Dimakan (65%),63 kkal,0.40 g,0 mcg,0.18 mg,0.01 mg,0.40 mg,43 mg,12.40 g,2.40 g,5.80 g,9 mg,13 mg,3 mg,79 mg,100 mcg,0.20 mg,0.10 mg,10 mcg,,84.40 g,0.40 g,,,,,,,,,,,,,
665,Alami,"Mangga gedung, segar",Per 100 g BDD (Berat Dapat Dimakan),Berat Dapat Dimakan (65%),44 kkal,0.20 g,0 mcg,0.08 mg,0.01 mg,0.30 mg,30 mg,11.20 g,0.70 g,1.60 g,13 mg,10 mg,2 mg,83.60 mg,0 mcg,0.20 mg,0.10 mg,113 mcg,,87.40 g,0.50 g,,,,,,,,,,,,,
666,Alami,"Mangga golek, segar",Per 100 g BDD (Berat Dapat Dimakan),Berat Dapat Dimakan (65%),63 kkal,0.20 g,0 mcg,0.08 mg,0.02 mg,0.40 mg,65 mg,16.70 g,0.50 g,2.30 g,14 mg,10 mg,3 mg,118.10 mg,100 mcg,0.70 mg,0.10 mg,160 mcg,,82.20 g,0.40 g,,,,,,,,,,,,,
667,Alami,"Mangga harumanis, segar",Per 100 g BDD (Berat Dapat Dimakan),Berat Dapat Dimakan (65%),46 kkal,0.20 g,0 mcg,0.08 mg,0.01 mg,0.30 mg,6 mg,11.90 g,0.40 g,1.70 g,15 mg,9 mg,2 mg,88.90 mg,0 mcg,0.20 mg,0.10 mg,120 mcg,,86.60 g,0.80 g,,,,,,,,,,,,,
668,Alami,"Mangga indramayu, segar",Per 100 g BDD (Berat Dapat Dimakan),Berat Dapat Dimakan (65%),72 kkal,0.20 g,0 mcg,0.06 mg,0.02 mg,0.50 mg,16 mg,18.70 g,0.80 g,2.50 g,13 mg,10 mg,3 mg,131.40 mg,100 mcg,1.90 mg,0.10 mg,178 mcg,,80.20 g,0.10 g,,,,,,,,,,,,,
669,Alami,"Mangga kopek, segar",Per 100 g BDD (Berat Dapat Dimakan),Berat Dapat Dimakan (65%),56 kkal,0.20 g,0 mcg,0.03 mg,0.01 mg,0.40 mg,27 mg,14.60 g,0.40 g,2 g,16 mg,10 mg,2 mg,102.90 mg,0 mcg,1.70 mg,0.10 mg,139 mcg,,84.50 g,0.30 g,,,,,,,,,,,,,
670,Alami,"Mangga kwini, segar",Per 100 g BDD (Berat Dapat Dimakan),Berat Dapat Dimakan (65%),86 kkal,0.50 g,0 mcg,0.15 mg,0.02 mg,0.50 mg,18 mg,19.80 g,0.70 g,6.50 g,11 mg,11 mg,1 mg,16 mg,100 mcg,0.20 mg,0.10 mg,932 mcg,,78.60 g,0.40 g,,,,,,,,,,,,,
671,Alami,"Mangga manalagi, segar",Per 100 g BDD (Berat Dapat Dimakan),Berat Dapat Dimakan (65%),133 kkal,0.10 g,0 mcg,0.07 mg,0 mg,0.60 mg,61 mg,32.10 g,1 g,11.80 g,20 mg,23 mg,70 mg,161 mg,0 mcg,1 mg,0 mg,4 mcg,,66.50 g,0.30 g,,,,,,,,,,,,,
672,Alami,"Mangga muda, segar",Per 100 g BDD (Berat Dapat Dimakan),Berat Dapat Dimakan (73%),59 kkal,0.40 g,0 mcg,0.06 mg,0.02 mg,0.40 mg,2 mg,15.10 g,0.50 g,0 g,12 mg,11 mg,2 mg,108.20 mg,100 mcg,0.40 mg,0.10 mg,146 mcg,,83.70 g,0.30 g,,,,,,,,,,,,,
673,Alami,"Manggis, segar",Per 100 g BDD (Berat Dapat Dimakan),Berat Dapat Dimakan (29%),63 kkal,0.60 g,0 mcg,0.03 mg,0.03 mg,0.30 mg,5 mg,15.60 g,0.60 g,1.50 g,8 mg,12 mg,10 mg,61.90 mg,100 mcg,0.80 mg,0.10 mg,0 mcg,,83 g,0.20 g,,,,,,,,,,,,,
674,Alami,"Markisa, segar",Per 100 g BDD (Berat Dapat Dimakan),Berat Dapat Dimakan (48%),144 kkal,1.20 g,0 mcg,0.02 mg,0.17 mg,2 mg,10 mg,29.80 g,3.50 g,11.40 g,27 mg,203 mg,37 mg,453.80 mg,100 mcg,1.40 mg,0.10 mg,969 mcg,,64.70 g,0.80 g,,,,,,,,,,,,,
675,Alami,"Matoa, segar",Per 100 g BDD (Berat Dapat Dimakan),Berat Dapat Dimakan (40%),90 kkal,0.10 g,0 mcg,0.18 mg,0.09 mg,0.50 mg,54 mg,21.10 g,1.20 g,0.50 g,20 mg,40 mg,10 mg,190 mg,300 mcg,0.60 mg,0.60 mg,2 mcg,,76.50 g,1.10 g,,,,,,,,,,,,,
676,Alami,"Melon, segar",Per 100 g BDD (Berat Dapat Dimakan),Berat Dapat Dimakan (58%),37 kkal,0.40 g,0 mcg,0.02 mg,0.10 mg,0 mg,0 mg,7.80 g,0.60 g,1 g,12 mg,14 mg,27 mg,167 mg,300 mcg,0.40 mg,0.10 mg,1 mcg,,90.80 g,0.50 g,,,,,,,,,,,,,
677,Alami,"Menteng, segar",Per 100 g BDD (Berat Dapat Dimakan),Berat Dapat Dimakan (64%),65 kkal,0.25 g,0 mcg,0 mg,0 mg,0 mg,0 mg,16.10 g,1.70 g,0 g,13 mg,20 mg,0 mg,0 mg,0 mcg,0.80 mg,0 mg,0 mcg,,79 g,2.90 g,,,,,,,,,,,,,
678,Alami,"Nanas palembang, segar",Per 100 g BDD (Berat Dapat Dimakan),Berat Dapat Dimakan (53%),58 kkal,0.20 g,0 mcg,0.26 mg,0.03 mg,0.20 mg,11 mg,13.30 g,0.70 g,1.60 g,29 mg,15 mg,7 mg,117 mg,0 mcg,0.60 mg,0.10 mg,17 mcg,,85.50 g,0.30 g,,,,,,,,,,,,,
679,Alami,"Nanas, segar",Per 100 g BDD (Berat Dapat Dimakan),Berat Dapat Dimakan (53%),40 kkal,0.30 g,0 mcg,0.02 mg,0.04 mg,0.20 mg,22 mg,9.90 g,0.60 g,0.60 g,22 mg,14 mg,18 mg,111 mg,0 mcg,0.90 mg,0.10 mg,17 mcg,,88.90 g,0.30 g,,,,,,,,,,,,,
680,Alami,"Nangka masak pohon, segar",Per 100 g BDD (Berat Dapat Dimakan),Berat Dapat Dimakan (28%),106 kkal,0.30 g,0 mcg,0.07 mg,0.10 mg,1 mg,7 mg,27.60 g,1.20 g,3.70 g,20 mg,19 mg,2 mg,407 mg,246600 mcg,0.90 mg,1.40 mg,149 mcg,,70 g,2.70 g,,,,,,,,,,,,,
681,Alami,"Pala, daging, segar",Per 100 g BDD (Berat Dapat Dimakan),Berat Dapat Dimakan (30%),42 kkal,0.20 g,0 mcg,0 mg,0 mg,0 mg,22 mg,10.90 g,0.30 g,0.50 g,32 mg,24 mg,0 mg,0 mg,0 mcg,1.50 mg,0 mg,0 mcg,,88.10 g,0.50 g,,,,,,,,,,,,,
682,Alami,"Buah Pepaya, segar",Per 100 g BDD (Berat Dapat Dimakan),Berat Dapat Dimakan (75%),46 kkal,0.10 g,0 mcg,0.04 mg,0.06 mg,0.40 mg,78 mg,12.20 g,0.50 g,1.60 g,23 mg,12 mg,4 mg,221 mg,0 mcg,1.70 mg,0.30 mg,1038 mcg,,88.70 g,0.60 g,,,,,,,,,,,,,
683,Alami,"Pisang ambon, segar",Per 100 g BDD (Berat Dapat Dimakan),Berat Dapat Dimakan (75%),108 kkal,0.80 g,0 mcg,0.05 mg,0.11 mg,0.10 mg,9 mg,24.30 g,1 g,1.90 g,20 mg,30 mg,10 mg,0 mg,200 mcg,0.20 mg,0.20 mg,37 mcg,,72.90 g,1 g,,,,,,,,,,,,,
684,Alami,"Pisang angleng (pisang ampyang), segar",Per 100 g BDD (Berat Dapat Dimakan),Berat Dapat Dimakan (75%),68 kkal,0.20 g,0 mcg,0.08 mg,0.05 mg,2.50 mg,6 mg,17.20 g,1.30 g,0.80 g,10 mg,26 mg,23 mg,215.70 mg,0 mcg,0.60 mg,0 mg,9 mcg,,80.30 g,1 g,,,,,,,,,,,,,
685,Alami,"Pisang ayam, segar",Per 100 g BDD (Berat Dapat Dimakan),Berat Dapat Dimakan (75%),120 kkal,0.20 g,0 mcg,0.10 mg,0.02 mg,1 mg,26 mg,26.80 g,1.10 g,4.10 g,20 mg,61 mg,6 mg,392 mg,100 mcg,0.40 mg,0.30 mg,24 mcg,,71.20 g,0.70 g,,,,,,,,,,,,,
686,Alami,"Pisang gapi, segar",Per 100 g BDD (Berat Dapat Dimakan),Berat Dapat Dimakan (75%),131 kkal,0.10 g,0 mcg,0.18 mg,0.02 mg,0.30 mg,13 mg,31.10 g,1.60 g,11.70 g,58 mg,40 mg,6 mg,392 mg,100 mcg,0.30 mg,0.30 mg,13 mcg,,66.30 g,1 g,,,,,,,,,,,,,
687,Alami,"Pisang goroho, segar",Per 100 g BDD (Berat Dapat Dimakan),Berat Dapat Dimakan (75%),119 kkal,0.20 g,0 mcg,0.15 mg,0.02 mg,1.10 mg,10 mg,27.90 g,1.50 g,4.60 g,2 mg,30 mg,36 mg,359 mg,100 mcg,0.20 mg,0.30 mg,11 mcg,,69.40 g,1 g,,,,,,,,,,,,,
688,Alami,"Pisang hijau, segar",Per 100 g BDD (Berat Dapat Dimakan),Berat Dapat Dimakan (72%),121 kkal,0.10 g,0 mcg,0.13 mg,0.06 mg,0 mg,13 mg,28.90 g,1 g,0.40 g,9 mg,37 mg,31 mg,529.40 mg,300 mcg,0.90 mg,0.60 mg,48 mcg,,68.90 g,1.10 g,,,,,,,,,,,,,
689,Alami,"Pisang kayu, segar",Per 100 g BDD (Berat Dapat Dimakan),Berat Dapat Dimakan (75%),100 kkal,0.50 g,0 mcg,0.10 mg,0 mg,0.60 mg,11 mg,23.60 g,1.40 g,2.60 g,15 mg,0 mg,1 mg,493 mg,100 mcg,0.10 mg,0.30 mg,3 mcg,,74.40 g,0.60 g,,,,,,,,,,,,,
690,Alami,"Pisang kepok, segar",Per 100 g BDD (Berat Dapat Dimakan),Berat Dapat Dimakan (75%),109 kkal,0.50 g,0 mcg,0.10 mg,0 mg,0.10 mg,9 mg,26.30 g,0.80 g,5.70 g,10 mg,30 mg,10 mg,300 mg,100 mcg,0.50 mg,0.20 mg,0 mcg,,71.90 g,1 g,,,,,,,,,,,,,
691,Alami,"Pisang ketip, segar",Per 100 g BDD (Berat Dapat Dimakan),Berat Dapat Dimakan (75%),145 kkal,0.30 g,0 mcg,0.13 mg,0.02 mg,0.80 mg,95 mg,34.50 g,1.10 g,6.60 g,5 mg,54 mg,4 mg,726 mg,200 mcg,0.10 mg,0.50 mg,3 mcg,,63.40 g,0.70 g,,,,,,,,,,,,,
692,Alami,"Pisang kidang, segar",Per 100 g BDD (Berat Dapat Dimakan),Berat Dapat Dimakan (70%),96 kkal,0.20 g,0 mcg,0.04 mg,0.10 mg,0.90 mg,2 mg,22.50 g,1 g,0.60 g,87 mg,173 mg,6 mg,418.80 mg,200 mcg,0.60 mg,0.50 mg,38 mcg,,75.40 g,0.90 g,,,,,,,,,,,,,
693,Alami,"Pisang lampung, segar",Per 100 g BDD (Berat Dapat Dimakan),Berat Dapat Dimakan (75%),99 kkal,0.20 g,0 mcg,0.07 mg,0.12 mg,1 mg,4 mg,25.60 g,1.30 g,4.30 g,10 mg,19 mg,28 mg,475 mg,300 mcg,0.90 mg,0.50 mg,43 mcg,,72.10 g,0.80 g,,,,,,,,,,,,,
694,Alami,"Pisang mas bali ampenan, segar",Per 100 g BDD (Berat Dapat Dimakan),Berat Dapat Dimakan (75%),92 kkal,0.20 g,0 mcg,0.09 mg,0.03 mg,0.60 mg,11 mg,21 g,1.40 g,3.70 g,7 mg,29 mg,32 mg,272 mg,200 mcg,1.20 mg,0.40 mg,14 mcg,,76.80 g,0.50 g,,,,,,,,,,,,,
695,Alami,"Pisang mas bali kopang, segar",Per 100 g BDD (Berat Dapat Dimakan),Berat Dapat Dimakan (75%),127 kkal,0.20 g,0 mcg,0.21 mg,0.05 mg,0.90 mg,17 mg,31.80 g,1.40 g,3.70 g,10 mg,0 mg,43 mg,616 mg,100 mcg,0.10 mg,0.40 mg,21 mcg,,64.20 g,2.40 g,,,,,,,,,,,,,
696,Alami,"Pisang mas, segar",Per 100 g BDD (Berat Dapat Dimakan),Berat Dapat Dimakan (85%),127 kkal,0.20 g,0 mcg,0.09 mg,0.08 mg,4.50 mg,2 mg,33.60 g,1.40 g,1.40 g,7 mg,25 mg,42 mg,392 mg,195800 mcg,0.80 mg,0.50 mg,17 mcg,,64.20 g,0.60 g,,,,,,,,,,,,,
697,Alami,"Pisang raja sereh, segar",Per 100 g BDD (Berat Dapat Dimakan),Berat Dapat Dimakan (86%),108 kkal,0.30 g,0 mcg,0.02 mg,0.08 mg,1.10 mg,2 mg,28.20 g,1.30 g,0.70 g,16 mg,38 mg,31 mg,522.60 mg,300 mcg,0.10 mg,0.60 mg,48 mcg,,69.30 g,1 g,,,,,,,,,,,,,
698,Alami,"Pisang raja, segar",Per 100 g BDD (Berat Dapat Dimakan),Berat Dapat Dimakan (70%),120 kkal,0.20 g,0 mcg,0.06 mg,0.14 mg,1.20 mg,10 mg,31.80 g,1.20 g,5.30 g,10 mg,22 mg,35 mg,582.20 mg,300 mcg,0.80 mg,0.70 mg,53 mcg,,65.80 g,1 g,,,,,,,,,,,,,
699,Alami,"Pisang rotan, segar",Per 100 g BDD (Berat Dapat Dimakan),Berat Dapat Dimakan (56%),98 kkal,1.20 g,0 mcg,0.01 mg,0.10 mg,0.90 mg,2 mg,20.50 g,1.30 g,1 g,17 mg,51 mg,24 mg,406.90 mg,200 mcg,1.10 mg,0.50 mg,37 mcg,,76.10 g,0.90 g,,,,,,,,,,,,,
700,Alami,"Pisang talas, segar",Per 100 g BDD (Berat Dapat Dimakan),Berat Dapat Dimakan (75%),113 kkal,0.20 g,0 mcg,0.12 mg,0.03 mg,1 mg,9 mg,26.70 g,1.20 g,4.40 g,22 mg,22 mg,29 mg,48 mg,300 mcg,0.60 mg,0.10 mg,159 mcg,,71 g,0.90 g,,,,,,,,,,,,,
701,Alami,Pisang tujuh bulan,Per 100 g BDD (Berat Dapat Dimakan),Berat Dapat Dimakan (75%),94 kkal,0.20 g,0 mcg,0.03 mg,0.03 mg,0.30 mg,6 mg,22.50 g,0.60 g,3.70 g,50 mg,20 mg,0 mg,4 mg,100 mcg,0.20 mg,0.40 mg,72 mcg,,75.90 g,0.80 g,,,,,,,,,,,,,
702,Alami,"Pisang ua, segar",Per 100 g BDD (Berat Dapat Dimakan),Berat Dapat Dimakan (75%),128 kkal,0.50 g,0 mcg,0.09 mg,0.01 mg,1.20 mg,4 mg,30.20 g,0.80 g,8.10 g,12 mg,28 mg,33 mg,382 mg,200 mcg,0.70 mg,0.30 mg,5 mcg,,67.80 g,0.70 g,,,,,,,,,,,,,
703,Alami,"Pisang uli, segar",Per 100 g BDD (Berat Dapat Dimakan),Berat Dapat Dimakan (77%),134 kkal,0.50 g,0 mcg,0.11 mg,0.16 mg,1.40 mg,3 mg,35.50 g,1.10 g,1.40 g,31 mg,53 mg,39 mg,650.30 mg,300 mcg,0.90 mg,0.70 mg,59 mcg,,61.80 g,1.10 g,,,,,,,,,,,,,
704,Alami,Purut,Per 100 g BDD (Berat Dapat Dimakan),Berat Dapat Dimakan (34%),76 kkal,1.10 g,0 mcg,0.01 mg,0.11 mg,0 mg,0 mg,15.20 g,4.10 g,1.70 g,30 mg,76 mg,10 mg,285.20 mg,0 mcg,0.60 mg,0 mg,27 mcg,,81.10 g,1.40 g,,,,,,,,,,,,,
705,Alami,Rambutan binjai,Per 100 g BDD (Berat Dapat Dimakan),Berat Dapat Dimakan (40%),76 kkal,0.20 g,0 mcg,0.19 mg,0.01 mg,0.40 mg,13 mg,18 g,0.50 g,3.80 g,15 mg,22 mg,22 mg,120 mg,200 mcg,1.20 mg,0.20 mg,0 mcg,,81 g,0.30 g,,,,,,,,,,,,,
706,Alami,Rambutan,Per 100 g BDD (Berat Dapat Dimakan),Berat Dapat Dimakan (40%),69 kkal,0.10 g,0 mcg,0 mg,0.07 mg,0.50 mg,58 mg,18.10 g,0.90 g,0.80 g,16 mg,16 mg,16 mg,104.20 mg,200 mcg,0.50 mg,0.10 mg,0 mcg,,80.50 g,0.40 g,,,,,,,,,,,,,
707,Alami,Salak bali,Per 100 g BDD (Berat Dapat Dimakan),Berat Dapat Dimakan (93%),57 kkal,0.10 g,0 mcg,0 mg,0 mg,0 mg,0 mg,13.60 g,0.50 g,1.30 g,94 mg,25 mg,0 mg,0 mg,100 mcg,2.10 mg,0.20 mg,3 mcg,,85.10 g,0.70 g,,,,,,,,,,,,,
708,Alami,Salak medan,Per 100 g BDD (Berat Dapat Dimakan),Berat Dapat Dimakan (93%),55 kkal,0.20 g,0 mcg,0.04 mg,0.03 mg,0 mg,58 mg,12.80 g,0.40 g,3.20 g,6 mg,46 mg,39 mg,113 mg,200 mcg,0.50 mg,0.30 mg,4 mcg,,78.10 g,8.50 g,,,,,,,,,,,,,
709,Alami,Salak pondoh,Per 100 g BDD (Berat Dapat Dimakan),Berat Dapat Dimakan (59%),87 kkal,0.40 g,0 mcg,0 mg,0.12 mg,0.10 mg,8 mg,20.10 g,0.80 g,0 g,38 mg,31 mg,0 mg,0 mg,100 mcg,3.90 mg,0.20 mg,0 mcg,,77.90 g,0.80 g,,,,,,,,,,,,,
710,Alami,Salak,Per 100 g BDD (Berat Dapat Dimakan),Berat Dapat Dimakan (93%),77 kkal,0 g,0 mcg,0.04 mg,0 mg,0 mg,2 mg,20.90 g,0.40 g,0 g,28 mg,18 mg,0 mg,0 mg,100 mcg,4.20 mg,0.20 mg,4 mcg,,78 g,0.70 g,,,,,,,,,,,,,
711,Alami,Sawo duren,Per 100 g BDD (Berat Dapat Dimakan),Berat Dapat Dimakan (64%),64 kkal,3.10 g,0 mcg,0.01 mg,0.02 mg,0.10 mg,1 mg,8 g,1 g,0.80 g,18 mg,45 mg,13 mg,111.40 mg,0 mcg,0.80 mg,0.10 mg,0 mcg,,87.30 g,0.60 g,,,,,,,,,,,,,
712,Alami,Sawo kecik,Per 100 g BDD (Berat Dapat Dimakan),Berat Dapat Dimakan (83%),111 kkal,2.30 g,0 mcg,0 mg,0.04 mg,1.50 mg,19 mg,21.60 g,0.90 g,1 g,20 mg,185 mg,28 mg,117.80 mg,0 mcg,0.70 mg,0.10 mg,119 mcg,,73.80 g,1.40 g,,,,,,,,,,,,,
713,Alami,Sawo Manila,Per 100 g BDD (Berat Dapat Dimakan),Berat Dapat Dimakan (79%),92 kkal,1.10 g,0 mcg,0.01 mg,0.04 mg,1.40 mg,21 mg,22.40 g,0.50 g,9.50 g,25 mg,12 mg,26 mg,110.20 mg,0 mcg,1 mg,0.10 mg,111 mcg,,75.50 g,0.50 g,,,,,,,,,,,,,
714,Alami,Semangka,Per 100 g BDD (Berat Dapat Dimakan),Berat Dapat Dimakan (46%),28 kkal,0.20 g,0 mcg,0.05 mg,0.05 mg,0.30 mg,6 mg,6.90 g,0.50 g,9.40 g,7 mg,12 mg,7 mg,93.80 mg,0 mcg,0.20 mg,0.10 mg,315 mcg,,92.10 g,0.30 g,,,,,,,,,,,,,
715,Alami,Sirsak,Per 100 g BDD (Berat Dapat Dimakan),Berat Dapat Dimakan (68%),65 kkal,0.30 g,0 mcg,0.07 mg,0.08 mg,0.70 mg,20 mg,16.30 g,1 g,3.20 g,14 mg,27 mg,2 mg,298.90 mg,100 mcg,0.60 mg,1 mg,8 mcg,,81.70 g,0.70 g,,,,,,,,,,,,,
716,Alami,Sowa,Per 100 g BDD (Berat Dapat Dimakan),,48 kkal,0.60 g,0 mcg,0.15 mg,0.23 mg,0.20 mg,4 mg,9.10 g,1.60 g,45 g,50 mg,40 mg,9 mg,0 mg,100 mcg,0.30 mg,1.50 mg,364 mcg,,87.70 g,10 g,,,,,,,,,,,,,
717,Alami,Srikaya,Per 100 g BDD (Berat Dapat Dimakan),Berat Dapat Dimakan (48%),63 kkal,0.50 g,0 mcg,0.08 mg,0 mg,0 mg,28 mg,13.90 g,1.10 g,2.10 g,127 mg,30 mg,0 mg,0 mg,0 mcg,2.70 mg,0 mg,0 mcg,,83.40 g,1.10 g,,,,,,,,,,,,,
718,Alami,Sukun muda,Per 100 g BDD (Berat Dapat Dimakan),Berat Dapat Dimakan (84%),119 kkal,0.20 g,0 mcg,0.17 mg,0.17 mg,3.70 mg,52 mg,28.10 g,1.40 g,1.40 g,24 mg,44 mg,24 mg,414.40 mg,100 mcg,1.40 mg,0.10 mg,28 mcg,,69.40 g,1 g,,,,,,,,,,,,,
719,Alami,Sukun tua,Per 100 g BDD (Berat Dapat Dimakan),Berat Dapat Dimakan (88%),126 kkal,0.20 g,0 mcg,0.18 mg,0.17 mg,3.90 mg,58 mg,24.50 g,1.60 g,1.50 g,37 mg,47 mg,25 mg,436 mg,100 mcg,1.60 mg,0.10 mg,30 mcg,,67.80 g,1 g,,,,,,,,,,,,,
720,Alami,Vigus,Per 100 g BDD (Berat Dapat Dimakan),,44 kkal,0.10 g,0 mcg,0.26 mg,0.01 mg,0 mg,43 mg,8.30 g,2.40 g,0 g,30 mg,20 mg,2 mg,180 mg,100 mcg,0.30 mg,0.20 mg,0 mcg,,88 g,1.20 g,,,,,,,,,,,,,
721,Alami,Wani,Per 100 g BDD (Berat Dapat Dimakan),Berat Dapat Dimakan (77%),74 kkal,0.30 g,0 mcg,0.08 mg,0 mg,0 mg,80 mg,17.10 g,0.80 g,3.10 g,66 mg,29 mg,0 mg,0 mg,0 mcg,1.20 mg,0 mg,0 mcg,,81.20 g,0.60 g,,,,,,,,,,,,,
722,Alami,Barongko,Per 100 g BDD (Berat Dapat Dimakan),Berat Dapat Dimakan (100%),159 kkal,5.80 g,0 mcg,0 mg,0 mg,0 mg,0 mg,23.50 g,3.10 g,0 g,35 mg,65 mg,46 mg,78 mg,300 mcg,1.20 mg,0.60 mg,0 mcg,,66.70 g,0.70 g,,,,,,,,,,,,,
723,Alami,Dodol nanas,Per 100 g BDD (Berat Dapat Dimakan),Berat Dapat Dimakan (100%),338 kkal,1.20 g,0 mcg,0.30 mg,0 mg,0 mg,8 mg,80.30 g,1.50 g,0 g,0 mg,0 mg,0 mg,0 mg,0 mcg,0 mg,0 mg,0 mcg,,16.10 g,0.90 g,,,,,,,,,,,,,
724,Alami,Getuk pisang,Per 100 g BDD (Berat Dapat Dimakan),Berat Dapat Dimakan (100%),144 kkal,0.40 g,0 mcg,0.55 mg,0 mg,0 mg,0 mg,34.10 g,1.10 g,0.40 g,48 mg,32 mg,0 mg,0 mg,0 mcg,1 mg,0 mg,0 mcg,,63.70 g,0.70 g,,,,,,,,,,,,,
725,Alami,Keripik lampung,Per 100 g BDD (Berat Dapat Dimakan),Berat Dapat Dimakan (100%),485 kkal,22.20 g,0 mcg,0.34 mg,0 mg,0 mg,0 mg,69.70 g,1.70 g,0.60 g,43 mg,65 mg,0 mg,0 mg,0 mcg,0.80 mg,0 mg,0 mcg,,5 g,1.50 g,,,,,,,,,,,,,
726,Alami,Ledre pisang,Per 100 g BDD (Berat Dapat Dimakan),Berat Dapat Dimakan (100%),405 kkal,5.10 g,0 mcg,0.41 mg,0 mg,0 mg,0 mg,84.90 g,4.80 g,0.40 g,59 mg,124 mg,0 mg,0 mg,0 mcg,2.60 mg,0 mg,4 mcg,,3.60 g,1.60 g,,,,,,,,,,,,,
727,Alami,Lempog durian,Per 100 g BDD (Berat Dapat Dimakan),Berat Dapat Dimakan (100%),320 kkal,5.70 g,0 mcg,0.05 mg,0.04 mg,0 mg,0 mg,63.70 g,3.50 g,4.90 g,190 mg,93 mg,0 mg,0 mg,0 mcg,2.50 mg,0 mg,0 mcg,,25.20 g,1.90 g,,,,,,,,,,,,,
728,Alami,Loka anjoro,Per 100 g BDD (Berat Dapat Dimakan),Berat Dapat Dimakan (100%),163 kkal,4.30 g,0 mcg,0 mg,0 mg,0 mg,0 mg,30 g,1.10 g,0 g,0 mg,0 mg,0 mg,0 mg,0 mcg,0 mg,0 mg,0 mcg,,63.30 g,1.30 g,,,,,,,,,,,,,
729,Alami,Rica-rica taipa,Per 100 g BDD (Berat Dapat Dimakan),Berat Dapat Dimakan (100%),49 kkal,0.30 g,0 mcg,0.18 mg,0.04 mg,0 mg,15 mg,10 g,1.60 g,0 g,11 mg,48 mg,426 mg,42 mg,500 mcg,3 mg,0.50 mg,13 mcg,,86.70 g,1.40 g,,,,,,,,,,,,,
730,Alami,Rujak aceh,Per 100 g BDD (Berat Dapat Dimakan),Berat Dapat Dimakan (100%),82 kkal,0.30 g,0 mcg,0.22 mg,0.03 mg,0 mg,42 mg,19.70 g,0.40 g,2.40 g,0 mg,0 mg,0 mg,0 mg,0 mcg,0 mg,0 mg,10 mcg,,78.70 g,0.90 g,,,,,,,,,,,,,
731,Alami,Sale kesemek,Per 100 g BDD (Berat Dapat Dimakan),Berat Dapat Dimakan (100%),296 kkal,0.60 g,0 mcg,0 mg,0 mg,0 mg,3 mg,71.40 g,1.10 g,0 g,0 mg,0 mg,0 mg,0 mg,0 mcg,0 mg,0 mg,0 mcg,,25 g,1.80 g,,,,,,,,,,,,,
732,Alami,Sale pisang siam,Per 100 g BDD (Berat Dapat Dimakan),Berat Dapat Dimakan (100%),281 kkal,0.70 g,0 mcg,0.10 mg,0 mg,0 mg,0 mg,66.10 g,2.40 g,1 g,41 mg,64 mg,0 mg,0 mg,0 mcg,1.20 mg,0 mg,0 mcg,,28.90 g,2 g,,,,,,,,,,,,,
733,Alami,"Sale pisang, cilacap",Per 100 g BDD (Berat Dapat Dimakan),Berat Dapat Dimakan (100%),295 kkal,2.10 g,0 mcg,0.14 mg,0 mg,0 mg,0 mg,66.90 g,2.30 g,1.30 g,47 mg,97 mg,0 mg,0 mg,0 mcg,2.80 mg,0 mg,0 mcg,,27.10 g,1.70 g,,,,,,,,,,,,,
734,Alami,Sanggara belanda,Per 100 g BDD (Berat Dapat Dimakan),Berat Dapat Dimakan (100%),242 kkal,7.10 g,0 mcg,0 mg,0 mg,0 mg,0 mg,38.20 g,6.40 g,0 g,0 mg,0 mg,0 mg,0 mg,0 mcg,0 mg,0 mg,0 mcg,,47.10 g,1.20 g,,,,,,,,,,,,,
735,Alami,Tepung Pisang,Per 100 g BDD (Berat Dapat Dimakan),Berat Dapat Dimakan (100%),338 kkal,0.40 g,0 mcg,0.02 mg,0.02 mg,1 mg,2 mg,80.60 g,2.90 g,5.30 g,23 mg,62 mg,18 mg,734 mg,100 mcg,4 mg,0.50 mg,13 mcg,,13.80 g,2.10 g,,,,,,,,,,,,,
736,Alami,Tepung Sukun,Per 100 g BDD (Berat Dapat Dimakan),Berat Dapat Dimakan (100%),353 kkal,0.50 g,0 mcg,0.40 mg,0.02 mg,0.10 mg,3 mg,84.40 g,2.90 g,3.70 g,100 mg,85 mg,9 mg,2008 mg,100 mcg,4.60 mg,0.60 mg,0 mcg,,10.10 g,2.10 g,,,,,,,,,,,,,
737,Alami,"Anak sapi, daging, gemuk,segar",Per 100 g BDD (Berat Dapat Dimakan),Berat Dapat Dimakan (100%),184 kkal,14 g,12 mcg,0.13 mg,0.17 mg,7 mg,0 mg,0 g,18.80 g,0 g,10 mg,200 mg,118 mg,490.10 mg,170 mcg,2.20 mg,3.30 mg,37 mcg,,62 g,5.20 g,,,,,,,,,,,,,
738,Alami,"Anak sapi, daging, kurus,segar",Per 100 g BDD (Berat Dapat Dimakan),Berat Dapat Dimakan (100%),174 kkal,10 g,6 mcg,0.08 mg,0.14 mg,5.70 mg,0 mg,0 g,19.60 g,0 g,11 mg,201 mg,96 mg,399.80 mg,140 mcg,2.90 mg,2.70 mg,30 mcg,,69 g,1.40 g,,,,,,,,,,,,,
739,Alami,"Anak sapi, daging,sedang,segar",Per 100 g BDD (Berat Dapat Dimakan),Berat Dapat Dimakan (100%),190 kkal,12 g,12 mcg,0.14 mg,0.15 mg,5.90 mg,0 mg,0 g,19.10 g,0 g,11 mg,193 mg,99 mg,412.70 mg,140 mcg,2.90 mg,2.80 mg,83 mcg,,68 g,0.90 g,,,,,,,,,,,,,
740,Alami,"Angsa,daging,segar",Per 100 g BDD (Berat Dapat Dimakan),Berat Dapat Dimakan (60%),349 kkal,31.50 g,273 mcg,0.10 mg,0.24 mg,7.11 mg,0 mg,0 g,16.40 g,0 g,15 mg,188 mg,71 mg,299.20 mg,260 mcg,1.80 mg,1.70 mg,0 mcg,,51.10 g,1 g,,,,,,,,,,,,,
741,Alami,"Daging Ayam , segar",Per 100 g BDD (Berat Dapat Dimakan),Berat Dapat Dimakan (58%),298 kkal,25 g,245 mcg,0.08 mg,0.14 mg,10.40 mg,0 mg,0 g,18.20 g,0 g,14 mg,200 mg,109 mg,385.90 mg,110 mcg,1.50 mg,0.60 mg,0 mcg,,55.90 g,0.90 g,,,,,,,,,,,,,
742,Alami,"Ayam, dideh/darah, segar",Per 100 g BDD (Berat Dapat Dimakan),Berat Dapat Dimakan (100%),75 kkal,1.90 g,15 mcg,0.02 mg,0 mg,0.60 mg,0 mg,0.70 g,13.80 g,0 g,15 mg,9 mg,337 mg,234 mg,0 mcg,1.30 mg,0 mg,0 mcg,,82 g,1.60 g,,,,,,,,,,,,,
743,Alami,"Ayam,hati,segar",Per 100 g BDD (Berat Dapat Dimakan),Berat Dapat Dimakan (100%),261 kkal,16.10 g,4957 mcg,0.64 mg,4.38 mg,4.11 mg,0 mg,1.60 g,27.40 g,0 g,118 mg,373 mg,1068 mg,22.90 mg,840 mcg,15.80 mg,0 mg,169 mcg,,53.40 g,1.50 g,,,,,,,,,,,,,
744,Alami,"Babi, daging, gemuk, segar",Per 100 g BDD (Berat Dapat Dimakan),Berat Dapat Dimakan (100%),453 kkal,45 g,0 mcg,0.58 mg,0.59 mg,5.90 mg,0 mg,0 g,11.90 g,0 g,7 mg,117 mg,112 mg,819.30 mg,220 mcg,1.80 mg,0.40 mg,0 mcg,,42 g,1.10 g,,,,,,,,,,,,,
745,Alami,"Babi, daging, kurus, segar",Per 100 g BDD (Berat Dapat Dimakan),Berat Dapat Dimakan (100%),371 kkal,35 g,0 mcg,0.67 mg,0.33 mg,5.40 mg,0 mg,0 g,14.10 g,0 g,8 mg,151 mg,97 mg,706.30 mg,190 mcg,2.10 mg,0.40 mg,0 mcg,,50 g,0.90 g,,,,,,,,,,,,,
746,Alami,"Babi, ginjal, segar",Per 100 g BDD (Berat Dapat Dimakan),Berat Dapat Dimakan (100%),110 kkal,4.60 g,39 mcg,0.58 mg,1.59 mg,9.10 mg,13 mg,0.80 g,16.30 g,0 g,11 mg,246 mg,139 mg,390 mg,710 mcg,8 mg,3.20 mg,10 mcg,,77.10 g,1.20 g,,,,,,,,,,,,,
747,Alami,"Babi, hati, segar",Per 100 g BDD (Berat Dapat Dimakan),Berat Dapat Dimakan (100%),129 kkal,4.80 g,4303 mcg,0.40 mg,1.16 mg,5.70 mg,23 mg,1.70 g,19.70 g,0 g,10 mg,362 mg,110 mg,447 mg,580 mcg,18 mg,0.10 mg,6 mcg,,72.30 g,1.50 g,,,,,,,,,,,,,
748,Alami,"Bebek (itik), daging, segar",Per 100 g BDD (Berat Dapat Dimakan),Berat Dapat Dimakan (60%),321 kkal,28.60 g,273 mcg,0.10 mg,0.28 mg,4.30 mg,0 mg,0 g,16 g,0 g,15 mg,188 mg,54 mg,119 mg,210 mcg,1.80 mg,1.20 mg,0 mcg,,54.30 g,1.10 g,,,,,,,,,,,,,
749,Alami,"Bebek albino, daging, segar",Per 100 g BDD (Berat Dapat Dimakan),Berat Dapat Dimakan (100%),303 kkal,27 g,0 mcg,0.36 mg,0.04 mg,4.10 mg,0 mg,3.70 g,11.30 g,0 g,20 mg,293 mg,50 mg,260 mg,700 mcg,4.80 mg,2 mg,0 mcg,,57 g,1 g,,,,,,,,,,,,,
750,Alami,"Belibis, daging, segar",Per 100 g BDD (Berat Dapat Dimakan),Berat Dapat Dimakan (100%),131 kkal,4.30 g,0 mcg,0.37 mg,0.08 mg,2.70 mg,0 mg,2.80 g,20.20 g,0 g,8 mg,192 mg,46 mg,104 mg,1200 mcg,9.60 mg,1.60 mg,0 mcg,,71.30 g,1.40 g,,,,,,,,,,,,,
751,Alami,"Burung, sarang, segar",Per 100 g BDD (Berat Dapat Dimakan),Berat Dapat Dimakan (100%),281 kkal,0.30 g,0 mcg,0 mg,0 mg,0 mg,0 mg,32.10 g,37.50 g,0 g,485 mg,18 mg,0 mg,0 mg,0 mcg,3 mg,0 mg,0 mcg,,24.80 g,5.30 g,,,,,,,,,,,,,
752,Alami,"Domba, daging, gemuk, segar",Per 100 g BDD (Berat Dapat Dimakan),Berat Dapat Dimakan (100%),317 kkal,27.70 g,0 mcg,0.14 mg,0.23 mg,6.50 mg,0 mg,0 g,15.70 g,0 g,9 mg,157 mg,64 mg,242.10 mg,110 mcg,2.40 mg,3.70 mg,0 mcg,,55.80 g,0.80 g,,,,,,,,,,,,,
753,Alami,"Domba, daging, gemuk, segar",Per 100 g BDD (Berat Dapat Dimakan),Berat Dapat Dimakan (100%),202 kkal,14.80 g,0 mcg,0.15 mg,0.26 mg,5.70 mg,0 mg,0 g,17.10 g,0 g,10 mg,191 mg,90 mg,355 mg,80 mcg,2.60 mg,2.80 mg,0 mcg,,66.30 g,1.80 g,,,,,,,,,,,,,
754,Alami,"Domba, ginjal, segar",Per 100 g BDD (Berat Dapat Dimakan),Berat Dapat Dimakan (100%),100 kkal,3.30 g,348 mcg,0.51 mg,2.35 mg,7.50 mg,13 mg,1 g,16.60 g,0 g,13 mg,237 mg,155 mg,276 mg,480 mcg,9.20 mg,2.40 mg,515 mcg,,77.80 g,1.30 g,,,,,,,,,,,,,
755,Alami,Daging kambing (segar),Per 100 g BDD (Berat Dapat Dimakan),Berat Dapat Dimakan (100%),149 kkal,9.20 g,0 mcg,0.09 mg,0.23 mg,5 mg,0 mg,0 g,16.60 g,0 g,11 mg,124 mg,96 mg,268.70 mg,310 mcg,1 mg,4.90 mg,0 mcg,,70.30 g,3.90 g,,,,,,,,,,,,,
756,Alami,"Kelinci, daging, segar",Per 100 g BDD (Berat Dapat Dimakan),Berat Dapat Dimakan (100%),142 kkal,7.80 g,0 mcg,0.11 mg,0.11 mg,6.80 mg,0 mg,0 g,16.90 g,0 g,7 mg,350 mg,49 mg,371.10 mg,0 mcg,1 mg,0 mg,0 mcg,,74.30 g,1 g,,,,,,,,,,,,,
757,Alami,"Kerbau, daging, segar",Per 100 g BDD (Berat Dapat Dimakan),Berat Dapat Dimakan (100%),79 kkal,0.50 g,0 mcg,0.06 mg,0.17 mg,5 mg,0 mg,0 g,18.70 g,0 g,14 mg,221 mg,91 mg,273 mg,130 mcg,3.30 mg,1.60 mg,0 mcg,,80 g,0.80 g,,,,,,,,,,,,,
758,Alami,"Kuda, daging, segar",Per 100 g BDD (Berat Dapat Dimakan),Berat Dapat Dimakan (100%),113 kkal,4.10 g,0 mcg,0.07 mg,0.07 mg,3 mg,0 mg,0.90 g,18.10 g,0 g,10 mg,150 mg,46 mg,315.70 mg,130 mcg,2.70 mg,2.50 mg,0 mcg,,76 g,0.90 g,,,,,,,,,,,,,
759,Alami,"Sapi, babat, segar",Per 100 g BDD (Berat Dapat Dimakan),Berat Dapat Dimakan (100%),108 kkal,4.20 g,0 mcg,0.15 mg,0.17 mg,1.70 mg,0 mg,0 g,17.60 g,0 g,12 mg,144 mg,147 mg,101.40 mg,110 mcg,1 mg,2.20 mg,49 mcg,,76.70 g,1.50 g,,,,,,,,,,,,,
760,Alami,"Sapi, daging, gemuk, segar",Per 100 g BDD (Berat Dapat Dimakan),Berat Dapat Dimakan (100%),273 kkal,22 g,12 mcg,0.08 mg,0.18 mg,7.30 mg,0 mg,0 g,17.50 g,0 g,10 mg,150 mg,93 mg,267 mg,170 mcg,2.60 mg,6.40 mg,0 mcg,,60 g,0.50 g,,,,,,,,,,,,,
761,Alami,"Sapi, daging, gemuk, segar",Per 100 g BDD (Berat Dapat Dimakan),Berat Dapat Dimakan (100%),174 kkal,10 g,6 mcg,0.07 mg,0.51 mg,1.20 mg,0 mg,0 g,19.60 g,0 g,11 mg,181 mg,83 mg,489 mg,70 mcg,2.90 mg,4.90 mg,181 mcg,,69 g,1.40 g,,,,,,,,,,,,,
762,Alami,"Sapi, daging, lemak, sedang, segar",Per 100 g BDD (Berat Dapat Dimakan),Berat Dapat Dimakan (100%),201 kkal,14 g,9 mcg,0.08 mg,0.56 mg,1.30 mg,0 mg,0 g,18.80 g,0 g,11 mg,170 mg,105 mg,378 mg,4580 mcg,2.80 mg,5.20 mg,198 mcg,,66 g,1.20 g,,,,,,,,,,,,,
763,Alami,"Sapi, daleman, segar",Per 100 g BDD (Berat Dapat Dimakan),Berat Dapat Dimakan (100%),183 kkal,14.40 g,0 mcg,0.31 mg,0.22 mg,8.40 mg,0 mg,1.40 g,12 g,0 g,43 mg,319 mg,277 mg,160 mg,100 mcg,1.80 mg,0.80 mg,104 mcg,,70.10 g,2.10 g,,,,,,,,,,,,,
764,Alami,"Sapi, dideh/darah",Per 100 g BDD (Berat Dapat Dimakan),Berat Dapat Dimakan (100%),98 kkal,1.10 g,15 mcg,0.01 mg,0.03 mg,0.90 mg,0 mg,0 g,21.90 g,0 g,7 mg,24 mg,150 mg,170 mg,0 mcg,1.30 mg,0.20 mg,214 mcg,,75.60 g,1.40 g,,,,,,,,,,,,,
765,Alami,"Sapi, ginjal, segar",Per 100 g BDD (Berat Dapat Dimakan),Berat Dapat Dimakan (100%),137 kkal,8.10 g,348 mcg,0.37 mg,1.22 mg,6.10 mg,13 mg,0.90 g,15 g,0 g,9 mg,221 mg,200 mg,230.20 mg,0 mcg,7.90 mg,0 mg,583 mcg,,74.90 g,1.10 g,,,,,,,,,,,,,
766,Alami,"Sapi, keleponan, segar",Per 100 g BDD (Berat Dapat Dimakan),Berat Dapat Dimakan (100%),84 kkal,4.60 g,857 mcg,0.10 mg,0.14 mg,0.30 mg,0 mg,0.20 g,10.50 g,0 g,20 mg,13 mg,73 mg,318 mg,200 mcg,2.10 mg,1.70 mg,34 mcg,,83.80 g,0.90 g,,,,,,,,,,,,,
767,Alami,"Sapi, liver, segar",Per 100 g BDD (Berat Dapat Dimakan),Berat Dapat Dimakan (100%),132 kkal,3.20 g,13303 mcg,0.26 mg,1.52 mg,11.40 mg,31 mg,6 g,19.70 g,0 g,7 mg,358 mg,110 mg,213 mg,510 mcg,6.60 mg,2.30 mg,355 mcg,,69.70 g,1.40 g,,,,,,,,,,,,,
768,Alami,"Sapi, otak, segar",Per 100 g BDD (Berat Dapat Dimakan),Berat Dapat Dimakan (100%),123 kkal,8.60 g,0 mcg,0.23 mg,0.19 mg,3.90 mg,18 mg,0.80 g,10.40 g,0 g,16 mg,330 mg,112 mg,243.80 mg,260 mcg,3.60 mg,0.90 mg,0 mcg,,78.90 g,1.30 g,,,,,,,,,,,,,
769,Alami,"Sapi, usus, segar",Per 100 g BDD (Berat Dapat Dimakan),Berat Dapat Dimakan (100%),126 kkal,7.20 g,61 mcg,0.08 mg,0.33 mg,0.20 mg,0 mg,1.50 g,14 g,0 g,14 mg,115 mg,0 mg,0 mg,0 mcg,4 mg,0 mg,0 mcg,,76.70 g,0.60 g,,,,,,,,,,,,,
770,Alami,Ulat sagu segar,Per 100 g BDD (Berat Dapat Dimakan),Berat Dapat Dimakan (100%),241 kkal,21.60 g,0 mcg,0.17 mg,1.45 mg,0.10 mg,0 mg,5.80 g,5.80 g,2.80 g,20 mg,70 mg,210 mg,210 mg,1000 mcg,0.50 mg,7.70 mg,0 mcg,,65.90 g,0.90 g,,,,,,,,,,,,,
771,Alami,"Ayam, ampela, goreng",Per 100 g BDD (Berat Dapat Dimakan),Berat Dapat Dimakan (100%),270 kkal,11.20 g,56 mcg,0.21 mg,0 mg,4.72 mg,0 mg,9.90 g,32.30 g,0 g,129 mg,314 mg,980 mg,0 mg,120 mcg,4.90 mg,3.30 mg,0 mcg,,4.80 g,1.80 g,,,,,,,,,,,,,
772,Alami,"Ayam, usus, goreng",Per 100 g BDD (Berat Dapat Dimakan),Berat Dapat Dimakan (100%),473 kkal,26.30 g,6 mcg,0.57 mg,0 mg,0 mg,0 mg,13.90 g,45.20 g,0 g,1407 mg,458 mg,0 mg,0 mg,0 mcg,8.40 mg,0 mg,0 mcg,,4.60 g,10.10 g,,,,,,,,,,,,,
773,Alami,"Bebek, daging, goreng",Per 100 g BDD (Berat Dapat Dimakan),Berat Dapat Dimakan (100%),300 kkal,20.70 g,0 mcg,0.10 mg,0.40 mg,10.60 mg,0 mg,4.50 g,24 g,0 g,170 mg,170 mg,34 mg,6 mg,400 mcg,4.10 mg,3 mg,0 mcg,,48.80 g,2 g,,,,,,,,,,,,,
774,Alami,"Buaya, daging, dendeng, mentah",Per 100 g BDD (Berat Dapat Dimakan),Berat Dapat Dimakan (100%),365 kkal,4.80 g,0 mcg,0 mg,0 mg,0.20 mg,0 mg,30.80 g,49.60 g,0 g,60 mg,130 mg,500 mg,680 mg,200 mcg,4.30 mg,11.60 mg,0 mcg,,12.30 g,2.50 g,,,,,,,,,,,,,
775,Alami,Ham,Per 100 g BDD (Berat Dapat Dimakan),Berat Dapat Dimakan (100%),384 kkal,35 g,0 mcg,0.70 mg,0.95 mg,9.70 mg,0 mg,0.30 g,16.90 g,0 g,10 mg,136 mg,112 mg,819.30 mg,110 mcg,2.50 mg,0.40 mg,0 mcg,,42 g,5.80 g,,,,,,,,,,,,,
776,Alami,"Itik alabio, daging, dendeng, mentah",Per 100 g BDD (Berat Dapat Dimakan),Berat Dapat Dimakan (100%),496 kkal,33.50 g,0 mcg,0 mg,0 mg,0 mg,0 mg,18.40 g,30.30 g,0 g,135 mg,370 mg,1081 mg,478 mg,700 mcg,12.50 mg,0.30 mg,0 mcg,,12.70 g,5.10 g,,,,,,,,,,,,,
777,Alami,Kerupuk urat,Per 100 g BDD (Berat Dapat Dimakan),Berat Dapat Dimakan (100%),588 kkal,40.90 g,2802 mcg,0 mg,0 mg,0 mg,0 mg,1.20 g,53.70 g,0 g,36 mg,15 mg,1024 mg,37 mg,100 mcg,1.30 mg,0.20 mg,0 mcg,,3.60 g,0.60 g,,,,,,,,,,,,,
778,Alami,"Menjangan, daging, dendeng, mentah",Per 100 g BDD (Berat Dapat Dimakan),Berat Dapat Dimakan (100%),322 kkal,2 g,3391 mcg,0 mg,0 mg,0 mg,0 mg,22.70 g,55.80 g,0 g,55 mg,310 mg,765 mg,1282 mg,1700 mcg,2.10 mg,3.20 mg,0 mcg,,14.30 g,5.30 g,,,,,,,,,,,,,
779,Alami,"Punai, daging, goreng",Per 100 g BDD (Berat Dapat Dimakan),Berat Dapat Dimakan (100%),224 kkal,11.30 g,0 mcg,0 mg,0 mg,0 mg,0 mg,4.40 g,26.20 g,0 g,362 mg,362 mg,2 mg,19 mg,300 mcg,3.10 mg,1.60 mg,0 mcg,,54.50 g,3.60 g,,,,,,,,,,,,,
780,Alami,"Rusa, daging, dendeng, mentah",Per 100 g BDD (Berat Dapat Dimakan),Berat Dapat Dimakan (100%),536 kkal,41.50 g,285 mcg,0 mg,0 mg,0.20 mg,0 mg,0 g,40.50 g,0 g,90 mg,420 mg,130 mg,690 mg,300 mcg,13.40 mg,10.70 mg,0 mcg,,18.30 g,2.50 g,,,,,,,,,,,,,
781,Alami,"Sapi, abon",Per 100 g BDD (Berat Dapat Dimakan),Berat Dapat Dimakan (100%),212 kkal,10.60 g,0 mcg,0.17 mg,0 mg,0 mg,0 mg,59.30 g,18 g,7.50 g,150 mg,209 mg,0 mg,0 mg,0 mcg,12.30 mg,0 mg,240 mcg,,7.10 g,4.70 g,,,,,,,,,,,,,
782,Alami,"Sapi, abon, asli",Per 100 g BDD (Berat Dapat Dimakan),Berat Dapat Dimakan (100%),358 kkal,16.10 g,3 mcg,0.13 mg,0 mg,0 mg,0 mg,38.60 g,14.60 g,2.50 g,165 mg,136 mg,0 mg,0 mg,0 mcg,14.60 mg,0 mg,194 mcg,,24.80 g,5.80 g,,,,,,,,,,,,,
783,Alami,"Sapi, daging, asap",Per 100 g BDD (Berat Dapat Dimakan),Berat Dapat Dimakan (100%),182 kkal,6 g,6 mcg,0.12 mg,0.23 mg,5.90 mg,0 mg,0 g,32 g,0 g,15 mg,300 mg,1620 mg,485.40 mg,30 mcg,5 mg,5.10 mg,0 mcg,,60 g,2 g,,,,,,,,,,,,,
784,Alami,"sapi, daging, dendeng, mentah",Per 100 g BDD (Berat Dapat Dimakan),Berat Dapat Dimakan (100%),301 kkal,9 g,0 mcg,0.10 mg,0 mg,0 mg,0 mg,0 g,55 g,0 g,30 mg,370 mg,0 mg,0 mg,0 mcg,5.10 mg,0 mg,0 mcg,,25 g,11 g,,,,,,,,,,,,,
785,Alami,"Sapi, daging, kornet",Per 100 g BDD (Berat Dapat Dimakan),Berat Dapat Dimakan (100%),289 kkal,25 g,0 mcg,0.01 mg,0.16 mg,2.70 mg,0 mg,0 g,16 g,0 g,10 mg,170 mg,794 mg,94.40 mg,70 mcg,4 mg,4 mg,52 mcg,,53 g,6 g,,,,,,,,,,,,,
786,Alami,"Sapi, daging, sosis (Worst)",Per 100 g BDD (Berat Dapat Dimakan),Berat Dapat Dimakan (100%),448 kkal,42.30 g,0 mcg,0.10 mg,0.18 mg,4.90 mg,0 mg,2.30 g,14.50 g,0 g,28 mg,61 mg,765 mg,284.50 mg,60 mcg,1.10 mg,1.70 mg,0 mcg,,37.60 g,3.30 g,,,,,,,,,,,,,
787,Alami,"Sapi, hati, sosis (Leverworst)",Per 100 g BDD (Berat Dapat Dimakan),Berat Dapat Dimakan (100%),274 kkal,22 g,1201.20 mcg,0.20 mg,0.96 mg,4 mg,0 mg,3 g,16 g,2.30 g,20 mg,150 mg,654 mg,158.80 mg,220 mcg,4 mg,2.20 mg,0 mcg,,56.60 g,2.40 g,,,,,,,,,,,,,
788,Alami,"Sapi, paru, dendeng, mentah",Per 100 g BDD (Berat Dapat Dimakan),Berat Dapat Dimakan (100%),360 kkal,6 g,2827 mcg,0 mg,0 mg,0 mg,0 mg,19.20 g,57.30 g,0 g,126 mg,903 mg,1483 mg,864 mg,1200 mcg,21.10 mg,6.10 mg,0 mcg,,9.70 g,7.80 g,,,,,,,,,,,,,
789,Alami,"Sapi, paru, goreng",Per 100 g BDD (Berat Dapat Dimakan),Berat Dapat Dimakan (100%),268 kkal,12.70 g,790 mcg,0 mg,0 mg,0 mg,0 mg,14.50 g,23.90 g,0 g,102 mg,315 mg,923.10 mg,299 mg,0 mcg,8.80 mg,1.50 mg,0 mcg,,45.50 g,3.10 g,,,,,,,,,,,,,
790,Alami,"Ulat sagu, panggang",Per 100 g BDD (Berat Dapat Dimakan),Berat Dapat Dimakan (100%),380 kkal,30.30 g,0 mcg,0.50 mg,2.50 mg,0.10 mg,0 mg,14.90 g,11.90 g,4.80 g,30 mg,120 mg,260 mg,550 mg,3100 mcg,1.50 mg,14.20 mg,0 mcg,,41.30 g,1.60 g,,,,,,,,,,,,,
791,Alami,"Ayam goreng church texas, dada",Per 100 g BDD (Berat Dapat Dimakan),Berat Dapat Dimakan (100%),338 kkal,20.60 g,16 mcg,0.52 mg,0.16 mg,12.10 mg,0 mg,0.40 g,35.20 g,0 g,79 mg,221 mg,800 mg,369.50 mg,160 mcg,5.60 mg,1.10 mg,0 mcg,,42.20 g,1.50 g,,,,,,,,,,,,,
792,Alami,"Ayam goreng church texas, paha",Per 100 g BDD (Berat Dapat Dimakan),Berat Dapat Dimakan (100%),287 kkal,15.70 g,22 mcg,0.66 mg,0.20 mg,5.30 mg,0 mg,1.70 g,31 g,0 g,99 mg,176 mg,723 mg,257 mg,170 mcg,4.10 mg,1.50 mg,0 mcg,,50.30 g,1.30 g,,,,,,,,,,,,,
793,Alami,"Ayam goreng church texas, sayap",Per 100 g BDD (Berat Dapat Dimakan),Berat Dapat Dimakan (100%),295 kkal,16 g,13 mcg,0.44 mg,0.13 mg,6.20 mg,0 mg,1.50 g,34 g,0 g,81 mg,179 mg,771 mg,237.20 mg,160 mcg,3 mg,1.20 mg,0 mcg,,47.20 g,1.30 g,,,,,,,,,,,,,
794,Alami,"Ayam goreng kalasan, paha",Per 100 g BDD (Berat Dapat Dimakan),Berat Dapat Dimakan (100%),275 kkal,12.20 g,10 mcg,0.10 mg,0 mg,0 mg,0 mg,1.30 g,37.40 g,0 g,116 mg,237 mg,176 mg,321.90 mg,160 mcg,5.80 mg,1.50 mg,0 mcg,,46.20 g,2.90 g,,,,,,,,,,,,,
795,Alami,"Ayam goreng kentucky, dada",Per 100 g BDD (Berat Dapat Dimakan),Berat Dapat Dimakan (100%),298 kkal,16.80 g,36 mcg,0.19 mg,0 mg,0 mg,0 mg,0.10 g,34.20 g,0 g,90 mg,284 mg,741 mg,432 mg,70 mcg,5.50 mg,1 mg,0 mcg,,46.50 g,2.50 g,,,,,,,,,,,,,
796,Alami,"Ayam goreng kentucky, paha",Per 100 g BDD (Berat Dapat Dimakan),Berat Dapat Dimakan (100%),286 kkal,16.10 g,31 mcg,0.50 mg,0.21 mg,5.50 mg,0 mg,1.10 g,32.10 g,0 g,89 mg,248 mg,746 mg,265.20 mg,90 mcg,6.90 mg,2.30 mg,0 mcg,,48.70 g,2 g,,,,,,,,,,,,,
797,Alami,"Ayam goreng kentucky, sayap",Per 100 g BDD (Berat Dapat Dimakan),Berat Dapat Dimakan (100%),297 kkal,15.20 g,22 mcg,0.73 mg,0.14 mg,6.50 mg,0 mg,1.60 g,35.90 g,0 g,103 mg,227 mg,807 mg,248.40 mg,60 mcg,4.40 mg,1.40 mg,0 mcg,,44.70 g,2.60 g,,,,,,,,,,,,,
798,Alami,"Ayam goreng mbok berek, dada",Per 100 g BDD (Berat Dapat Dimakan),Berat Dapat Dimakan (100%),295 kkal,13.60 g,8 mcg,0.19 mg,0 mg,0 mg,0 mg,1 g,39.20 g,0 g,114 mg,278 mg,0 mg,0 mg,0 mcg,5.40 mg,0 mg,0 mcg,,43.40 g,2.80 g,,,,,,,,,,,,,
799,Alami,"Ayam goreng pasundan, dada",Per 100 g BDD (Berat Dapat Dimakan),Berat Dapat Dimakan (100%),246 kkal,9 g,6 mcg,0.16 mg,0 mg,0 mg,0 mg,0.70 g,37.90 g,0 g,90 mg,260 mg,0 mg,0 mg,0 mcg,7.50 mg,0 mg,0 mcg,,50.10 g,2.30 g,,,,,,,,,,,,,
800,Alami,"Ayam goreng pasundan, paha",Per 100 g BDD (Berat Dapat Dimakan),Berat Dapat Dimakan (100%),245 kkal,11.40 g,8 mcg,0.37 mg,0 mg,0 mg,0 mg,0.30 g,33.10 g,0 g,90 mg,283 mg,0 mg,0 mg,0 mcg,7.30 mg,0 mg,0 mcg,,52.80 g,2.50 g,,,,,,,,,,,,,
801,Alami,"Ayam goreng poineer, dada",Per 100 g BDD (Berat Dapat Dimakan),Berat Dapat Dimakan (100%),295 kkal,14.70 g,16 mcg,0.10 mg,0 mg,0 mg,0 mg,0.60 g,37.40 g,0 g,108 mg,236 mg,0 mg,0 mg,0 mcg,6.80 mg,0 mg,0 mcg,,44.50 g,2.70 g,,,,,,,,,,,,,
802,Alami,"Ayam goreng sukabumi, dada",Per 100 g BDD (Berat Dapat Dimakan),Berat Dapat Dimakan (100%),244 kkal,9.20 g,20 mcg,0.66 mg,0 mg,0 mg,0 mg,1 g,36.70 g,0 g,81 mg,154 mg,0 mg,0 mg,0 mcg,6.10 mg,0 mg,0 mcg,,49.80 g,3.40 g,,,,,,,,,,,,,
803,Alami,"Ayam goreng sukabumi, paha",Per 100 g BDD (Berat Dapat Dimakan),Berat Dapat Dimakan (100%),283 kkal,14.30 g,11 mcg,0.36 mg,0 mg,0 mg,0 mg,0.50 g,35.70 g,0 g,68 mg,106 mg,0 mg,0 mg,0 mcg,5.40 mg,0 mg,0 mcg,,46 g,3.60 g,,,,,,,,,,,,,
804,Alami,"Ayam taliwang, masakan",Per 100 g BDD (Berat Dapat Dimakan),Berat Dapat Dimakan (100%),264 kkal,20.10 g,1067 mcg,0 mg,0 mg,0 mg,0 mg,2.70 g,18.20 g,0 g,94 mg,164 mg,507 mg,408 mg,400 mcg,2 mg,13.20 mg,0 mcg,,57.50 g,1.50 g,,,,,,,,,,,,,
805,Alami,Babi hutan masak rica,Per 100 g BDD (Berat Dapat Dimakan),Berat Dapat Dimakan (100%),491 kkal,16.30 g,2193 mcg,0.61 mg,0.47 mg,0 mg,0 mg,0.20 g,24.60 g,0 g,18 mg,144 mg,1415 mg,327 mg,200 mcg,1.20 mg,2.60 mg,0 mcg,,56.20 g,2.70 g,,,,,,,,,,,,,
806,Alami,Beef burger,Per 100 g BDD (Berat Dapat Dimakan),Berat Dapat Dimakan (100%),258 kkal,9.50 g,218 mcg,0.95 mg,0 mg,0 mg,0 mg,32.50 g,10.60 g,0.40 g,210 mg,157 mg,572 mg,189.10 mg,0 mcg,2.60 mg,0 mg,0 mcg,,45.50 g,2.20 g,,,,,,,,,,,,,
807,Alami,Beef teriyaki,Per 100 g BDD (Berat Dapat Dimakan),Berat Dapat Dimakan (100%),151 kkal,3.10 g,22 mcg,0.53 mg,0 mg,0 mg,0 mg,22.30 g,8.60 g,0.30 g,142 mg,62 mg,377 mg,0 mg,0 mcg,2.30 mg,0 mg,0 mcg,,65.10 g,0.90 g,,,,,,,,,,,,,
808,Alami,Beef yakiniku,Per 100 g BDD (Berat Dapat Dimakan),Berat Dapat Dimakan (100%),132 kkal,1.10 g,78 mcg,0.62 mg,0 mg,0 mg,0 mg,20.70 g,9.80 g,0.30 g,302 mg,67 mg,409 mg,0 mg,0 mcg,2 mg,0 mg,0 mcg,,67.70 g,0.80 g,,,,,,,,,,,,,
809,Alami,Brongkos,Per 100 g BDD (Berat Dapat Dimakan),Berat Dapat Dimakan (100%),141 kkal,3.30 g,4 mcg,0.40 mg,0 mg,0 mg,0 mg,12.60 g,15.30 g,1 g,87 mg,97 mg,0 mg,0 mg,0 mcg,5.10 mg,0 mg,0 mcg,,76.40 g,2.40 g,,,,,,,,,,,,,
810,Alami,Bulgogi,Per 100 g BDD (Berat Dapat Dimakan),Berat Dapat Dimakan (100%),72 kkal,4.90 g,17 mcg,1.08 mg,0 mg,0 mg,0 mg,1.40 g,11.40 g,1.70 g,214 mg,86 mg,509 mg,0 mg,0 mcg,2.50 mg,0 mg,0 mcg,,84.20 g,0.70 g,,,,,,,,,,,,,
811,Alami,Chicken teriyaki,Per 100 g BDD (Berat Dapat Dimakan),Berat Dapat Dimakan (100%),168 kkal,9.60 g,68 mcg,0.65 mg,0 mg,0 mg,0 mg,7.50 g,13 g,0.80 g,137 mg,106 mg,959 mg,0 mg,0 mcg,3.10 mg,0 mg,0 mcg,,68.20 g,1.70 g,,,,,,,,,,,,,
812,Alami,"Chikiniku, masakan",Per 100 g BDD (Berat Dapat Dimakan),Berat Dapat Dimakan (100%),143 kkal,1.40 g,27 mcg,0.73 mg,0 mg,0 mg,0 mg,22.80 g,9.80 g,0.40 g,301 mg,63 mg,531 mg,0 mg,0 mcg,2 mg,0 mg,0 mcg,,65.40 g,0.60 g,,,,,,,,,,,,,
813,Alami,"Coto mangkasara, kuda, masakan",Per 100 g BDD (Berat Dapat Dimakan),Berat Dapat Dimakan (100%),96 kkal,5.90 g,0 mcg,0.23 mg,0.14 mg,4.20 mg,0 mg,3.80 g,6.80 g,0 g,11 mg,106 mg,96 mg,31 mg,100 mcg,2.30 mg,1 mg,0 mcg,,83.50 g,0.90 g,,,,,,,,,,,,,
814,Alami,"Coto mangkasara, sapi, masakan",Per 100 g BDD (Berat Dapat Dimakan),Berat Dapat Dimakan (100%),84 kkal,6 g,0 mcg,0.16 mg,0.14 mg,10.30 mg,0 mg,1.40 g,6 g,0 g,8 mg,104 mg,90 mg,25 mg,300 mcg,4 mg,0.60 mg,0 mcg,,85.90 g,0.70 g,,,,,,,,,,,,,
815,Alami,"Djibokum, masakan",Per 100 g BDD (Berat Dapat Dimakan),Berat Dapat Dimakan (100%),248 kkal,2.30 g,52 mcg,0.75 mg,0 mg,0 mg,0 mg,40.90 g,10 g,0.10 g,116 mg,110 mg,401 mg,0 mg,0 mcg,2.80 mg,0 mg,0 mcg,,43.40 g,3.40 g,,,,,,,,,,,,,
816,Alami,"Empal (daging) goreng, masakan",Per 100 g BDD (Berat Dapat Dimakan),Berat Dapat Dimakan (100%),248 kkal,6.90 g,112 mcg,0.55 mg,0 mg,0 mg,0 mg,10.10 g,36.20 g,0 g,131 mg,235 mg,848 mg,0 mg,0 mcg,6.40 mg,0 mg,0 mcg,,43.90 g,2 g,,,,,,,,,,,,,
817,Alami,Gulai kambing,Per 100 g BDD (Berat Dapat Dimakan),Berat Dapat Dimakan (100%),126 kkal,9.40 g,151 mcg,0.13 mg,0.01 mg,0 mg,0 mg,6.20 g,4.20 g,0 g,45 mg,73 mg,302 mg,138 mg,200 mcg,1.30 mg,0.10 mg,0 mcg,,78.40 g,1.80 g,,,,,,,,,,,,,
818,Alami,"Jangang bintatoeng, masakan",Per 100 g BDD (Berat Dapat Dimakan),Berat Dapat Dimakan (100%),107 kkal,2.20 g,0 mcg,0.18 mg,0.02 mg,3.40 mg,0 mg,16.50 g,5.30 g,0 g,64 mg,61 mg,482 mg,406 mg,200 mcg,2.50 mg,0.80 mg,0 mcg,,73.60 g,2.40 g,,,,,,,,,,,,,
819,Alami,"Kalio ayam, masakan",Per 100 g BDD (Berat Dapat Dimakan),Berat Dapat Dimakan (100%),203 kkal,13.50 g,105 mcg,0.35 mg,0 mg,0 mg,0 mg,4.40 g,16 g,0 g,278 mg,177 mg,534 mg,0 mg,0 mcg,4.20 mg,0 mg,0 mcg,,64.70 g,1.40 g,,,,,,,,,,,,,
820,Alami,"Kalio jeroan, masakan",Per 100 g BDD (Berat Dapat Dimakan),Berat Dapat Dimakan (100%),163 kkal,9 g,298 mcg,0.70 mg,0 mg,0 mg,0 mg,4.10 g,16.50 g,0 g,102 mg,268 mg,570 mg,0 mg,0 mcg,7.10 mg,0 mg,0 mcg,,68.90 g,1.50 g,,,,,,,,,,,,,
821,Alami,"Kalio kikil (tunjang), masakan",Per 100 g BDD (Berat Dapat Dimakan),Berat Dapat Dimakan (100%),122 kkal,5.70 g,36 mcg,0.38 mg,0 mg,0 mg,0 mg,3.90 g,13.80 g,0 g,154 mg,59 mg,519 mg,0 mg,0 mcg,3.40 mg,0 mg,0 mcg,,75.30 g,1.30 g,,,,,,,,,,,,,
822,Alami,"Kalio otak, masakan",Per 100 g BDD (Berat Dapat Dimakan),Berat Dapat Dimakan (100%),157 kkal,8.80 g,32 mcg,0.45 mg,0 mg,0 mg,0 mg,11.40 g,8.10 g,0 g,212 mg,69 mg,604 mg,0 mg,0 mcg,3.30 mg,0 mg,0 mcg,,70.30 g,1.40 g,,,,,,,,,,,,,
823,Alami,"Lawar babi, masakan",Per 100 g BDD (Berat Dapat Dimakan),Berat Dapat Dimakan (100%),174 kkal,10 g,0 mcg,0.10 mg,0 mg,0 mg,0 mg,3 g,17 g,0 g,61 mg,141 mg,0 mg,0 mg,0 mcg,3 mg,0 mg,0 mcg,,68.80 g,1.20 g,,,,,,,,,,,,,
824,Alami,"Lawar penyu, masakan",Per 100 g BDD (Berat Dapat Dimakan),Berat Dapat Dimakan (100%),141 kkal,1.50 g,0 mcg,0.10 mg,0 mg,0 mg,0 mg,7.60 g,23 g,0 g,69 mg,141 mg,0 mg,0 mg,0 mcg,6 mg,0 mg,0 mcg,,66.30 g,1.60 g,,,,,,,,,,,,,
825,Alami,"Lawara jangang, masakan",Per 100 g BDD (Berat Dapat Dimakan),Berat Dapat Dimakan (100%),159 kkal,10.90 g,14 mcg,0.25 mg,0.16 mg,0 mg,0 mg,10.10 g,5 g,0 g,57 mg,107 mg,400 mg,2368 mg,100 mcg,1.50 mg,1 mg,0 mcg,,72.40 g,1.60 g,,,,,,,,,,,,,
826,Alami,"Naan maran sapi, masakan",Per 100 g BDD (Berat Dapat Dimakan),Berat Dapat Dimakan (100%),478 kkal,33.90 g,33 mcg,0 mg,0 mg,0.20 mg,0 mg,5.10 g,38.30 g,0 g,30 mg,390 mg,220 mg,320 mg,600 mcg,11.80 mg,3.90 mg,0 mcg,,14.80 g,7.90 g,,,,,,,,,,,,,
827,Alami,"Nasu liku, masakan",Per 100 g BDD (Berat Dapat Dimakan),Berat Dapat Dimakan (100%),196 kkal,8.30 g,0 mcg,0.20 mg,0.24 mg,1.50 mg,0 mg,15.90 g,14.50 g,0 g,69 mg,157 mg,386 mg,470 mg,0 mcg,1 mg,2 mg,0 mcg,,59 g,2.30 g,,,,,,,,,,,,,
828,Alami,"Oramu ninahu ndawa olaho, masakan",Per 100 g BDD (Berat Dapat Dimakan),Berat Dapat Dimakan (100%),117 kkal,5 g,4095 mcg,0.77 mg,0.04 mg,1.70 mg,0 mg,4.30 g,13.70 g,0 g,964 mg,804 mg,0 mg,727 mg,300 mcg,2 mg,1.50 mg,0 mcg,,74.90 g,0.10 g,,,,,,,,,,,,,
829,Alami,"Paniki masak santan, masakan",Per 100 g BDD (Berat Dapat Dimakan),Berat Dapat Dimakan (100%),460 kkal,35.20 g,954 mcg,0.27 mg,0.19 mg,0 mg,0 mg,7.20 g,28.50 g,0 g,188 mg,357 mg,2002 mg,532 mg,400 mcg,5.50 mg,2.50 mg,0 mcg,,25.40 g,3.70 g,,,,,,,,,,,,,
830,Alami,"Pelolah manuk, masakan",Per 100 g BDD (Berat Dapat Dimakan),Berat Dapat Dimakan (100%),219 kkal,13.60 g,137 mcg,0.42 mg,0 mg,0 mg,0 mg,4.40 g,19.70 g,0 g,33 mg,160 mg,577 mg,0 mg,0 mcg,1.60 mg,0 mg,0 mcg,,60 g,2.30 g,,,,,,,,,,,,,
831,Alami,"Rawon, masakan",Per 100 g BDD (Berat Dapat Dimakan),Berat Dapat Dimakan (100%),60 kkal,2.50 g,10 mcg,0.09 mg,0 mg,0 mg,0 mg,4 g,5.40 g,0 g,272 mg,153 mg,0 mg,0 mg,0 mcg,3.30 mg,0 mg,0 mcg,,86 g,2.10 g,,,,,,,,,,,,,
832,Alami,"Rendang sapi, masakan",Per 100 g BDD (Berat Dapat Dimakan),Berat Dapat Dimakan (100%),193 kkal,7.90 g,21 mcg,0.12 mg,0 mg,0 mg,0 mg,7.80 g,22.60 g,0 g,474 mg,211 mg,0 mg,0 mg,0 mcg,14.90 mg,0 mg,0 mcg,,57.90 g,3.80 g,,,,,,,,,,,,,
833,Alami,"RW, anjing, masakan",Per 100 g BDD (Berat Dapat Dimakan),Berat Dapat Dimakan (100%),198 kkal,10.70 g,256 mcg,0.35 mg,0.20 mg,0 mg,0 mg,0.90 g,24.60 g,0 g,1071 mg,876 mg,1604 mg,226 mg,100 mcg,4 mg,2.80 mg,0 mcg,,60.80 g,3 g,,,,,,,,,,,,,
834,Alami,"Sate, penyu, masakan",Per 100 g BDD (Berat Dapat Dimakan),Berat Dapat Dimakan (100%),179 kkal,3.50 g,0 mcg,0.10 mg,0 mg,0 mg,0 mg,13.30 g,22.50 g,0 g,187 mg,238 mg,0 mg,0 mg,0 mcg,14.40 mg,0 mg,0 mcg,,57.40 g,3.30 g,,,,,,,,,,,,,
835,Alami,"Sate pusut, masakan",Per 100 g BDD (Berat Dapat Dimakan),Berat Dapat Dimakan (100%),274 kkal,18.60 g,133 mcg,0.06 mg,0 mg,0 mg,0 mg,13.60 g,12.90 g,0 g,63 mg,190 mg,609 mg,0 mg,0 mcg,2.70 mg,0 mg,0 mcg,,52.10 g,2.80 g,,,,,,,,,,,,,
836,Alami,"Penyu, serapah, masakan",Per 100 g BDD (Berat Dapat Dimakan),Berat Dapat Dimakan (100%),174 kkal,12.20 g,1302 mcg,0 mg,0 mg,0 mg,0 mg,2.20 g,13.10 g,0 g,72 mg,186 mg,0 mg,507 mg,800 mcg,9.50 mg,2.40 mg,0 mcg,,71.30 g,1.20 g,,,,,,,,,,,,,
837,Alami,"Sei reuboh, masakan",Per 100 g BDD (Berat Dapat Dimakan),Berat Dapat Dimakan (100%),474 kkal,42.50 g,141 mcg,0.46 mg,0.26 mg,0 mg,0 mg,11.70 g,11.20 g,0 g,26 mg,62 mg,677 mg,176 mg,2400 mcg,1.30 mg,3.20 mg,9 mcg,,32.40 g,2.20 g,,,,,,,,,,,,,
838,Alami,"Sop buntut, masakan",Per 100 g BDD (Berat Dapat Dimakan),Berat Dapat Dimakan (100%),71 kkal,3.60 g,119 mcg,0.14 mg,0 mg,0 mg,0 mg,2.20 g,7.50 g,0 g,286 mg,38 mg,490 mg,0 mg,0 mcg,3.20 mg,0 mg,0 mcg,,86.10 g,0.60 g,,,,,,,,,,,,,
839,Alami,"Sop daging sapi, masakan",Per 100 g BDD (Berat Dapat Dimakan),Berat Dapat Dimakan (100%),49 kkal,0.50 g,101 mcg,0.37 mg,0 mg,0 mg,0 mg,5.30 g,5.80 g,0 g,158 mg,48 mg,391 mg,0 mg,0 mcg,2.20 mg,0 mg,0 mcg,,87.50 g,0.90 g,,,,,,,,,,,,,
840,Alami,"Sop kaki sapi, masakan",Per 100 g BDD (Berat Dapat Dimakan),Berat Dapat Dimakan (100%),68 kkal,1.90 g,48 mcg,0.46 mg,0 mg,0 mg,0 mg,3.70 g,9 g,0 g,302 mg,15 mg,435 mg,0 mg,0 mcg,2.20 mg,0 mg,0 mcg,,84.50 g,0.90 g,,,,,,,,,,,,,
841,Alami,"Sop kambing, masakan",Per 100 g BDD (Berat Dapat Dimakan),Berat Dapat Dimakan (100%),34 kkal,0.80 g,48 mcg,0.57 mg,0 mg,0 mg,0 mg,1.10 g,5.50 g,0 g,145 mg,37 mg,348 mg,0 mg,0 mcg,1.60 mg,0 mg,0 mcg,,91.60 g,1 g,,,,,,,,,,,,,
842,Alami,"Sop konro, masakan",Per 100 g BDD (Berat Dapat Dimakan),Berat Dapat Dimakan (100%),71 kkal,2.60 g,0 mcg,0.12 mg,0.02 mg,10.90 mg,0 mg,4.50 g,7.40 g,0 g,17 mg,60 mg,184 mg,25 mg,300 mcg,4.60 mg,1.30 mg,0 mcg,,85 g,0.50 g,,,,,,,,,,,,,
843,Alami,"Sop saudara, masakan",Per 100 g BDD (Berat Dapat Dimakan),Berat Dapat Dimakan (100%),89 kkal,5 g,0 mcg,0.09 mg,0.12 mg,2 mg,0 mg,3.90 g,7.20 g,0 g,10 mg,174 mg,274 mg,50 mg,200 mcg,9 mg,1.10 mg,0 mcg,,82.40 g,1.50 g,,,,,,,,,,,,,
844,Alami,"Soto bandung, masakan",Per 100 g BDD (Berat Dapat Dimakan),Berat Dapat Dimakan (100%),42 kkal,1.70 g,6 mcg,0 mg,0 mg,0 mg,0 mg,2.80 g,3.90 g,0.40 g,74 mg,75 mg,0 mg,0 mg,0 mcg,1.80 mg,0 mg,20 mcg,,89.90 g,1.80 g,,,,,,,,,,,,,
845,Alami,"Soto banjar, masakan",Per 100 g BDD (Berat Dapat Dimakan),Berat Dapat Dimakan (100%),110 kkal,9.50 g,12 mcg,0.05 mg,0 mg,0 mg,0 mg,3.20 g,2.90 g,0 g,28 mg,28 mg,36 mg,6 mg,0 mcg,0.30 mg,0.20 mg,0 mcg,,83.70 g,0.70 g,,,,,,,,,,,,,
846,Alami,"Soto betawi, masakan",Per 100 g BDD (Berat Dapat Dimakan),Berat Dapat Dimakan (100%),135 kkal,8.80 g,6 mcg,0.04 mg,0 mg,0 mg,0 mg,11.50 g,2.50 g,0.50 g,222 mg,72 mg,0 mg,0 mg,0 mcg,1.90 mg,0 mg,0 mcg,,75.90 g,1.30 g,,,,,,,,,,,,,
847,Alami,"Soto jeroan, masakan",Per 100 g BDD (Berat Dapat Dimakan),Berat Dapat Dimakan (100%),92 kkal,4.30 g,85 mcg,0.36 mg,0 mg,0 mg,0 mg,1.40 g,11.80 g,0 g,218 mg,48 mg,363 mg,0 mg,0 mcg,1.90 mg,0 mg,0 mcg,,81.40 g,1.10 g,,,,,,,,,,,,,
848,Alami,"Soto kudus, masakan",Per 100 g BDD (Berat Dapat Dimakan),Berat Dapat Dimakan (100%),38 kkal,2.30 g,23 mcg,0.06 mg,0 mg,0.50 mg,0 mg,1.80 g,3.60 g,0.20 g,237 mg,67 mg,0 mg,0 mg,0 mcg,1.70 mg,0 mg,0 mcg,,91.60 g,1.70 g,,,,,,,,,,,,,
849,Alami,"Soto madura, masakan",Per 100 g BDD (Berat Dapat Dimakan),Berat Dapat Dimakan (100%),60 kkal,4.50 g,26 mcg,0.06 mg,0 mg,0 mg,0 mg,1.30 g,3.50 g,0 g,361 mg,126 mg,0 mg,0 mg,0 mcg,3.80 mg,0 mg,0 mcg,,89.80 g,0.90 g,,,,,,,,,,,,,
850,Alami,"Soto padang, masakan",Per 100 g BDD (Berat Dapat Dimakan),Berat Dapat Dimakan (100%),127 kkal,6.60 g,12 mcg,0.22 mg,0 mg,0 mg,0 mg,11 g,5.90 g,0.70 g,298 mg,94 mg,0 mg,0 mg,0 mcg,1.50 mg,0 mg,0 mcg,,75 g,2 g,,,,,,,,,,,,,
851,Alami,"Soto pekalongan, masakan",Per 100 g BDD (Berat Dapat Dimakan),Berat Dapat Dimakan (100%),94 kkal,6.80 g,14 mcg,0.29 mg,0 mg,0 mg,0 mg,5.10 g,3 g,0.30 g,322 mg,79 mg,0 mg,0 mg,0 mcg,2 mg,0 mg,0 mcg,,83.80 g,1.30 g,,,,,,,,,,,,,
852,Alami,"Soto pemalang, masakan",Per 100 g BDD (Berat Dapat Dimakan),Berat Dapat Dimakan (100%),75 kkal,5.20 g,16 mcg,0.13 mg,0 mg,0 mg,0 mg,3.50 g,3.60 g,0 g,170 mg,80 mg,0 mg,0 mg,0 mcg,2.10 mg,0 mg,0 mcg,,86 g,1.70 g,,,,,,,,,,,,,
853,Alami,"Soto sukaraja, masakan",Per 100 g BDD (Berat Dapat Dimakan),Berat Dapat Dimakan (100%),80 kkal,3.50 g,12 mcg,0.04 mg,0 mg,0 mg,0 mg,9 g,3.20 g,0.30 g,347 mg,77 mg,0 mg,0 mg,0 mcg,2.30 mg,0 mg,0 mcg,,75.90 g,1.10 g,,,,,,,,,,,,,
854,Alami,"Soto sulung, masakan",Per 100 g BDD (Berat Dapat Dimakan),Berat Dapat Dimakan (100%),86 kkal,8.50 g,20 mcg,0.08 mg,0 mg,0 mg,0 mg,0 g,2.30 g,0 g,200 mg,120 mg,0 mg,0 mg,0 mcg,2.90 mg,0 mg,0 mcg,,88.10 g,1.10 g,,,,,,,,,,,,,
855,Alami,"Sukiyaki, masakan",Per 100 g BDD (Berat Dapat Dimakan),Berat Dapat Dimakan (100%),75 kkal,0.40 g,41 mcg,0.37 mg,0 mg,0 mg,0 mg,12.20 g,5.60 g,0.20 g,109 mg,59 mg,426 mg,0 mg,0 mcg,0.50 mg,0 mg,0 mcg,,81 g,0.80 g,,,,,,,,,,,,,
856,Alami,"Tedong pallu basa, masakan",Per 100 g BDD (Berat Dapat Dimakan),Berat Dapat Dimakan (100%),83 kkal,3.40 g,0 mcg,0.09 mg,0.53 mg,9 mg,0 mg,2.80 g,10.40 g,0 g,10 mg,139 mg,397 mg,34 mg,600 mcg,2.60 mg,1.30 mg,0 mcg,,81.70 g,1.70 g,,,,,,,,,,,,,
857,Alami,"Tikus rica, masakan",Per 100 g BDD (Berat Dapat Dimakan),Berat Dapat Dimakan (100%),257 kkal,18.50 g,674 mcg,0.28 mg,0.38 mg,0 mg,0 mg,3.80 g,18.80 g,0 g,232 mg,293 mg,1724 mg,308 mg,500 mcg,6.50 mg,2.30 mg,0 mcg,,54.90 g,4 g,,,,,,,,,,,,,
858,Alami,"Tinoransa, masakan",Per 100 g BDD (Berat Dapat Dimakan),Berat Dapat Dimakan (100%),516 kkal,49.50 g,710 mcg,0.29 mg,0.17 mg,0 mg,0 mg,0 g,17.70 g,0 g,698 mg,684 mg,1307 mg,320 mg,100 mcg,3.50 mg,1.80 mg,0 mcg,,31.60 g,1.20 g,,,,,,,,,,,,,
859,Alami,"Belut, segar",Per 100 g BDD (Berat Dapat Dimakan),,70 kkal,0.80 g,0 mcg,0.22 mg,0.12 mg,7.70 mg,0 mg,1 g,14.60 g,0 g,49 mg,155 mg,55 mg,169 mg,200 mcg,1.50 mg,1.20 mg,0 mcg,,81.50 g,2.10 g,,,,,,,,,,,,,
860,Alami,"Belut laut, segar",Per 100 g BDD (Berat Dapat Dimakan),,93 kkal,1.50 g,51 mcg,0.06 mg,0 mg,2.70 mg,0 mg,6.10 g,12.80 g,0 g,60 mg,199 mg,33 mg,175.90 mg,100 mcg,3 mg,1 mg,3 mcg,,79.50 g,4.10 g,,,,,,,,,,,,,
861,Alami,Cumi-cumi,Per 100 g BDD (Berat Dapat Dimakan),Berat Dapat Dimakan (85%),75 kkal,0.70 g,0 mcg,0.08 mg,0 mg,2.50 mg,0 mg,0.10 g,16.10 g,0 g,32 mg,200 mg,37 mg,204.10 mg,1600 mcg,1.80 mg,1.30 mg,20 mcg,,82.20 g,0.90 g,,,,,,,,,,,,,
862,Alami,"Ikan Bader, segar",Per 100 g BDD (Berat Dapat Dimakan),,193 kkal,13 g,45 mcg,0.01 mg,0.10 mg,4.10 mg,0 mg,0 g,19 g,0 g,48 mg,150 mg,118 mg,264.90 mg,100 mcg,0.40 mg,0.20 mg,0 mcg,,66 g,2 g,,,,,,,,,,,,,
863,Alami,"Ikan Balong, segar",Per 100 g BDD (Berat Dapat Dimakan),,107 kkal,3.90 g,25 mcg,0.05 mg,0.10 mg,2.50 mg,0 mg,1.50 g,16.50 g,0 g,54 mg,202 mg,86 mg,253.40 mg,500 mcg,2 mg,1 mg,0 mcg,,76.50 g,1.50 g,,,,,,,,,,,,,
864,Alami,"Ikan Bambangan, segar",Per 100 g BDD (Berat Dapat Dimakan),,112 kkal,1.30 g,0 mcg,0.07 mg,0 mg,0.30 mg,0 mg,3.70 g,20 g,0 g,98 mg,120 mg,148 mg,258.70 mg,0 mcg,3 mg,0.10 mg,0 mcg,,73.70 g,1.30 g,,,,,,,,,,,,,
865,Alami,"Ikan Bandeng, segar",Per 100 g BDD (Berat Dapat Dimakan),,123 kkal,4.80 g,45 mcg,0.05 mg,0.10 mg,6 mg,0 mg,0 g,20 g,0 g,20 mg,150 mg,67 mg,271.10 mg,0 mcg,0.05 mg,0.90 mg,21 mcg,,74 g,1.20 g,,,,,,,,,,,,,
866,Alami,"Ikan Banjar, segar",Per 100 g BDD (Berat Dapat Dimakan),,111 kkal,0.90 g,0 mcg,0.03 mg,0.20 mg,7.30 mg,0 mg,4.80 g,19.40 g,0 g,68 mg,278 mg,99 mg,338.70 mg,200 mcg,7.30 mg,0.60 mg,62 mcg,,73.50 g,1.40 g,,,,,,,,,,,,,
867,Alami,"Ikan Baronang, segar",Per 100 g BDD (Berat Dapat Dimakan),,78 kkal,0.60 g,732 mcg,0.20 mg,0.04 mg,3 mg,0 mg,3.70 g,14.50 g,0 g,26 mg,521 mg,26 mg,692 mg,4700 mcg,3.80 mg,4.10 mg,0 mcg,,80 g,1.20 g,,,,,,,,,,,,,
868,Alami,"Ikan Batung, segar",Per 100 g BDD (Berat Dapat Dimakan),,115 kkal,4.60 g,0 mcg,1.20 mg,0.04 mg,1.10 mg,0 mg,4.20 g,14.50 g,0 g,0 mg,207 mg,42 mg,316 mg,200 mcg,0 mg,0.90 mg,0 mcg,,75.70 g,1.10 g,,,,,,,,,,,,,
869,Alami,"Ikan Baung, segar",Per 100 g BDD (Berat Dapat Dimakan),,123 kkal,5.50 g,0 mcg,0.20 mg,0.03 mg,1.20 mg,0 mg,3.30 g,15.10 g,0 g,5 mg,146 mg,32 mg,349 mg,100 mcg,1.30 mg,0.70 mg,0 mcg,,74.90 g,1.20 g,,,,,,,,,,,,,
870,Alami,"Ikan Bawal, segar",Per 100 g BDD (Berat Dapat Dimakan),Berat Dapat Dimakan (85%),91 kkal,1.70 g,45 mcg,0.05 mg,0.10 mg,1.80 mg,0 mg,0 g,19 g,0 g,20 mg,150 mg,129 mg,233.30 mg,100 mcg,2 mg,0.30 mg,0 mcg,,78 g,1.30 g,,,,,,,,,,,,,
871,Alami,"Ikan Belida, segar",Per 100 g BDD (Berat Dapat Dimakan),,80 kkal,1.40 g,0 mcg,1.20 mg,0.14 mg,1.40 mg,0 mg,2.20 g,14.70 g,0 g,303 mg,315 mg,41 mg,356 mg,0 mcg,1.30 mg,0.80 mg,0 mcg,,79.20 g,2.30 g,,,,,,,,,,,,,
872,Alami,"Ikan Beunteur, segar",Per 100 g BDD (Berat Dapat Dimakan),,109 kkal,4 g,45 mcg,0.05 mg,0.10 mg,2.60 mg,0 mg,0 g,17 g,0 g,500 mg,500 mg,109 mg,323.50 mg,600 mcg,1 mg,1.30 mg,0 mcg,,70 g,9 g,,,,,,,,,,,,,
873,Alami,"Ikan Biawan, segar",Per 100 g BDD (Berat Dapat Dimakan),,90 kkal,2.50 g,0 mcg,0.36 mg,0.03 mg,2.90 mg,0 mg,2.10 g,14.90 g,0 g,125 mg,265 mg,35 mg,207 mg,400 mcg,1 mg,0.60 mg,0 mcg,,79.10 g,1.40 g,,,,,,,,,,,,,
874,Alami,"Ikan Bili, segar",Per 100 g BDD (Berat Dapat Dimakan),,88 kkal,0.70 g,0 mcg,0.72 mg,0.09 mg,2.70 mg,0 mg,6.20 g,14.20 g,0 g,27 mg,1760 mg,217 mg,202 mg,0 mcg,1.50 mg,4.10 mg,0 mcg,,68.30 g,10.60 g,,,,,,,,,,,,,
875,Alami,"Ikan Baubara, segar",Per 100 g BDD (Berat Dapat Dimakan),,100 kkal,2.40 g,0 mcg,0 mg,0 mg,0 mg,0 mg,4.90 g,14.70 g,0 g,90 mg,90 mg,390 mg,390 mg,700 mcg,0.40 mg,0.80 mg,0 mcg,,75.50 g,1.60 g,,,,,,,,,,,,,
876,Alami,"Ikan Bulan-bulan, segar",Per 100 g BDD (Berat Dapat Dimakan),,134 kkal,1.30 g,0 mcg,0.30 mg,0.02 mg,0.80 mg,0 mg,5 g,25.50 g,0 g,29 mg,29 mg,197 mg,489 mg,100 mcg,0.50 mg,0.50 mg,0 mcg,,66.70 g,1.50 g,,,,,,,,,,,,,
877,Alami,"Ikan Cakalang, segar",Per 100 g BDD (Berat Dapat Dimakan),,107 kkal,0.70 g,386 mcg,0.17 mg,0.05 mg,21.70 mg,0 mg,5.50 g,19.60 g,0 g,23 mg,242 mg,66 mg,239 mg,200 mcg,2.90 mg,0.60 mg,0 mcg,,73 g,1.20 g,,,,,,,,,,,,,
878,Alami,"Ikan Cakalang, hati, segar",Per 100 g BDD (Berat Dapat Dimakan),,120 kkal,3.90 g,0 mcg,0 mg,0 mg,0 mg,0 mg,10 g,11.30 g,0 g,30 mg,30 mg,420 mg,280 mg,1600 mcg,0.90 mg,4.30 mg,0 mcg,,73.40 g,1.40 g,,,,,,,,,,,,,
879,Alami,"Ikan Cakalang, jantung, segar",Per 100 g BDD (Berat Dapat Dimakan),,116 kkal,1.20 g,908 mcg,0 mg,0 mg,0.10 mg,0 mg,10.20 g,11.20 g,0 g,10 mg,40 mg,360 mg,250 mg,500 mcg,3.40 mg,1.90 mg,0 mcg,,76.30 g,1.10 g,,,,,,,,,,,,,
880,Alami,"Ikan Cakalang, perut, segar",Per 100 g BDD (Berat Dapat Dimakan),,86 kkal,1.10 g,0 mcg,0.24 mg,0 mg,0.30 mg,0 mg,8.70 g,10.20 g,0 g,20 mg,110 mg,230 mg,210 mg,300 mcg,2.10 mg,9.30 mg,0 mcg,,79.10 g,0.90 g,,,,,,,,,,,,,
881,Alami,"Ikan Daun, segar",Per 100 g BDD (Berat Dapat Dimakan),,101 kkal,4.10 g,0 mcg,0.08 mg,0.07 mg,0.10 mg,0 mg,4.60 g,11.50 g,0 g,80 mg,210 mg,120 mg,270 mg,100 mcg,0.80 mg,0.90 mg,0 mcg,,78.60 g,1.20 g,,,,,,,,,,,,,
882,Alami,"Ikan Ekor kuning, segar",Per 100 g BDD (Berat Dapat Dimakan),,108 kkal,1.20 g,40 mcg,0 mg,0.10 mg,0.20 mg,0 mg,2.10 g,22.30 g,0 g,30 mg,220 mg,50 mg,230 mg,100 mcg,0.50 mg,0.60 mg,29 mcg,,74.10 g,0.30 g,,,,,,,,,,,,,
883,Alami,"Ikan Gabus, segar",Per 100 g BDD (Berat Dapat Dimakan),,80 kkal,0.50 g,335 mcg,0.40 mg,0.20 mg,0.10 mg,0 mg,2.60 g,16.20 g,0 g,170 mg,139 mg,65 mg,254 mg,300 mcg,0.10 mg,0.40 mg,0 mcg,,79.60 g,1.10 g,,,,,,,,,,,,,
884,Alami,"Ikan Heu, segar",Per 100 g BDD (Berat Dapat Dimakan),,81 kkal,1.60 g,0 mcg,0.87 mg,0 mg,0.20 mg,0 mg,6.60 g,10 g,0 g,1910 mg,990 mg,240 mg,210 mg,100 mcg,2.10 mg,2.70 mg,0 mcg,,75.60 g,6.20 g,,,,,,,,,,,,,
885,Alami,"Ikan Hitam, segar",Per 100 g BDD (Berat Dapat Dimakan),,101 kkal,3.70 g,67 mcg,0 mg,0.10 mg,0.10 mg,0 mg,6.70 g,10.30 g,0 g,50 mg,140 mg,70 mg,210 mg,0 mcg,0.40 mg,0.40 mg,0 mcg,,78.20 g,1.10 g,,,,,,,,,,,,,
886,Alami,"Ikan Hiu, segar",Per 100 g BDD (Berat Dapat Dimakan),,57 kkal,0.30 g,0 mcg,0.05 mg,0 mg,0 mg,0 mg,2.20 g,10.70 g,0 g,75 mg,206 mg,0 mg,0 mg,20 mcg,2 mg,0 mg,0 mcg,,85.70 g,1.10 g,,,,,,,,,,,,,
887,Alami,"Ikan Kacangan, segar",Per 100 g BDD (Berat Dapat Dimakan),,77 kkal,0.90 g,18 mcg,0.07 mg,0 mg,0 mg,0 mg,1.60 g,15.60 g,0 g,94 mg,170 mg,0 mg,0 mg,0 mcg,1.70 mg,0 mg,0 mcg,,80.70 g,1.20 g,,,,,,,,,,,,,
888,Alami,"Ikan Kakap, segar",Per 100 g BDD (Berat Dapat Dimakan),,92 kkal,0.70 g,9 mcg,0.05 mg,0 mg,0 mg,0 mg,0 g,20 g,0 g,20 mg,200 mg,0 mg,0 mg,0 mcg,1 mg,0 mg,0 mcg,,77 g,2.30 g,,,,,,,,,,,,,
889,Alami,"Ikan Kakatua, segar",Per 100 g BDD (Berat Dapat Dimakan),,82 kkal,1.20 g,18 mcg,0 mg,0 mg,0.20 mg,0 mg,6.40 g,11.40 g,0 g,20 mg,160 mg,90 mg,300 mg,100 mcg,0.40 mg,0.30 mg,0 mcg,,79.70 g,1.30 g,,,,,,,,,,,,,
890,Alami,"Ikan Kalaban, segar",Per 100 g BDD (Berat Dapat Dimakan),,77 kkal,0.70 g,0 mcg,0.16 mg,0.15 mg,1.90 mg,0 mg,1.30 g,16.40 g,0 g,182 mg,248 mg,40 mg,334 mg,700 mcg,0.90 mg,0.80 mg,0 mcg,,80.30 g,1.30 g,,,,,,,,,,,,,
891,Alami,"Ikan Kakap merah (kamera), segar",Per 100 g BDD (Berat Dapat Dimakan),,86 kkal,0.80 g,26 mcg,0 mg,0.08 mg,0.10 mg,0 mg,0 g,19.70 g,0 g,50 mg,170 mg,90 mg,290 mg,300 mcg,0.30 mg,0.10 mg,0 mcg,,78.50 g,1.30 g,,,,,,,,,,,,,
892,Alami,"Ikan Kapar, segar",Per 100 g BDD (Berat Dapat Dimakan),,132 kkal,6.70 g,0 mcg,0.07 mg,0.03 mg,0 mg,0 mg,0.80 g,17 g,0 g,151 mg,272 mg,78 mg,229 mg,900 mcg,1.20 mg,0.70 mg,0 mcg,,74.20 g,1.30 g,,,,,,,,,,,,,
893,Alami,"Ikan Kawalinya, segar",Per 100 g BDD (Berat Dapat Dimakan),,110 kkal,4.20 g,146 mcg,0 mg,0 mg,0.20 mg,0 mg,5.40 g,12.60 g,0 g,80 mg,300 mg,340 mg,300 mg,200 mcg,1.50 mg,1.40 mg,0 mcg,,76.10 g,1.70 g,,,,,,,,,,,,,
894,Alami,"Ikan Keru-keru, segar",Per 100 g BDD (Berat Dapat Dimakan),Berat Dapat Dimakan (55%),93 kkal,2.10 g,0 mcg,0.01 mg,0.09 mg,1.60 mg,0 mg,0.80 g,16.50 g,0 g,65 mg,217 mg,137 mg,255.30 mg,340 mcg,2.40 mg,0.70 mg,0 mcg,,77.20 g,3.40 g,,,,,,,,,,,,,
895,Alami,"Ikan Kimia, segar",Per 100 g BDD (Berat Dapat Dimakan),,70 kkal,0.70 g,401 mcg,0.22 mg,0.05 mg,5.80 mg,0 mg,5.20 g,10.80 g,0 g,53 mg,72 mg,342 mg,101 mg,500 mcg,2 mg,0.50 mg,0 mcg,,82.10 g,1.20 g,,,,,,,,,,,,,
896,Alami,"Ikan Lais, segar",Per 100 g BDD (Berat Dapat Dimakan),Berat Dapat Dimakan (62%),161 kkal,11.50 g,0 mcg,0.05 mg,0 mg,0 mg,0 mg,2.40 g,11.90 g,0 g,70 mg,237 mg,0 mg,0 mg,0 mcg,0 mg,0 mg,0 mcg,,65 g,9.20 g,,,,,,,,,,,,,
897,Alami,"Ikan Layang, segar",Per 100 g BDD (Berat Dapat Dimakan),Berat Dapat Dimakan (80%),109 kkal,1.70 g,45 mcg,0.05 mg,0 mg,0 mg,0 mg,0 g,22 g,0 g,50 mg,150 mg,0 mg,0 mg,0 mcg,2 mg,0 mg,0 mcg,,74 g,2.30 g,,,,,,,,,,,,,
898,Alami,"Ikan Layur, segar",Per 100 g BDD (Berat Dapat Dimakan),Berat Dapat Dimakan (49%),82 kkal,1 g,4 mcg,0.04 mg,0 mg,0 mg,0 mg,0.40 g,18 g,0 g,48 mg,229 mg,0 mg,0 mg,0 mcg,2.20 mg,0 mg,0 mcg,,80.10 g,0.50 g,,,,,,,,,,,,,
899,Alami,"Ikan Lehoma, segar",Per 100 g BDD (Berat Dapat Dimakan),,90 kkal,0.90 g,1047 mcg,0.32 mg,0.03 mg,0.20 mg,0 mg,0 g,20.40 g,0 g,88 mg,270 mg,56 mg,281 mg,300 mcg,0.70 mg,0.90 mg,0 mcg,,77.60 g,1.10 g,,,,,,,,,,,,,
900,Alami,"Ikan Lemuru, segar",Per 100 g BDD (Berat Dapat Dimakan),Berat Dapat Dimakan (80%),112 kkal,3 g,30 mcg,0.05 mg,0 mg,0 mg,0 mg,0 g,20 g,0 g,20 mg,100 mg,0 mg,0 mg,0 mcg,1 mg,0 mg,0 mcg,,76 g,1 g,,,,,,,,,,,,,
901,Alami,"Ikan Lidah, segar",Per 100 g BDD (Berat Dapat Dimakan),,104 kkal,3.20 g,33 mcg,0.03 mg,0 mg,0 mg,0 mg,2 g,15.60 g,0 g,30 mg,143 mg,0 mg,0 mg,0 mcg,2 mg,0 mg,0 mcg,,78.30 g,0.90 g,,,,,,,,,,,,,
902,Alami,"Ikan Melalugis, segar",Per 100 g BDD (Berat Dapat Dimakan),,99 kkal,1.40 g,661 mcg,0.30 mg,0.02 mg,0.50 mg,0 mg,0.90 g,20.60 g,0 g,164 mg,330 mg,76 mg,282 mg,200 mcg,0.50 mg,0.90 mg,0 mcg,,75.60 g,1.50 g,,,,,,,,,,,,,
903,Alami,"Ika n Mamar merah, segar",Per 100 g BDD (Berat Dapat Dimakan),,115 kkal,4 g,0 mcg,0.20 mg,0.10 mg,0.10 mg,0 mg,4.40 g,15.30 g,0 g,60 mg,190 mg,120 mg,240 mg,200 mcg,1.60 mg,1 mg,0 mcg,,75 g,1.30 g,,,,,,,,,,,,,
904,Alami,"Ikan Mas, segar",Per 100 g BDD (Berat Dapat Dimakan),Berat Dapat Dimakan (80%),86 kkal,2 g,45 mcg,0.05 mg,0.10 mg,2.60 mg,0 mg,0 g,16 g,0 g,20 mg,150 mg,65 mg,276.70 mg,100 mcg,2 mg,1.10 mg,8 mcg,,80 g,2 g,,,,,,,,,,,,,
905,Alami,"Ikan Mayong, segar",Per 100 g BDD (Berat Dapat Dimakan),Berat Dapat Dimakan (89%),97 kkal,2 g,21 mcg,0.10 mg,0 mg,0 mg,0 mg,0.40 g,17.90 g,0 g,40 mg,100 mg,0 mg,0 mg,0 mcg,2.50 mg,0 mg,0 mcg,,78.20 g,1.50 g,,,,,,,,,,,,,
906,Alami,"Ikan Mujahir / Mujair, segar",Per 100 g BDD (Berat Dapat Dimakan),Berat Dapat Dimakan (80%),89 kkal,1 g,6 mcg,0.03 mg,0.10 mg,2 mg,0 mg,0 g,18.70 g,0 g,96 mg,209 mg,51 mg,265.80 mg,0 mcg,1.50 mg,0.20 mg,3 mcg,,79.70 g,1.10 g,,,,,,,,,,,,,
907,Alami,"Ikan Nasu metti, segar",Per 100 g BDD (Berat Dapat Dimakan),,154 kkal,5 g,0 mcg,0.47 mg,0.15 mg,9.60 mg,0 mg,10.50 g,16.80 g,0 g,80 mg,244 mg,421 mg,488 mg,200 mcg,1.60 mg,1.20 mg,0 mcg,,65.30 g,2.40 g,,,,,,,,,,,,,
908,Alami,"Ikan Kembung / oci, segar",Per 100 g BDD (Berat Dapat Dimakan),Berat Dapat Dimakan (80%),125 kkal,3.40 g,0 mcg,0.26 mg,0.03 mg,0.20 mg,0 mg,2.20 g,21.30 g,0 g,136 mg,69 mg,214 mg,245 mg,200 mcg,0.80 mg,1.10 mg,0 mcg,,71.40 g,1.70 g,,,,,,,,,,,,,
909,Alami,"Ikan Paling, segar",Per 100 g BDD (Berat Dapat Dimakan),Berat Dapat Dimakan (100%),303 kkal,27 g,485 mcg,0.10 mg,0 mg,0 mg,2 mg,0 g,14 g,0 g,20 mg,200 mg,43 mg,0 mg,0 mcg,1 mg,0 mg,0 mcg,,58 g,1 g,,,,,,,,,,,,,
910,Alami,"Ikan Papuyu / betok, segar",Per 100 g BDD (Berat Dapat Dimakan),,120 kkal,4.90 g,0 mcg,0 mg,0.05 mg,3.10 mg,0 mg,4.60 g,14.30 g,0 g,329 mg,436 mg,240 mg,169 mg,800 mcg,1.50 mg,1.10 mg,0 mcg,,75 g,1.20 g,,,,,,,,,,,,,
911,Alami,"Ikan Patin, segar",Per 100 g BDD (Berat Dapat Dimakan),,132 kkal,6.60 g,0 mcg,0.20 mg,0.03 mg,1.70 mg,0 mg,1.10 g,17 g,0 g,31 mg,173 mg,77 mg,346 mg,700 mcg,1.60 mg,0.80 mg,7 mcg,,74.40 g,0.90 g,,,,,,,,,,,,,
912,Alami,"Ikan Pomo, segar",Per 100 g BDD (Berat Dapat Dimakan),,147 kkal,5.20 g,89 mcg,0 mg,0 mg,0 mg,0 mg,2.60 g,22.50 g,0 g,80 mg,230 mg,0 mg,380 mg,200 mcg,1.30 mg,0.70 mg,0 mcg,,68.30 g,1.40 g,,,,,,,,,,,,,
913,Alami,"Ikan Puntin, segar",Per 100 g BDD (Berat Dapat Dimakan),,76 kkal,1.10 g,0 mcg,0.31 mg,0.11 mg,0 mg,0 mg,2.20 g,14.40 g,0 g,28 mg,166 mg,0 mg,325 mg,100 mcg,0 mg,0.60 mg,0 mcg,,81.10 g,1.20 g,,,,,,,,,,,,,
914,Alami,"Ikan Saluang, segar",Per 100 g BDD (Berat Dapat Dimakan),Berat Dapat Dimakan (89%),113 kkal,4.90 g,0 mcg,0.21 mg,0.02 mg,1.80 mg,0 mg,3.40 g,13.90 g,0 g,642 mg,646 mg,51 mg,182 mg,800 mcg,1.90 mg,3.60 mg,0 mcg,,74.80 g,3 g,,,,,,,,,,,,,
915,Alami,"Ikan Sarden, segar",Per 100 g BDD (Berat Dapat Dimakan),,109 kkal,1.80 g,195 mcg,0.26 mg,0.03 mg,4.40 mg,0 mg,3.40 g,19.90 g,0 g,95 mg,597 mg,266 mg,227 mg,300 mcg,1.30 mg,2 mg,0 mcg,,72.70 g,2.20 g,,,,,,,,,,,,,
916,Alami,"Ikan Selar, segar",Per 100 g BDD (Berat Dapat Dimakan),Berat Dapat Dimakan (48%),100 kkal,2.20 g,45 mcg,0.36 mg,0.20 mg,3.40 mg,0 mg,0 g,18.80 g,0 g,40 mg,179 mg,43 mg,392.60 mg,100 mcg,0.50 mg,0.30 mg,0 mcg,,75.40 g,3.60 g,,,,,,,,,,,,,
917,Alami,"Ikan Sepat, segar",Per 100 g BDD (Berat Dapat Dimakan),Berat Dapat Dimakan (75%),84 kkal,0.60 g,0 mcg,0.16 mg,0.03 mg,1.90 mg,0 mg,4.70 g,15.20 g,0 g,68 mg,171 mg,211 mg,198 mg,700 mcg,2.10 mg,0.60 mg,0 mcg,,78.80 g,0.80 g,,,,,,,,,,,,,
918,Alami,"Ikan Sidat, segar",Per 100 g BDD (Berat Dapat Dimakan),Berat Dapat Dimakan (100%),81 kkal,1.90 g,15 mcg,0 mg,0.40 mg,3.20 mg,0 mg,3.80 g,11.40 g,0 g,118 mg,174 mg,46 mg,245.90 mg,0 mcg,3 mg,1.50 mg,0 mcg,,71.30 g,11.60 g,,,,,,,,,,,,,
919,Alami,"Ikan Sunu, segar",Per 100 g BDD (Berat Dapat Dimakan),Berat Dapat Dimakan (70%),111 kkal,3.40 g,309 mcg,1.03 mg,0.10 mg,0.20 mg,0 mg,6.70 g,13.30 g,0 g,86 mg,174 mg,91 mg,197 mg,0 mcg,1.20 mg,0.60 mg,0 mcg,,75.50 g,1.10 g,,,,,,,,,,,,,
920,Alami,"Ikan Tahuman, segar",Per 100 g BDD (Berat Dapat Dimakan),,88 kkal,0.90 g,0 mcg,0.20 mg,0.25 mg,1.60 mg,0 mg,4.10 g,15.90 g,0 g,221 mg,223 mg,24 mg,364 mg,400 mcg,0 mg,0.70 mg,0 mcg,,77.40 g,1.80 g,,,,,,,,,,,,,
921,Alami,"Ikan Tarmon, segar",Per 100 g BDD (Berat Dapat Dimakan),,96 kkal,1.10 g,0 mcg,0.15 mg,0.02 mg,1.70 mg,0 mg,2 g,19.50 g,0 g,9 mg,129 mg,43 mg,154 mg,100 mcg,0.30 mg,0.50 mg,0 mcg,,76.70 g,0.80 g,,,,,,,,,,,,,
922,Alami,"Ikan Telan, segar",Per 100 g BDD (Berat Dapat Dimakan),,95 kkal,0.70 g,0 mcg,0.18 mg,0.02 mg,1.90 mg,0 mg,6.50 g,15.80 g,0 g,503 mg,354 mg,58 mg,294 mg,1600 mcg,0.20 mg,1.20 mg,0 mcg,,75.30 g,1.70 g,,,,,,,,,,,,,
923,Alami,"Ikan Tembang, segar",Per 100 g BDD (Berat Dapat Dimakan),Berat Dapat Dimakan (80%),204 kkal,15 g,30 mcg,0.05 mg,0 mg,5.60 mg,0 mg,0 g,16 g,0 g,20 mg,200 mg,341 mg,291 mg,400 mcg,2 mg,2.60 mg,0 mcg,,65 g,4 g,,,,,,,,,,,,,
924,Alami,"Ikan Tempahas, segar",Per 100 g BDD (Berat Dapat Dimakan),,101 kkal,4.10 g,0 mcg,0.02 mg,0.05 mg,1.50 mg,0 mg,1 g,15.10 g,0 g,32 mg,163 mg,50 mg,320 mg,700 mcg,0 mg,0.60 mg,0 mcg,,78.90 g,0.90 g,,,,,,,,,,,,,
925,Alami,"Ikan Terbang, segar",Per 100 g BDD (Berat Dapat Dimakan),,98 kkal,1.70 g,39 mcg,0 mg,0.10 mg,0.10 mg,0 mg,1 g,19.60 g,0 g,90 mg,190 mg,90 mg,320 mg,100 mcg,0.60 mg,0.50 mg,0 mcg,,76.10 g,1.60 g,,,,,,,,,,,,,
926,Alami,"Ikan Teri, segar",Per 100 g BDD (Berat Dapat Dimakan),Berat Dapat Dimakan (100%),74 kkal,1.40 g,13 mcg,0.24 mg,0 mg,1.90 mg,0 mg,4.10 g,10.30 g,0 g,972 mg,253 mg,554 mg,126.10 mg,305200 mcg,3.90 mg,0.20 mg,0 mcg,,80 g,4.20 g,,,,,,,,,,,,,
927,Alami,"Ikan Titang, segar",Per 100 g BDD (Berat Dapat Dimakan),,82 kkal,0.40 g,581 mcg,0.64 mg,0.03 mg,1.50 mg,0 mg,2.30 g,17.40 g,0 g,145 mg,130 mg,110 mg,275 mg,100 mcg,1.80 mg,0.80 mg,0 mcg,,78.80 g,1.10 g,,,,,,,,,,,,,
928,Alami,"Ikan Tongkol, segar",Per 100 g BDD (Berat Dapat Dimakan),Berat Dapat Dimakan (100%),100 kkal,1.50 g,181 mcg,0.35 mg,0.03 mg,6.60 mg,0 mg,8 g,13.70 g,0 g,92 mg,606 mg,202 mg,227 mg,200 mcg,1.70 mg,1.60 mg,0 mcg,,74.70 g,2.10 g,,,,,,,,,,,,,
929,Alami,"Ikan Turi, segar",Per 100 g BDD (Berat Dapat Dimakan),,96 kkal,2 g,26 mcg,0 mg,0 mg,0 mg,0 mg,0.20 g,19.20 g,0 g,340 mg,340 mg,370 mg,300 mg,100 mcg,0.80 mg,2 mg,0 mcg,,76.90 g,2.10 g,,,,,,,,,,,,,
930,Alami,"Keong, segar",Per 100 g BDD (Berat Dapat Dimakan),Berat Dapat Dimakan (46%),64 kkal,1 g,0 mcg,0 mg,0 mg,0 mg,0 mg,2 g,12 g,0 g,217 mg,78 mg,231 mg,0 mg,370 mcg,1.70 mg,0.10 mg,244 mcg,,81 g,4 g,,,,,,,,,,,,,
931,Alami,"Kepiting, , segar",Per 100 g BDD (Berat Dapat Dimakan),Berat Dapat Dimakan (45%),151 kkal,3.80 g,61 mcg,0.05 mg,0 mg,0 mg,0 mg,14.10 g,13.80 g,0 g,210 mg,250 mg,0 mg,0 mg,0 mcg,1.10 mg,0 mg,0 mcg,,68.10 g,0.20 g,,,,,,,,,,,,,
932,Alami,"Kerang, segar",Per 100 g BDD (Berat Dapat Dimakan),Berat Dapat Dimakan (100%),101 kkal,2.60 g,0 mcg,0.01 mg,0 mg,0 mg,0 mg,3.90 g,14.40 g,0 g,321 mg,270 mg,0 mg,0 mg,0 mcg,15.60 mg,0 mg,0 mcg,,78.20 g,0.90 g,,,,,,,,,,,,,
933,Alami,"Kodok, segar",Per 100 g BDD (Berat Dapat Dimakan),Berat Dapat Dimakan (65%),73 kkal,0.30 g,0 mcg,0.14 mg,0 mg,0 mg,0 mg,0 g,16.40 g,0 g,18 mg,147 mg,0 mg,0 mg,0 mcg,1.10 mg,0 mg,0 mcg,,81.90 g,1.40 g,,,,,,,,,,,,,
934,Alami,"Kura-kura, segar",Per 100 g BDD (Berat Dapat Dimakan),Berat Dapat Dimakan (70%),83 kkal,0.20 g,0 mcg,0.20 mg,0 mg,0 mg,0 mg,0 g,19.10 g,0 g,27 mg,87 mg,0 mg,0 mg,0 mcg,0.70 mg,0 mg,0 mcg,,80 g,0.70 g,,,,,,,,,,,,,
935,Alami,"Kuro, segar",Per 100 g BDD (Berat Dapat Dimakan),Berat Dapat Dimakan (52%),87 kkal,2.20 g,6 mcg,0.04 mg,0 mg,0 mg,0 mg,1 g,16 g,0 g,75 mg,136 mg,0 mg,0 mg,0 mcg,1 mg,0 mg,0 mcg,,79.90 g,0.90 g,,,,,,,,,,,,,
936,Alami,"Lokan, segar",Per 100 g BDD (Berat Dapat Dimakan),,217 kkal,1.70 g,0 mcg,0.45 mg,0.07 mg,0 mg,0 mg,5.10 g,11 g,0 g,20 mg,390 mg,3 mg,7 mg,200 mcg,10.90 mg,2.70 mg,0 mcg,,80.90 g,1.30 g,,,,,,,,,,,,,
937,Alami,"Rajungan, segar",Per 100 g BDD (Berat Dapat Dimakan),,76 kkal,2 g,599 mcg,0.20 mg,0.25 mg,0.20 mg,0 mg,2.40 g,12.10 g,0 g,721 mg,214 mg,69 mg,192 mg,1700 mcg,2.20 mg,2.60 mg,40 mcg,,80.20 g,2.70 g,,,,,,,,,,,,,
938,Alami,"Rebon, udang kecil, segar",Per 100 g BDD (Berat Dapat Dimakan),Berat Dapat Dimakan (100%),81 kkal,1.20 g,18 mcg,0.04 mg,0.10 mg,2.40 mg,0 mg,0.70 g,16.20 g,0 g,757 mg,292 mg,169 mg,202.90 mg,700 mcg,2.20 mg,1.20 mg,0 mcg,,79 g,2.90 g,,,,,,,,,,,,,
939,Alami,Rusip,Per 100 g BDD (Berat Dapat Dimakan),Berat Dapat Dimakan (100%),110 kkal,2 g,0 mcg,0.04 mg,0 mg,0 mg,0 mg,11.70 g,11.50 g,0 g,479 mg,348 mg,0 mg,0 mg,0 mcg,7.10 mg,0 mg,0 mcg,,58.50 g,16.30 g,,,,,,,,,,,,,
940,Alami,"Udang galah, segar",Per 100 g BDD (Berat Dapat Dimakan),Berat Dapat Dimakan (68%),81 kkal,0.30 g,0 mcg,0.24 mg,0.03 mg,2.90 mg,0 mg,3 g,16.50 g,0 g,87 mg,167 mg,95 mg,132 mg,700 mcg,0.70 mg,1.20 mg,3 mcg,,79 g,1.20 g,,,,,,,,,,,,,
941,Alami,"Udang besar, segar",Per 100 g BDD (Berat Dapat Dimakan),Berat Dapat Dimakan (68%),56 kkal,0.60 g,0 mcg,0.14 mg,0 mg,0.10 mg,0 mg,1.20 g,11.40 g,0 g,30 mg,20 mg,190 mg,210 mg,400 mcg,0.30 mg,0.80 mg,0 mcg,,85.50 g,1.30 g,,,,,,,,,,,,,
942,Alami,Udang segar,Per 100 g BDD (Berat Dapat Dimakan),Berat Dapat Dimakan (68%),91 kkal,0.20 g,18 mcg,0.01 mg,0.40 mg,3.70 mg,0 mg,0.10 g,21 g,0 g,136 mg,170 mg,178 mg,222.40 mg,300 mcg,8 mg,1.30 mg,4 mcg,,75 g,3.70 g,,,,,,,,,,,,,
943,Alami,"Bekicot, dendeng , mentah",Per 100 g BDD (Berat Dapat Dimakan),Berat Dapat Dimakan (100%),441 kkal,20.30 g,6 mcg,0.56 mg,0 mg,0 mg,69 mg,15.80 g,48.70 g,0 g,692 mg,523 mg,0 mg,0 mg,0 mcg,16.60 mg,0 mg,0 mcg,,6.70 g,8.40 g,,,,,,,,,,,,,
944,Alami,Belut goreng,Per 100 g BDD (Berat Dapat Dimakan),,417 kkal,19.40 g,0 mcg,0 mg,0.20 mg,10.50 mg,0 mg,32 g,25.90 g,0 g,840 mg,872 mg,71 mg,217.70 mg,300 mcg,4.90 mg,1.80 mg,0 mcg,,11.20 g,11.50 g,,,,,,,,,,,,,
945,Alami,Cumi-cumi goreng,Per 100 g BDD (Berat Dapat Dimakan),,265 kkal,10.10 g,0 mcg,0.09 mg,0 mg,6.30 mg,0 mg,0 g,40.60 g,0 g,62 mg,270 mg,86 mg,81.90 mg,0 mcg,2.70 mg,0 mg,56 mcg,,54.20 g,3.10 g,,,,,,,,,,,,,
946,Alami,"Ikan asin, kering",Per 100 g BDD (Berat Dapat Dimakan),Berat Dapat Dimakan (70%),193 kkal,1.50 g,0 mcg,0.01 mg,0 mg,0 mg,0 mg,0 g,42 g,0 g,200 mg,300 mg,0 mg,0 mg,0 mcg,0.01 mg,0 mg,0 mcg,,40 g,16.50 g,,,,,,,,,,,,,
947,Alami,"Ikan Bandeng Presto, masakan",Per 100 g BDD (Berat Dapat Dimakan),Berat Dapat Dimakan (100%),296 kkal,20.30 g,6 mcg,0.14 mg,0 mg,0 mg,69 mg,11.30 g,17.10 g,0 g,1422 mg,659 mg,0 mg,0 mg,0 mcg,1.90 mg,0 mg,0 mcg,,45.30 g,6 g,,,,,,,,,,,,,
948,Alami,"Ikan Baung bakar,",Per 100 g BDD (Berat Dapat Dimakan),,144 kkal,5.80 g,0 mcg,0 mg,0 mg,1.30 mg,0 mg,5.20 g,17.80 g,0 g,18 mg,169 mg,168 mg,236 mg,100 mcg,0 mg,0.70 mg,0 mcg,,69.80 g,1.40 g,,,,,,,,,,,,,
949,Alami,Ikan Belida bakar,Per 100 g BDD (Berat Dapat Dimakan),,128 kkal,3 g,0 mcg,1.80 mg,0.17 mg,1.50 mg,0 mg,7.20 g,18 g,0 g,58 mg,134 mg,293 mg,198 mg,100 mcg,0 mg,0.40 mg,0 mcg,,68.20 g,3.60 g,,,,,,,,,,,,,
950,Alami,"Ikan Cakalang asap, mentah",Per 100 g BDD (Berat Dapat Dimakan),Berat Dapat Dimakan (70%),204 kkal,5.60 g,1546 mcg,0.53 mg,0.07 mg,0 mg,0 mg,1.90 g,34.20 g,0 g,14 mg,399 mg,176 mg,588 mg,300 mcg,1.30 mg,0.70 mg,0 mcg,,56.90 g,1.40 g,,,,,,,,,,,,,
951,Alami,"Ikan Cakalang asin, mentah",Per 100 g BDD (Berat Dapat Dimakan),Berat Dapat Dimakan (70%),198 kkal,2.20 g,0 mcg,0.06 mg,0 mg,0 mg,0 mg,5.50 g,36.50 g,0 g,236 mg,346 mg,4304 mg,302.10 mg,0 mcg,3.70 mg,0 mg,0 mcg,,41.70 g,14.10 g,,,,,,,,,,,,,
952,Alami,"Ikan Calo / peda, mentah",Per 100 g BDD (Berat Dapat Dimakan),Berat Dapat Dimakan (100%),81 kkal,1.90 g,15 mcg,0 mg,0 mg,0 mg,0 mg,3.80 g,11.40 g,0 g,743 mg,174 mg,0 mg,0 mg,0 mcg,22.60 mg,0 mg,0 mcg,,71.30 g,11.60 g,,,,,,,,,,,,,
953,Alami,"Ikan Gabus asap, mentah",Per 100 g BDD (Berat Dapat Dimakan),Berat Dapat Dimakan (80%),261 kkal,2.30 g,114 mcg,0.10 mg,0.10 mg,14.50 mg,0 mg,21.90 g,38.10 g,0 g,2510 mg,1840 mg,320 mg,410 mg,400 mcg,2.90 mg,0.80 mg,0 mcg,,26.40 g,11.30 g,,,,,,,,,,,,,
954,Alami,Ikan Gabus kering,Per 100 g BDD (Berat Dapat Dimakan),Berat Dapat Dimakan (80%),268 kkal,4 g,30 mcg,0.10 mg,0 mg,0 mg,0 mg,0 g,58 g,0 g,15 mg,100 mg,0 mg,0 mg,0 mcg,0.10 mg,0 mg,0 mcg,,24 g,14 g,,,,,,,,,,,,,
955,Alami,Ikan Gete goreng,Per 100 g BDD (Berat Dapat Dimakan),,267 kkal,19.40 g,0 mcg,0 mg,0 mg,0.20 mg,0 mg,0.20 g,23.10 g,0 g,2340 mg,1240 mg,590 mg,440 mg,100 mcg,0.80 mg,1.90 mg,0 mcg,,44.70 g,12.60 g,,,,,,,,,,,,,
956,Alami,Ikan Hiu kering,Per 100 g BDD (Berat Dapat Dimakan),,298 kkal,3.60 g,661 mcg,0.84 mg,0.11 mg,22.50 mg,0 mg,20.20 g,46.30 g,0 g,335 mg,846 mg,957 mg,1457 mg,500 mcg,2.50 mg,2 mg,0 mcg,,23.10 g,6.80 g,,,,,,,,,,,,,
957,Alami,Ikan Katombo asin,Per 100 g BDD (Berat Dapat Dimakan),Berat Dapat Dimakan (70%),162 kkal,2.80 g,0 mcg,0.09 mg,0 mg,0 mg,0 mg,0.30 g,31.70 g,0 g,279 mg,609 mg,4393 mg,342.20 mg,2800 mcg,4.60 mg,0 mg,0 mcg,,44.70 g,15.50 g,,,,,,,,,,,,,
958,Alami,Ikan kayu kering,Per 100 g BDD (Berat Dapat Dimakan),,302 kkal,1.90 g,0 mcg,1.40 mg,0.04 mg,20 mg,0 mg,0.40 g,70.70 g,0 g,313 mg,22 mg,345 mg,1045 mg,0 mcg,4.10 mg,1.80 mg,0 mcg,,23.10 g,3.90 g,,,,,,,,,,,,,
959,Alami,Ikan Lais bakar,Per 100 g BDD (Berat Dapat Dimakan),,147 kkal,6.50 g,0 mcg,0 mg,0 mg,0 mg,0 mg,5.40 g,17.50 g,0 g,54 mg,194 mg,142 mg,209 mg,0 mcg,0.10 mg,0.50 mg,0 mcg,,69.40 g,1.20 g,,,,,,,,,,,,,
960,Alami,"Ikan Lomak asin, mentah",Per 100 g BDD (Berat Dapat Dimakan),,258 kkal,2.30 g,0 mcg,0 mg,0.30 mg,6 mg,0 mg,18.90 g,40.30 g,0 g,140 mg,279 mg,6227 mg,485.10 mg,2300 mcg,2.30 mg,0 mg,0 mcg,,21.60 g,16.90 g,,,,,,,,,,,,,
961,Alami,Ikan Mas pepes,Per 100 g BDD (Berat Dapat Dimakan),Berat Dapat Dimakan (100%),209 kkal,11.30 g,3 mcg,0.13 mg,0.10 mg,2.40 mg,0 mg,11.80 g,15.20 g,0.50 g,686 mg,530 mg,74 mg,276.70 mg,100 mcg,6.10 mg,1.90 mg,0 mcg,,57.50 g,4.30 g,,,,,,,,,,,,,
962,Alami,Ikan Mujahir / mujair goreng,Per 100 g BDD (Berat Dapat Dimakan),Berat Dapat Dimakan (100%),416 kkal,23.90 g,12 mcg,0.12 mg,0.10 mg,2.20 mg,0 mg,0 g,46.90 g,0 g,346 mg,654 mg,54 mg,278.90 mg,0 mcg,0.90 mg,0.20 mg,3 mcg,,44.70 g,2.20 g,,,,,,,,,,,,,
963,Alami,Ikan Mujahir / Mujair pepes,Per 100 g BDD (Berat Dapat Dimakan),Berat Dapat Dimakan (100%),121 kkal,2.80 g,8 mcg,0 mg,0.10 mg,1.90 mg,0 mg,0.80 g,21.70 g,0 g,83 mg,248 mg,58 mg,265.80 mg,0 mcg,1.60 mg,0.30 mg,0 mcg,,73.70 g,1 g,,,,,,,,,,,,,
964,Alami,"Ikan Dendeng mujahir, mentah",Per 100 g BDD (Berat Dapat Dimakan),Berat Dapat Dimakan (100%),582 kkal,15.20 g,15 mcg,0.27 mg,0 mg,0 mg,0 mg,37.20 g,68.30 g,0 g,3258 mg,1699 mg,0 mg,0 mg,0 mcg,4.30 mg,0 mg,0 mcg,,15.20 g,14.10 g,,,,,,,,,,,,,
965,Alami,Ikan Papuyu bakar,Per 100 g BDD (Berat Dapat Dimakan),,152 kkal,6.10 g,0 mcg,0 mg,0 mg,0 mg,0 mg,6.70 g,17.60 g,0 g,244 mg,227 mg,320 mg,224 mg,200 mcg,3.40 mg,1 mg,0 mcg,,66.60 g,3 g,,,,,,,,,,,,,
966,Alami,Ikan Patin bakar,Per 100 g BDD (Berat Dapat Dimakan),,144 kkal,6.30 g,0 mcg,0 mg,0 mg,0 mg,0 mg,4.30 g,17.50 g,0 g,191 mg,232 mg,379 mg,230 mg,100 mcg,1.40 mg,0.70 mg,0 mcg,,70.30 g,1.60 g,,,,,,,,,,,,,
967,Alami,"Ikan Peda banjar, mentah",Per 100 g BDD (Berat Dapat Dimakan),Berat Dapat Dimakan (90%),156 kkal,4 g,33 mcg,0.10 mg,0.10 mg,4.70 mg,0 mg,2 g,28 g,0 g,174 mg,316 mg,59 mg,368.80 mg,0 mcg,3.10 mg,0.50 mg,4 mcg,,46 g,20 g,,,,,,,,,,,,,
968,Alami,"Ikan Pepetek, mentah",Per 100 g BDD (Berat Dapat Dimakan),,176 kkal,4.40 g,15 mcg,0.05 mg,0.10 mg,2.40 mg,0 mg,2 g,32 g,0 g,120 mg,200 mg,79 mg,1 mg,0 mcg,1 mg,0 mg,0 mcg,,33 g,28.60 g,,,,,,,,,,,,,
969,Alami,"Ikan Pindang banjar,mentah",Per 100 g BDD (Berat Dapat Dimakan),,157 kkal,4.20 g,45 mcg,0.10 mg,0 mg,0 mg,0 mg,1.80 g,28 g,0 g,50 mg,100 mg,0 mg,0 mg,0 mcg,1 mg,0 mg,0 mcg,,59 g,7 g,,,,,,,,,,,,,
970,Alami,"Ikan Pindang benggol, mentah",Per 100 g BDD (Berat Dapat Dimakan),,170 kkal,4.20 g,45 mcg,0.10 mg,0 mg,0 mg,0 mg,0 g,31 g,0 g,50 mg,100 mg,0 mg,0 mg,0 mcg,1 mg,0 mg,0 mcg,,57 g,7.80 g,,,,,,,,,,,,,
971,Alami,"Ikan Pindang layang, mentah",Per 100 g BDD (Berat Dapat Dimakan),,153 kkal,2.80 g,61 mcg,0.07 mg,0 mg,0 mg,0 mg,0 g,30 g,0 g,60 mg,200 mg,0 mg,0 mg,0 mcg,3 mg,0 mg,0 mcg,,60 g,7.20 g,,,,,,,,,,,,,
972,Alami,"Ikan Pindang selar, mentah",Per 100 g BDD (Berat Dapat Dimakan),,142 kkal,3 g,61 mcg,0.07 mg,0 mg,0 mg,0 mg,0 g,27 g,0 g,60 mg,200 mg,0 mg,0 mg,0 mcg,3 mg,0 mg,0 mcg,,60 g,10 g,,,,,,,,,,,,,
973,Alami,"Ikan Sale, mentah",Per 100 g BDD (Berat Dapat Dimakan),Berat Dapat Dimakan (100%),534 kkal,39.30 g,0 mcg,0.02 mg,0.50 mg,0 mg,0 mg,4.90 g,40.20 g,2 g,199 mg,1244 mg,673 mg,673 mg,300 mcg,2.70 mg,2.60 mg,410 mcg,,8.50 g,7.10 g,,,,,,,,,,,,,
974,Alami,"Ikan Sale lais, mentah",Per 100 g BDD (Berat Dapat Dimakan),,415 kkal,17.60 g,0 mcg,0.03 mg,0.10 mg,17.30 mg,0 mg,2.90 g,61.30 g,0 g,258 mg,919 mg,1767 mg,263 mg,17600 mcg,7 mg,1 mg,0 mcg,,12.40 g,5.80 g,,,,,,,,,,,,,
975,Alami,"Ikan Saluang kering, mentah",Per 100 g BDD (Berat Dapat Dimakan),,284 kkal,9.90 g,0 mcg,0.49 mg,0.03 mg,0 mg,0 mg,14.60 g,34.10 g,0 g,1426 mg,1103 mg,1767 mg,263 mg,1300 mcg,9.50 mg,18.70 mg,0 mcg,,33.60 g,7.80 g,,,,,,,,,,,,,
976,Alami,"Ikan sanggang, masakan",Per 100 g BDD (Berat Dapat Dimakan),,240 kkal,7.70 g,0 mcg,0.51 mg,0.02 mg,0 mg,0 mg,20.70 g,21.70 g,0 g,159 mg,362 mg,2041 mg,159 mg,1500 mcg,9.80 mg,8.80 mg,0 mcg,,42.60 g,7.30 g,,,,,,,,,,,,,
977,Alami,"Ikan selar kuning cue, mentah",Per 100 g BDD (Berat Dapat Dimakan),Berat Dapat Dimakan (90%),138 kkal,3.30 g,45 mcg,0.10 mg,0 mg,0 mg,0 mg,0 g,27 g,0 g,50 mg,100 mg,0 mg,0 mg,0 mcg,2 mg,0 mg,0 mcg,,59 g,0.70 g,,,,,,,,,,,,,
978,Alami,"Ikan selar, kering, mentah",Per 100 g BDD (Berat Dapat Dimakan),,194 kkal,3.50 g,0 mcg,0.01 mg,0 mg,0 mg,0 mg,0 g,38 g,0 g,20 mg,200 mg,0 mg,0 mg,0 mcg,1 mg,0 mg,0 mcg,,43 g,15.50 g,,,,,,,,,,,,,
979,Alami,"Ikan sepat, kering, mentah",Per 100 g BDD (Berat Dapat Dimakan),,289 kkal,14 g,0 mcg,0 mg,0 mg,0 mg,0 mg,0 g,38 g,0 g,40 mg,100 mg,0 mg,0 mg,0 mcg,0.70 mg,0 mg,0 mcg,,30 g,18 g,,,,,,,,,,,,,
980,Alami,"Ikan sunu, asin, mentah",Per 100 g BDD (Berat Dapat Dimakan),,199 kkal,3.80 g,2481 mcg,1.50 mg,0.13 mg,7.20 mg,0 mg,7.10 g,34.10 g,0 g,94 mg,92 mg,377 mg,57 mg,100 mcg,2.20 mg,3.20 mg,0 mcg,,34.70 g,20.30 g,,,,,,,,,,,,,
981,Alami,"Ikan, tepung, mentah",Per 100 g BDD (Berat Dapat Dimakan),,316 kkal,6.50 g,320 mcg,0 mg,0 mg,0 mg,0 mg,22.40 g,60.10 g,0 g,3196 mg,1976 mg,0 mg,0 mg,0 mcg,16.60 mg,0 mg,0 mcg,,4.30 g,6.70 g,,,,,,,,,,,,,
982,Alami,"Ikan teri nasi, kering, mentah",Per 100 g BDD (Berat Dapat Dimakan),,144 kkal,0.60 g,61 mcg,0.10 mg,0 mg,0 mg,0 mg,0 g,32.50 g,0 g,1000 mg,1000 mg,312 mg,0 mg,0 mcg,3 mg,0 mg,0 mcg,,34.50 g,32.40 g,,,,,,,,,,,,,
983,Alami,"Ikan Teri, bubuk, mentah",Per 100 g BDD (Berat Dapat Dimakan),,277 kkal,2.30 g,90 mcg,0.10 mg,0 mg,0 mg,0 mg,1.80 g,60 g,0 g,1209 mg,1225 mg,0 mg,0 mg,0 mcg,3 mg,0 mg,0 mcg,,15 g,20.90 g,,,,,,,,,,,,,
984,Alami,"Ikan teri, kering, mentah",Per 100 g BDD (Berat Dapat Dimakan),,170 kkal,3 g,64 mcg,0.15 mg,0 mg,0 mg,0 mg,0 g,33.40 g,0 g,1200 mg,1500 mg,0 mg,0 mg,0 mcg,3.60 mg,0 mg,0 mcg,,37.80 g,25.80 g,,,,,,,,,,,,,
985,Alami,"Ikan teri, kering, tawar, mentah",Per 100 g BDD (Berat Dapat Dimakan),,331 kkal,4.20 g,61 mcg,0.10 mg,0 mg,0 mg,0 mg,0 g,68.70 g,0 g,2381 mg,1500 mg,0 mg,0 mg,0 mcg,23.40 mg,0 mg,0 mcg,,16.70 g,10.40 g,,,,,,,,,,,,,
986,Alami,"Ikan Teri, tepung, mentah",Per 100 g BDD (Berat Dapat Dimakan),,347 kkal,6.40 g,61 mcg,1.12 mg,0 mg,0 mg,0 mg,19.60 g,48.80 g,0 g,4608 mg,1200 mg,0 mg,0 mg,0 mcg,18.60 mg,0 mg,0 mcg,,5.20 g,20 g,,,,,,,,,,,,,
987,Alami,"Kerang asap, mentah",Per 100 g BDD (Berat Dapat Dimakan),Berat Dapat Dimakan (100%),393 kkal,13.30 g,0 mcg,0.30 mg,1.70 mg,0.20 mg,0 mg,29.40 g,38.90 g,0 g,420 mg,410 mg,160 mg,50 mg,600 mcg,8.50 mg,3.70 mg,0 mcg,,9.30 g,9.10 g,,,,,,,,,,,,,
988,Alami,"Kerang, Dendeng, mentah",Per 100 g BDD (Berat Dapat Dimakan),Berat Dapat Dimakan (100%),357 kkal,10 g,0 mcg,0.27 mg,0 mg,0 mg,0 mg,25.60 g,41.10 g,0 g,217 mg,904 mg,0 mg,0 mg,0 mcg,5.20 mg,0 mg,0 mcg,,18.30 g,5 g,,,,,,,,,,,,,
989,Alami,"Rebon kering, mentah",Per 100 g BDD (Berat Dapat Dimakan),,299 kkal,3.60 g,0 mcg,0.60 mg,0 mg,0 mg,0 mg,3.20 g,59.40 g,0 g,2306 mg,625 mg,0 mg,0 mg,0 mcg,21.40 mg,0 mg,0 mcg,,21.60 g,12.20 g,,,,,,,,,,,,,
990,Alami,"Rebung laut, mentah",Per 100 g BDD (Berat Dapat Dimakan),,320 kkal,4.20 g,917 mcg,0 mg,0 mg,4.90 mg,0 mg,63.30 g,7.20 g,0 g,240 mg,570 mg,20 mg,1040 mg,1500 mcg,6.60 mg,6.20 mg,0 mcg,,18.20 g,7.10 g,,,,,,,,,,,,,
991,Alami,Sardines dalam kaleng,Per 100 g BDD (Berat Dapat Dimakan),,338 kkal,27 g,76 mcg,0.10 mg,0 mg,0 mg,0 mg,1 g,21.10 g,0 g,354 mg,434 mg,0 mg,0 mg,0 mcg,3.50 mg,0 mg,0 mcg,,47.10 g,3.80 g,,,,,,,,,,,,,
992,Alami,"Teripang, dendeng, mentah",Per 100 g BDD (Berat Dapat Dimakan),Berat Dapat Dimakan (100%),462 kkal,32.40 g,2 mcg,1.37 mg,0 mg,5.30 mg,0 mg,3.50 g,39.10 g,0 g,499 mg,616 mg,0 mg,0 mg,0 mcg,96.40 mg,0 mg,0 mcg,,12.50 g,12.50 g,,,,,,,,,,,,,
993,Alami,"Udang kering, mentah",Per 100 g BDD (Berat Dapat Dimakan),,278 kkal,4.10 g,39 mcg,0 mg,0 mg,0.10 mg,0 mg,2.20 g,62.60 g,0 g,760 mg,510 mg,540 mg,360 mg,2400 mcg,5.20 mg,3.20 mg,0 mcg,,14.90 g,16.20 g,,,,,,,,,,,,,
994,Alami,"Udang papay, mentah",Per 100 g BDD (Berat Dapat Dimakan),,273 kkal,3.80 g,0 mcg,0 mg,0 mg,0 mg,0 mg,12.50 g,47.80 g,0 g,1109 mg,789 mg,651 mg,802 mg,2600 mcg,2.40 mg,10.80 mg,0 mcg,,24.50 g,11.50 g,,,,,,,,,,,,,
995,Alami,Abon haruwan,Per 100 g BDD (Berat Dapat Dimakan),Berat Dapat Dimakan (100%),513 kkal,37 g,0 mcg,0 mg,0 mg,0 mg,0 mg,21.30 g,23.70 g,0 g,25 mg,25 mg,61 mg,15 mg,0 mcg,0.50 mg,0.20 mg,0 mcg,,11.60 g,6.40 g,,,,,,,,,,,,,
996,Alami,Abon ikan,Per 100 g BDD (Berat Dapat Dimakan),Berat Dapat Dimakan (100%),435 kkal,20.20 g,0 mcg,0 mg,0.80 mg,24.30 mg,0 mg,36.10 g,27.20 g,0 g,0 mg,0 mg,0 mg,0 mg,0 mcg,0 mg,0 mg,0 mcg,,6.40 g,10.10 g,,,,,,,,,,,,,
997,Alami,"Betok wadi, masakan",Per 100 g BDD (Berat Dapat Dimakan),,145 kkal,7 g,0 mcg,0.22 mg,0 mg,0 mg,0 mg,4.10 g,16.30 g,0 g,405 mg,523 mg,69 mg,203 mg,1000 mcg,1.80 mg,1.30 mg,0 mcg,,69.20 g,3.40 g,,,,,,,,,,,,,
998,Alami,"Bou ninahu ndamate, masakan",Per 100 g BDD (Berat Dapat Dimakan),,79 kkal,1 g,691 mcg,0.10 mg,0 mg,0.10 mg,0 mg,1.10 g,6.30 g,0 g,0 mg,0 mg,67 mg,0 mg,0 mcg,0 mg,0 mg,0 mcg,,79.50 g,2.10 g,,,,,,,,,,,,,
999,Alami,"Bouiki ninahu nggaluku, masakan",Per 100 g BDD (Berat Dapat Dimakan),,94 kkal,2.20 g,0 mcg,0.50 mg,0.03 mg,2.40 mg,0 mg,10.80 g,7.80 g,0 g,0 mg,0 mg,58 mg,179.40 mg,0 mcg,0 mg,1.50 mg,0 mcg,,73.90 g,5.30 g,,,,,,,,,,,,,
1000,Alami,Cakalang asar (asap),Per 100 g BDD (Berat Dapat Dimakan),,155 kkal,3.80 g,86 mcg,0 mg,0.70 mg,0.20 mg,0 mg,10.20 g,20.10 g,0 g,20 mg,240 mg,90 mg,390 mg,300 mcg,2.10 mg,0.10 mg,0 mcg,,64.30 g,1.60 g,,,,,,,,,,,,,
1001,Alami,"Dendeng belut goreng, masakan",Per 100 g BDD (Berat Dapat Dimakan),,382 kkal,14.10 g,28 mcg,0.48 mg,0 mg,0 mg,0 mg,8 g,55.70 g,0 g,1069 mg,654 mg,0 mg,0 mg,0 mcg,15.40 mg,0 mg,0 mcg,,8.20 g,14 g,,,,,,,,,,,,,
1002,Alami,"Dendeng mujahir goreng, masakan",Per 100 g BDD (Berat Dapat Dimakan),,598 kkal,26.90 g,18 mcg,0.19 mg,0 mg,0 mg,0 mg,9.20 g,74.30 g,0 g,1957 mg,1447 mg,0 mg,0 mg,0 mcg,7.40 mg,0 mg,0 mcg,,6.50 g,13.10 g,,,,,,,,,,,,,
1003,Alami,Fillet o-fish,Per 100 g BDD (Berat Dapat Dimakan),,270 kkal,15.90 g,34 mcg,0.59 mg,0 mg,0 mg,0 mg,19.30 g,12.30 g,0.20 g,239 mg,272 mg,439 mg,0 mg,0 mcg,1.80 mg,0 mg,0 mcg,,51 g,1.50 g,,,,,,,,,,,,,
1004,Alami,"Gete kuah asam, masakan",Per 100 g BDD (Berat Dapat Dimakan),,75 kkal,2 g,0 mcg,0 mg,0 mg,0.10 mg,0 mg,6 g,8.20 g,0 g,1620 mg,880 mg,260 mg,150 mg,100 mcg,0.80 mg,1.50 mg,0 mcg,,80.10 g,3.80 g,,,,,,,,,,,,,
1005,Alami,"Gulai asam keueung, masakan",Per 100 g BDD (Berat Dapat Dimakan),,52 kkal,0.50 g,0 mcg,0.18 mg,0.34 mg,0 mg,0 mg,1.80 g,10 g,0 g,62 mg,102 mg,332 mg,141 mg,0 mcg,0.30 mg,1 mg,0 mcg,,86 g,1.70 g,,,,,,,,,,,,,
1006,Alami,"Gulai ikan, masakan",Per 100 g BDD (Berat Dapat Dimakan),,106 kkal,3.30 g,86 mcg,0.32 mg,0 mg,0 mg,0 mg,2.50 g,16.50 g,0 g,306 mg,196 mg,743 mg,0 mg,0 mcg,4.80 mg,0 mg,0 mcg,,75.70 g,2 g,,,,,,,,,,,,,
1007,Alami,"Gulai ikan paya, masakan",Per 100 g BDD (Berat Dapat Dimakan),,148 kkal,9.80 g,0 mcg,0.26 mg,0.02 mg,0 mg,0 mg,5 g,10 g,0 g,103 mg,82 mg,525 mg,256 mg,100 mcg,0.70 mg,0.90 mg,0 mcg,,72.10 g,3.10 g,,,,,,,,,,,,,
1008,Alami,"Gulai keumamah, masakan",Per 100 g BDD (Berat Dapat Dimakan),Berat Dapat Dimakan (100%),110 kkal,8.20 g,0 mcg,0.33 mg,0.04 mg,0 mg,0 mg,3.20 g,5.90 g,0 g,32 mg,96 mg,335 mg,121 mg,200 mcg,1 mg,0.90 mg,0 mcg,,81.40 g,1.30 g,,,,,,,,,,,,,
1009,Alami,"Gulai tiram, masakan",Per 100 g BDD (Berat Dapat Dimakan),,132 kkal,7.20 g,389 mcg,0.29 mg,0.12 mg,0 mg,0 mg,7.80 g,9 g,0 g,53 mg,134 mg,285 mg,133 mg,1100 mcg,3.70 mg,0.70 mg,0 mcg,,73.10 g,2.90 g,,,,,,,,,,,,,
1010,Alami,"Gurame asem manis, masakan",Per 100 g BDD (Berat Dapat Dimakan),,192 kkal,10.10 g,19 mcg,0.10 mg,0 mg,0 mg,0 mg,12.70 g,12.70 g,0 g,283 mg,169 mg,0 mg,0 mg,0 mcg,1.10 mg,0 mg,0 mcg,,63.10 g,2.40 g,,,,,,,,,,,,,
1011,Alami,"Ikan asar merah, masakan",Per 100 g BDD (Berat Dapat Dimakan),,146 kkal,5.90 g,224 mcg,0 mg,0 mg,0 mg,0 mg,5.60 g,17.70 g,0 g,100 mg,240 mg,170 mg,310 mg,300 mcg,4 mg,1.40 mg,0 mcg,,69.20 g,1.60 g,,,,,,,,,,,,,
1012,Alami,"Jambal goreng, masakan",Per 100 g BDD (Berat Dapat Dimakan),,286 kkal,9.20 g,109 mcg,0.40 mg,0 mg,3.06 mg,0 mg,2.30 g,48.50 g,0 g,207 mg,457 mg,0 mg,0 mg,0 mcg,3.30 mg,0 mg,0 mcg,,13.40 g,26.60 g,,,,,,,,,,,,,
1013,Alami,"Jukku pallu kaloa, masakan",Per 100 g BDD (Berat Dapat Dimakan),,15 kkal,4.30 g,0 mcg,0.30 mg,0.14 mg,7.50 mg,0 mg,8.80 g,15.20 g,0 g,40 mg,170 mg,605 mg,153 mg,600 mcg,1.10 mg,1.10 mg,0 mcg,,69.40 g,2.30 g,,,,,,,,,,,,,
1014,Alami,"Kaholeo, masakan",Per 100 g BDD (Berat Dapat Dimakan),,413 kkal,19.80 g,4236 mcg,1.34 mg,0.03 mg,5.70 mg,0 mg,29.80 g,28.70 g,0 g,909 mg,1291 mg,0 mg,1171 mg,100 mcg,0 mg,3.10 mg,0 mcg,,11.20 g,10.50 g,,,,,,,,,,,,,
1015,Alami,"Lawara penjah, masakan",Per 100 g BDD (Berat Dapat Dimakan),Berat Dapat Dimakan (100%),207 kkal,15.40 g,0 mcg,0.19 mg,0.04 mg,0 mg,14 mg,9.60 g,7.40 g,0 g,114 mg,219 mg,683 mg,117 mg,500 mcg,5.90 mg,0.70 mg,38 mcg,,64.50 g,2.90 g,,,,,,,,,,,,,
1016,Alami,"Model, masakan",Per 100 g BDD (Berat Dapat Dimakan),,79 kkal,4 g,0 mcg,0.16 mg,0.02 mg,0 mg,0 mg,8.60 g,2.20 g,0 g,8 mg,33 mg,147 mg,34 mg,100 mcg,0.80 mg,0.50 mg,0 mcg,,83.90 g,1.30 g,,,,,,,,,,,,,
1017,Alami,"Mujahir acar kuning, masakan",Per 100 g BDD (Berat Dapat Dimakan),,330 kkal,23.40 g,24 mcg,0.15 mg,0 mg,0 mg,0 mg,12.10 g,17.80 g,1.10 g,154 mg,357 mg,0 mg,0 mg,0 mcg,5.30 mg,0 mg,0 mcg,,43.10 g,4.60 g,,,,,,,,,,,,,
1018,Alami,"Parede baleh, masakan",Per 100 g BDD (Berat Dapat Dimakan),,87 kkal,2.50 g,0 mcg,0.24 mg,0 mg,0.70 mg,0 mg,5.50 g,10.50 g,0 g,35 mg,215 mg,416 mg,59 mg,100 mcg,0.90 mg,0.20 mg,0 mcg,,80 g,1.50 g,,,,,,,,,,,,,
1019,Alami,"Pempek adaan, masakan",Per 100 g BDD (Berat Dapat Dimakan),,162 kkal,3 g,0 mcg,0.30 mg,0.03 mg,1 mg,0 mg,27.80 g,4.90 g,0 g,26 mg,116 mg,488 mg,119 mg,100 mcg,1 mg,0.20 mg,0 mcg,,62.60 g,1.70 g,,,,,,,,,,,,,
1020,Alami,"Pempek belida, masakan",Per 100 g BDD (Berat Dapat Dimakan),,156 kkal,1.40 g,0 mcg,0.03 mg,0 mg,0 mg,0 mg,31.60 g,4.20 g,0.20 g,100 mg,55 mg,0 mg,0 mg,0 mcg,3.30 mg,0 mg,0 mcg,,61.40 g,1.40 g,,,,,,,,,,,,,
1021,Alami,"Pempek kapal selam, masakan",Per 100 g BDD (Berat Dapat Dimakan),,152 kkal,2.30 g,0 mcg,0.20 mg,0.03 mg,1 mg,0 mg,28.20 g,4.50 g,0 g,19 mg,115 mg,628 mg,91 mg,100 mcg,1.60 mg,0.20 mg,0 mcg,,63.40 g,1.60 g,,,,,,,,,,,,,
1022,Alami,"Pempek kelesan, masakan",Per 100 g BDD (Berat Dapat Dimakan),,211 kkal,6.10 g,14 mcg,0.25 mg,0 mg,0 mg,0 mg,26.60 g,12.30 g,0.40 g,840 mg,176 mg,0 mg,0 mg,0 mcg,1.80 mg,0 mg,0 mcg,,53 g,2 g,,,,,,,,,,,,,
1023,Alami,"Pempek kulit, masakan",Per 100 g BDD (Berat Dapat Dimakan),,243 kkal,7.30 g,0 mcg,0.20 mg,0.02 mg,0.90 mg,0 mg,39.10 g,5.20 g,0 g,16 mg,96 mg,555 mg,102 mg,100 mcg,2 mg,0.60 mg,0 mcg,,45.70 g,2.70 g,,,,,,,,,,,,,
1024,Alami,"Pempek telur, masakan",Per 100 g BDD (Berat Dapat Dimakan),,156 kkal,2.70 g,0 mcg,0.20 mg,0.05 mg,1.10 mg,0 mg,28.30 g,4.70 g,0 g,13 mg,83 mg,448 mg,48 mg,100 mcg,1.30 mg,0.60 mg,0 mcg,,62.40 g,1.90 g,,,,,,,,,,,,,
1025,Alami,"Pempek tenggiri, masakan",Per 100 g BDD (Berat Dapat Dimakan),,173 kkal,1.20 g,0 mcg,0.02 mg,0 mg,0 mg,0 mg,33.40 g,7.20 g,0.20 g,164 mg,80 mg,0 mg,0 mg,0 mcg,3.10 mg,0 mg,0 mcg,,56.30 g,1.90 g,,,,,,,,,,,,,
1026,Alami,"Pencok lele, masakan",Per 100 g BDD (Berat Dapat Dimakan),,372 kkal,36.30 g,64 mcg,0.12 mg,0 mg,0 mg,0 mg,3.50 g,7.80 g,0 g,289 mg,295 mg,0 mg,0 mg,0 mcg,5.30 mg,0 mg,0 mcg,,47.50 g,4.90 g,,,,,,,,,,,,,
1027,Alami,Pinda,Per 100 g BDD (Berat Dapat Dimakan),,107 kkal,0.60 g,896 mcg,0.89 mg,0.05 mg,0.50 mg,0 mg,0.40 g,15.90 g,0 g,375 mg,336 mg,526 mg,330 mg,200 mcg,1.90 mg,1 mg,0 mcg,,71 g,3.10 g,,,,,,,,,,,,,
1028,Alami,"Pindang kenari, masakan",Per 100 g BDD (Berat Dapat Dimakan),,124 kkal,9.60 g,18 mcg,0 mg,0 mg,0.10 mg,0 mg,0 g,9.50 g,0 g,120 mg,220 mg,370 mg,270 mg,300 mcg,1.30 mg,1.20 mg,381 mcg,,80.10 g,2.80 g,,,,,,,,,,,,,
1029,Alami,"Saboko gurita, masakan",Per 100 g BDD (Berat Dapat Dimakan),,87 kkal,1.50 g,38 mcg,0 mg,0 mg,0 mg,0 mg,2.60 g,15.70 g,0 g,60 mg,14 mg,200 mg,180 mg,900 mcg,2.10 mg,4 mg,0 mcg,,76.20 g,4.10 g,,,,,,,,,,,,,
1030,Alami,"Saboko saltan, masakan",Per 100 g BDD (Berat Dapat Dimakan),,113 kkal,3.60 g,27 mcg,0 mg,0 mg,0.10 mg,0 mg,3 g,17.10 g,0 g,240 mg,60 mg,40 mg,350 mg,200 mcg,0.50 mg,0.60 mg,0 mcg,,76 g,0.30 g,,,,,,,,,,,,,
1031,Alami,"Saboko sardin, masakan",Per 100 g BDD (Berat Dapat Dimakan),,110 kkal,4.30 g,37 mcg,0 mg,0 mg,0 mg,0 mg,4.90 g,12.90 g,0 g,220 mg,520 mg,200 mg,280 mg,200 mcg,6 mg,3.90 mg,0 mcg,,70 g,7.90 g,,,,,,,,,,,,,
1032,Alami,Sate bandeng,Per 100 g BDD (Berat Dapat Dimakan),Berat Dapat Dimakan (82%),283 kkal,16.80 g,0 mcg,0.02 mg,0.02 mg,0 mg,0 mg,20.90 g,12.10 g,2 g,118 mg,186 mg,543 mg,199 mg,200 mcg,1.20 mg,0.90 mg,0 mcg,,47.10 g,3.10 g,,,,,,,,,,,,,
1033,Alami,"Sepi, masakan",Per 100 g BDD (Berat Dapat Dimakan),,88 kkal,1.60 g,783 mcg,0 mg,0 mg,0 mg,0 mg,10.60 g,7.90 g,0 g,924 mg,350 mg,873 mg,258 mg,1000 mcg,2.30 mg,1.10 mg,0 mcg,,66.10 g,13.80 g,,,,,,,,,,,,,
1034,Alami,"Tekwan, masakan",Per 100 g BDD (Berat Dapat Dimakan),,53 kkal,0.90 g,99 mcg,0.10 mg,0.02 mg,0.40 mg,0 mg,9.40 g,1.90 g,0 g,9 mg,41 mg,173.60 mg,42 mg,0 mcg,1 mg,0 mg,0 mcg,,86.70 g,1.10 g,,,,,,,,,,,,,
1035,Alami,"Teri belado, masakan",Per 100 g BDD (Berat Dapat Dimakan),,365 kkal,22.30 g,27 mcg,0.13 mg,0 mg,0 mg,0 mg,17.50 g,23.70 g,0 g,869 mg,348 mg,0 mg,0 mg,0 mcg,4 mg,0 mg,0 mcg,,25.80 g,10.90 g,,,,,,,,,,,,,
1036,Alami,"Tumis bandeng, masakan",Per 100 g BDD (Berat Dapat Dimakan),,189 kkal,15.70 g,579 mcg,0.46 mg,0.02 mg,0 mg,0 mg,0.60 g,11.30 g,0 g,56 mg,129 mg,314 mg,280 mg,100 mcg,0.40 mg,0.70 mg,0 mcg,,70.50 g,1.90 g,,,,,,,,,,,,,
1037,Alami,Tumis keumamah,Per 100 g BDD (Berat Dapat Dimakan),Berat Dapat Dimakan (100%),300 kkal,20 g,0 mcg,0.63 mg,0.04 mg,0 mg,7 mg,15.50 g,14.50 g,4.50 g,0 mg,0 mg,0 mg,0 mg,0 mcg,0 mg,0 mg,8 mcg,,45.70 g,4.30 g,,,,,,,,,,,,,
1038,Alami,"Telur ayam kampung, segar",Per 100 g BDD (Berat Dapat Dimakan),Berat Dapat Dimakan (87%),174 kkal,14 g,203 mcg,0.78 mg,0.62 mg,0.20 mg,0 mg,1.20 g,10.80 g,0 g,68 mg,268 mg,190 mg,141 mg,600 mcg,4.90 mg,1.50 mg,23 mcg,,73.10 g,0.90 g,,,,,,,,,,,,,
1039,Alami,"Telur ayam ras / telor ayam ras , segar",Per 100 g BDD (Berat Dapat Dimakan),Berat Dapat Dimakan (89%),154 kkal,10.80 g,61 mcg,0.12 mg,0.38 mg,0.20 mg,0 mg,0.70 g,12.40 g,0 g,86 mg,258 mg,142 mg,118.50 mg,160 mcg,3 mg,1 mg,22 mcg,,74.30 g,0.80 g,,,,,,,,,,,,,
1040,Alami,"Telur ayam ras bagian kuning, segar",Per 100 g BDD (Berat Dapat Dimakan),Berat Dapat Dimakan (100%),355 kkal,31.90 g,606 mcg,0.27 mg,0.51 mg,0.20 mg,0 mg,0.70 g,16.30 g,0 g,147 mg,586 mg,111 mg,107.50 mg,200 mcg,7.20 mg,2.50 mg,63 mcg,,49.40 g,1.70 g,,,,,,,,,,,,,
1041,Alami,"Telur ayam ras bagian putih, segar",Per 100 g BDD (Berat Dapat Dimakan),Berat Dapat Dimakan (100%),50 kkal,0 g,0 mcg,0 mg,0.26 mg,0.40 mg,0 mg,0.80 g,10.80 g,0 g,6 mg,17 mg,164 mg,138.50 mg,30 mcg,0.20 mg,0.40 mg,0 mcg,,87.80 g,0.60 g,,,,,,,,,,,,,
1042,Alami,"Telur bebek albino, segar",Per 100 g BDD (Berat Dapat Dimakan),Berat Dapat Dimakan (90%),187 kkal,14.20 g,180 mcg,1.55 mg,0.37 mg,0.10 mg,0 mg,3 g,11.80 g,0 g,60 mg,268 mg,115 mg,80 mg,600 mcg,6 mg,1.70 mg,437 mcg,,70 g,1 g,,,,,,,,,,,,,
1043,Alami,"Telur bebek bagian kuning, segar",Per 100 g BDD (Berat Dapat Dimakan),Berat Dapat Dimakan (100%),386 kkal,35 g,870 mcg,0.60 mg,0.68 mg,1.40 mg,0 mg,0.80 g,17 g,0 g,150 mg,400 mg,106 mg,90.70 mg,90 mcg,7 mg,2.50 mg,747 mcg,,47 g,0.20 g,,,,,,,,,,,,,
1044,Alami,"Telur bebek bagian putih, segar",Per 100 g BDD (Berat Dapat Dimakan),Berat Dapat Dimakan (100%),54 kkal,0 g,0 mcg,0.01 mg,0.02 mg,0.10 mg,0 mg,0.80 g,11 g,0 g,21 mg,20 mg,184 mg,150.20 mg,130 mcg,0.10 mg,0.10 mg,0 mcg,,88 g,0.20 g,,,,,,,,,,,,,
1045,Alami,"Telur bebek tambak, segar",Per 100 g BDD (Berat Dapat Dimakan),Berat Dapat Dimakan (90%),187 kkal,12.40 g,378 mcg,1.62 mg,0.03 mg,0.10 mg,0 mg,7.90 g,10.90 g,0 g,64 mg,295 mg,209 mg,146 mg,400 mcg,5.40 mg,1.80 mg,471 mcg,,67.70 g,1.10 g,,,,,,,,,,,,,
1046,Alami,"Telur burung maleo, segar",Per 100 g BDD (Berat Dapat Dimakan),,436 kkal,36.30 g,3987 mcg,0 mg,1 mg,0.20 mg,0 mg,0.40 g,26.50 g,0 g,154 mg,120 mg,77 mg,333 mg,400 mcg,4.30 mg,2.90 mg,0 mcg,,36 g,0.80 g,,,,,,,,,,,,,
1047,Alami,"Telur penyu, segar",Per 100 g BDD (Berat Dapat Dimakan),Berat Dapat Dimakan (90%),136 kkal,10.10 g,82 mcg,0.21 mg,0.02 mg,0 mg,0 mg,2.70 g,8.60 g,0 g,66 mg,282 mg,478 mg,115 mg,500 mcg,3.40 mg,1.40 mg,17 mcg,,7.40 g,1.20 g,,,,,,,,,,,,,
1048,Alami,"Telur burung puyuh, segar",Per 100 g BDD (Berat Dapat Dimakan),Berat Dapat Dimakan (100%),116 kkal,7 g,95 mcg,0.13 mg,0.65 mg,0.10 mg,0 mg,1.60 g,10.70 g,0 g,65 mg,191 mg,111 mg,11 mg,50 mcg,3.50 mg,1.20 mg,80 mcg,,79.80 g,0.90 g,,,,,,,,,,,,,
1049,Alami,"Telur ayam dadar, masakan",Per 100 g BDD (Berat Dapat Dimakan),Berat Dapat Dimakan (100%),251 kkal,19.40 g,36 mcg,0.21 mg,0 mg,0 mg,0 mg,1.40 g,16.30 g,0 g,62 mg,250 mg,0 mg,0 mg,0 mcg,2.50 mg,0 mg,0 mcg,,61.90 g,1 g,,,,,,,,,,,,,
1050,Alami,"Telur bebek, asin, mentah",Per 100 g BDD (Berat Dapat Dimakan),Berat Dapat Dimakan (83%),179 kkal,13.30 g,253 mcg,0.28 mg,0.98 mg,0.60 mg,0 mg,4.40 g,13.60 g,0 g,120 mg,157 mg,483 mg,140.10 mg,0 mcg,1.80 mg,0 mg,13 mcg,,66.50 g,2.20 g,,,,,,,,,,,,,
1051,Alami,"Telur bebek dadar, masakan",Per 100 g BDD (Berat Dapat Dimakan),Berat Dapat Dimakan (100%),301 kkal,23.70 g,122 mcg,0.35 mg,0 mg,0 mg,0 mg,0 g,20 g,0 g,71 mg,600 mg,0 mg,0 mg,0 mcg,9.20 mg,0 mg,0 mcg,,55.10 g,1.20 g,,,,,,,,,,,,,
1052,Alami,"Ikan, telur, asin, mentah",Per 100 g BDD (Berat Dapat Dimakan),Berat Dapat Dimakan (100%),358 kkal,26.40 g,1866 mcg,0.21 mg,0.54 mg,2.10 mg,0 mg,9.40 g,20.70 g,0 g,48 mg,311 mg,2684 mg,59 mg,400 mcg,15.10 mg,3 mg,0 mcg,,37.80 g,5.70 g,,,,,,,,,,,,,
1053,Alami,"Bayau mi balu, masakan",Per 100 g BDD (Berat Dapat Dimakan),Berat Dapat Dimakan (100%),313 kkal,12.20 g,783 mcg,0.14 mg,0.27 mg,9.70 mg,0 mg,44.80 g,6 g,0 g,0 mg,0 mg,0 mg,0 mg,0 mcg,0 mg,0 mg,89 mcg,,36.10 g,0.90 g,,,,,,,,,,,,,
1054,Alami,"Cucuru bayau, masakan",Per 100 g BDD (Berat Dapat Dimakan),Berat Dapat Dimakan (100%),349 kkal,18.70 g,0 mcg,0.06 mg,0.25 mg,0 mg,0 mg,38.30 g,6.80 g,0 g,0 mg,0 mg,0 mg,0 mg,0 mcg,0 mg,0 mg,123 mcg,,35 g,1.20 g,,,,,,,,,,,,,
1055,Alami,"Kelio telur, masakan",Per 100 g BDD (Berat Dapat Dimakan),Berat Dapat Dimakan (100%),193 kkal,12.40 g,160 mcg,0.44 mg,0 mg,0 mg,0 mg,9.70 g,10.60 g,0 g,148 mg,246 mg,540 mg,0 mg,0 mcg,3.80 mg,0 mg,0 mcg,,79 g,1.40 g,,,,,,,,,,,,,
1056,Alami,"Kepala susu - krim, segar",Per 100 g BDD (Berat Dapat Dimakan),Berat Dapat Dimakan (100%),204 kkal,20 g,252 mcg,0.03 mg,0.20 mg,0.10 mg,1 mg,4 g,2.60 g,0 g,97 mg,77 mg,0 mg,0 mg,0 mcg,0.10 mg,0 mg,191 mcg,,75.20 g,0.90 g,,,,,,,,,,,,,
1057,Alami,Susu ibu - ASI,Per 100 g BDD (Berat Dapat Dimakan),Berat Dapat Dimakan (100%),62 kkal,3.20 g,0 mcg,0.01 mg,0.03 mg,0.20 mg,0 mg,7 g,1.50 g,0 g,34 mg,20 mg,15 mg,41 mg,10 mcg,0.20 mg,0.40 mg,7 mcg,,88.10 g,0.20 g,,,,,,,,,,,,,
1058,Alami,"Susu kambing, segar",Per 100 g BDD (Berat Dapat Dimakan),Berat Dapat Dimakan (100%),64 kkal,2.30 g,38 mcg,0.06 mg,0.45 mg,0.30 mg,1 mg,6.60 g,4.30 g,0 g,98 mg,78 mg,35 mg,160 mg,330 mcg,2.70 mg,0.10 mg,0 mcg,,85.90 g,0.90 g,,,,,,,,,,,,,
1059,Alami,"Susu kerbau, segar",Per 100 g BDD (Berat Dapat Dimakan),Berat Dapat Dimakan (100%),160 kkal,12 g,24 mcg,0.04 mg,0.07 mg,0 mg,1 mg,7.10 g,6.30 g,0 g,216 mg,101 mg,82 mg,0 mg,0 mcg,0.20 mg,0.30 mg,0 mcg,,73.80 g,0.80 g,,,,,,,,,,,,,
1060,Alami,"Susu kuda, segar",Per 100 g BDD (Berat Dapat Dimakan),Berat Dapat Dimakan (100%),40 kkal,1.10 g,0 mcg,0 mg,0.20 mg,0.20 mg,0 mg,5.40 g,2 g,0 g,0 mg,0 mg,0 mg,37.40 mg,0 mcg,0 mg,0 mg,1 mcg,,91 g,0.40 g,,,,,,,,,,,,,
1061,Alami,"Susu sapi, segar",Per 100 g BDD (Berat Dapat Dimakan),Berat Dapat Dimakan (100%),61 kkal,3.50 g,39 mcg,0.03 mg,0.18 mg,0.20 mg,1 mg,4.30 g,3.20 g,0 g,143 mg,60 mg,36 mg,149 mg,20 mcg,1.70 mg,0.30 mg,12 mcg,,88.30 g,0.70 g,,,,,,,,,,,,,
1062,Alami,Es krim,Per 100 g BDD (Berat Dapat Dimakan),Berat Dapat Dimakan (100%),210 kkal,12.50 g,158 mcg,0.04 mg,0.23 mg,0.10 mg,1 mg,20.60 g,4 g,0 g,123 mg,99 mg,78 mg,193.40 mg,0 mcg,0.10 mg,0.70 mg,0 mcg,,62.10 g,0.80 g,,,,,,,,,,,,,
1063,Alami,Hangop/Butter milk/Whey,Per 100 g BDD (Berat Dapat Dimakan),Berat Dapat Dimakan (100%),65 kkal,1 g,0 mcg,0.03 mg,0.43 mg,0.20 mg,0 mg,3.50 g,10 g,0 g,180 mg,190 mg,126 mg,374.40 mg,0 mcg,0.20 mg,0 mg,22 mcg,,84 g,1.50 g,,,,,,,,,,,,,
1064,Alami,Keju,Per 100 g BDD (Berat Dapat Dimakan),Berat Dapat Dimakan (100%),326 kkal,20.30 g,227 mcg,0.01 mg,0.37 mg,0.10 mg,1 mg,13.10 g,22.80 g,0 g,777 mg,338 mg,1410 mg,82.70 mg,30 mcg,1.50 mg,3.10 mg,128 mcg,,38.50 g,5.30 g,,,,,,,,,,,,,
1065,Alami,Kwark / Bagot,Per 100 g BDD (Berat Dapat Dimakan),Berat Dapat Dimakan (100%),242 kkal,17 g,173 mcg,0.03 mg,0.38 mg,0 mg,0 mg,3 g,19 g,0 g,300 mg,350 mg,37 mg,72.70 mg,10 mcg,0.50 mg,0.20 mg,0 mcg,,59 g,2 g,,,,,,,,,,,,,
1066,Alami,"Susu asam untuk bayi, bubuk",Per 100 g BDD (Berat Dapat Dimakan),Berat Dapat Dimakan (100%),418 kkal,9 g,303 mcg,1 mg,1.31 mg,0.70 mg,30 mg,65.50 g,19 g,0 g,800 mg,600 mg,188 mg,486.50 mg,0 mcg,7 mg,0 mg,83 mcg,,2.50 g,4 g,,,,,,,,,,,,,
1067,Alami,Susu Bubuk,Per 100 g BDD (Berat Dapat Dimakan),Berat Dapat Dimakan (100%),513 kkal,30 g,476 mcg,0.29 mg,1.39 mg,1.60 mg,6 mg,36.20 g,24.60 g,0 g,904 mg,694 mg,380 mg,1330 mg,20 mcg,0.60 mg,4.10 mg,118 mcg,,3.50 g,5.70 g,,,,,,,,,,,,,
1068,Alami,Susu kental manis,Per 100 g BDD (Berat Dapat Dimakan),Berat Dapat Dimakan (100%),343 kkal,10 g,155 mcg,0.05 mg,0.43 mg,0.40 mg,1 mg,55 g,8.20 g,0 g,275 mg,209 mg,150 mg,320 mg,20 mcg,0.20 mg,1 mg,46 mcg,,25 g,1.80 g,,,,,,,,,,,,,
1069,Alami,Susu kental tak manis,Per 100 g BDD (Berat Dapat Dimakan),Berat Dapat Dimakan (100%),138 kkal,7.90 g,121 mcg,0.05 mg,0 mg,0 mg,1 mg,9.90 g,7 g,0 g,243 mg,195 mg,140 mg,303 mg,0 mcg,0.20 mg,0 mg,0 mcg,,73.70 g,1.50 g,,,,,,,,,,,,,
1070,Alami,Susu skim Bubuk,Per 100 g BDD (Berat Dapat Dimakan),Berat Dapat Dimakan (100%),359 kkal,1 g,0 mcg,0.35 mg,1.05 mg,0 mg,7 mg,52 g,35.60 g,0 g,1300 mg,1030 mg,470 mg,1745 mg,40 mcg,0.60 mg,4.10 mg,10 mcg,,3.50 g,7.90 g,,,,,,,,,,,,,
1071,Alami,"Susu skim, segar",Per 100 g BDD (Berat Dapat Dimakan),Berat Dapat Dimakan (100%),36 kkal,0.10 g,0 mcg,0.04 mg,0 mg,0 mg,1 mg,5.10 g,3.50 g,0 g,123 mg,97 mg,38 mg,0 mg,0 mcg,0.10 mg,0 mg,0 mcg,,90.50 g,0.80 g,,,,,,,,,,,,,
1072,Alami,"Yoghurt, segar",Per 100 g BDD (Berat Dapat Dimakan),Berat Dapat Dimakan (100%),52 kkal,2.50 g,22 mcg,0.04 mg,0.10 mg,0.20 mg,0 mg,4 g,3.30 g,0 g,120 mg,90 mg,40 mg,299 mg,10 mcg,0.10 mg,0.60 mg,10 mcg,,88 g,2.20 g,,,,,,,,,,,,,
1073,Alami,"Kelapa setengah tua, daging, segar",Per 100 g BDD (Berat Dapat Dimakan),Berat Dapat Dimakan (53%),180 kkal,15 g,0 mcg,0.10 mg,0.01 mg,0.10 mg,4 mg,10 g,4 g,2.40 g,8 mg,55 mg,4 mg,317.70 mg,300 mcg,1.30 mg,2.90 mg,0 mcg,,70 g,1 g,,,,,,,,,,,,,
1074,Alami,"Kelapa tua, daging, segar",Per 100 g BDD (Berat Dapat Dimakan),Berat Dapat Dimakan (53%),359 kkal,34.70 g,0 mcg,0.10 mg,0 mg,0 mg,2 mg,14 g,3.40 g,4.70 g,21 mg,98 mg,3 mg,293.90 mg,400 mcg,2 mg,1.10 mg,0 mcg,,46.90 g,1 g,,,,,,,,,,,,,
1075,Alami,Lemak babi (lard),Per 100 g BDD (Berat Dapat Dimakan),Berat Dapat Dimakan (100%),902 kkal,100 g,0 mcg,0 mg,0 mg,0 mg,0 mg,0 g,0 g,0 g,0 mg,0 mg,0 mg,0 mg,9000 mcg,0 mg,0.10 mg,0 mcg,,0 g,0 g,,,,,,,,,,,,,
1076,Alami,Lemak babi (bacon),Per 100 g BDD (Berat Dapat Dimakan),Berat Dapat Dimakan (100%),626 kkal,65 g,0 mcg,0.40 mg,0 mg,0 mg,0 mg,1.10 g,9.10 g,0 g,13 mg,108 mg,0 mg,0 mg,0 mcg,0.80 mg,0.90 mg,0 mcg,,20 g,4.80 g,,,,,,,,,,,,,
1077,Alami,Lemak ikan,Per 100 g BDD (Berat Dapat Dimakan),Berat Dapat Dimakan (100%),372 kkal,29.40 g,0 mcg,0.50 mg,0.13 mg,0 mg,0 mg,14.40 g,12 g,0 g,20 mg,230 mg,60 mg,52 mg,400 mcg,32.70 mg,1.10 mg,0 mcg,,43.30 g,0.30 g,,,,,,,,,,,,,
1078,Alami,Lemak kerbau (lemak sapi),Per 100 g BDD (Berat Dapat Dimakan),Berat Dapat Dimakan (100%),818 kkal,90 g,0 mcg,0 mg,0 mg,0.70 mg,0 mg,0 g,1.50 g,0 g,0 mg,0 mg,29 mg,25.80 mg,0 mcg,0 mg,0 mg,283 mcg,,5 g,3.50 g,,,,,,,,,,,,,
1079,Alami,Minyak hati hiu,Per 100 g BDD (Berat Dapat Dimakan),Berat Dapat Dimakan (100%),902 kkal,100 g,21212 mcg,0 mg,0 mg,0 mg,0 mg,0 g,0 g,0 g,0 mg,0 mg,0 mg,0 mg,0 mcg,0 mg,0 mg,0 mcg,,0 g,0 g,,,,,,,,,,,,,
1080,Alami,Minyak ikan,Per 100 g BDD (Berat Dapat Dimakan),Berat Dapat Dimakan (100%),902 kkal,100 g,24242 mcg,0 mg,0 mg,0 mg,0 mg,0 g,0 g,0 g,0 mg,0 mg,0 mg,0 mg,0 mcg,0 mg,0 mg,0 mcg,,0 g,0 g,,,,,,,,,,,,,
1081,Alami,Minyak kacang tanah,Per 100 g BDD (Berat Dapat Dimakan),Berat Dapat Dimakan (100%),902 kkal,100 g,0 mcg,0 mg,0 mg,0 mg,0 mg,0 g,0 g,0 g,0 mg,0 mg,0 mg,0 mg,0 mcg,0 mg,0 mg,0 mcg,,0 g,0 g,,,,,,,,,,,,,
1082,Alami,Minyak kedele,Per 100 g BDD (Berat Dapat Dimakan),Berat Dapat Dimakan (100%),883 kkal,99.90 g,0 mcg,0 mg,0 mg,0 mg,0 mg,0 g,0 g,0 g,0 mg,0 mg,0 mg,0.10 mg,0 mcg,0 mg,0 mg,0 mcg,,0.10 g,0 g,,,,,,,,,,,,,
1083,Alami,Minyak kelapa,Per 100 g BDD (Berat Dapat Dimakan),Berat Dapat Dimakan (100%),870 kkal,98 g,0 mcg,0 mg,0 mg,0 mg,0 mg,0 g,1 g,0 g,0 mg,0 mg,0 mg,0 mg,0 mcg,0 mg,0 mg,0 mcg,,0 g,1 g,,,,,,,,,,,,,
1084,Alami,Minyak goreng kelapa sawit,Per 100 g BDD (Berat Dapat Dimakan),Berat Dapat Dimakan (100%),884 kkal,100 g,0 mcg,0 mg,0 mg,0 mg,0 mg,0 g,0 g,0 g,0 mg,0 mg,0 mg,0 mg,0 mcg,0 mg,0 mg,18181 mcg,,0 g,0 g,,,,,,,,,,,,,
1085,Alami,Minyak wijen,Per 100 g BDD (Berat Dapat Dimakan),Berat Dapat Dimakan (100%),881 kkal,99.70 g,0 mcg,0 mg,0.07 mg,0.10 mg,0 mg,0 g,0.20 g,0 g,10 mg,5 mg,2 mg,20 mg,0 mcg,0.10 mg,0 mg,0 mcg,,0.10 g,0 g,,,,,,,,,,,,,
1086,Alami,Minyak zaitun,Per 100 g BDD (Berat Dapat Dimakan),Berat Dapat Dimakan (100%),884 kkal,100 g,0 mcg,0 mg,0 mg,5 mg,0 mg,0 g,0 g,0 g,14 mg,0 mg,7 mg,0 mg,0 mcg,1.20 mg,0 mg,0 mcg,,0 g,0 g,,,,,,,,,,,,,
1087,Alami,Margarine,Per 100 g BDD (Berat Dapat Dimakan),Berat Dapat Dimakan (100%),720 kkal,81 g,606 mcg,0 mg,0 mg,0 mg,0 mg,0.40 g,0.60 g,0 g,20 mg,16 mg,760 mg,25.90 mg,0 mcg,0 mg,0 mg,633 mcg,,15.50 g,2.50 g,,,,,,,,,,,,,
1088,Alami,Mentega,Per 100 g BDD (Berat Dapat Dimakan),Berat Dapat Dimakan (100%),742 kkal,81.60 g,1000 mcg,0 mg,0 mg,0 mg,0 mg,1.40 g,0.50 g,0 g,15 mg,16 mg,653 mg,103 mg,0 mcg,1.10 mg,0.40 mg,155 mcg,,16 g,1.90 g,,,,,,,,,,,,,
1089,Alami,Santan (dengan air),Per 100 g BDD (Berat Dapat Dimakan),Berat Dapat Dimakan (100%),122 kkal,10 g,0 mcg,0 mg,0 mg,0.50 mg,2 mg,7.60 g,2 g,1.40 g,25 mg,30 mg,9 mg,162.40 mg,200 mcg,0.10 mg,0.40 mg,0 mcg,,80 g,0.40 g,,,,,,,,,,,,,
1090,Alami,Santan murni,Per 100 g BDD (Berat Dapat Dimakan),Berat Dapat Dimakan (100%),324 kkal,34.30 g,0 mcg,0 mg,0 mg,0.50 mg,2 mg,5.60 g,4.20 g,0 g,14 mg,45 mg,18 mg,514.10 mg,400 mcg,1.90 mg,0.90 mg,0 mcg,,54.90 g,1 g,,,,,,,,,,,,,
1091,Alami,Coklat manis batang,Per 100 g BDD (Berat Dapat Dimakan),Berat Dapat Dimakan (100%),527 kkal,29.80 g,0 mcg,0.03 mg,0.02 mg,0 mg,0 mg,62.70 g,2 g,6.50 g,63 mg,287 mg,6 mg,499.50 mg,0 mcg,2.80 mg,0 mg,0 mcg,,1.40 g,4.10 g,,,,,,,,,,,,,
1092,Alami,Coklat pahit batang,Per 100 g BDD (Berat Dapat Dimakan),Berat Dapat Dimakan (100%),615 kkal,42.60 g,0 mcg,0.05 mg,0.08 mg,1 mg,0 mg,29.20 g,5.50 g,10.80 g,98 mg,446 mg,20 mg,708.30 mg,1700 mcg,4.40 mg,3.30 mg,2 mcg,,2.30 g,10.10 g,,,,,,,,,,,,,
1093,Alami,Coklat susu batang,Per 100 g BDD (Berat Dapat Dimakan),Berat Dapat Dimakan (100%),565 kkal,35 g,0 mcg,0.08 mg,0.45 mg,0.50 mg,0 mg,53.60 g,9 g,3.40 g,200 mg,200 mg,100 mg,405.50 mg,490 mcg,2 mg,2.30 mg,54 mcg,,1 g,1.40 g,,,,,,,,,,,,,
1094,Alami,Coklat bubuk,Per 100 g BDD (Berat Dapat Dimakan),,311 kkal,4 g,0 mcg,0.12 mg,0 mg,0.60 mg,0 mg,48.90 g,8 g,32.60 g,125 mg,715 mg,0 mg,0 mg,0 mcg,11.60 mg,0 mg,0 mcg,,3.90 g,15.40 g,,,,,,,,,,,,,
1095,Alami,Gula aren / gula merah,Per 100 g BDD (Berat Dapat Dimakan),Berat Dapat Dimakan (100%),368 kkal,0 g,0 mcg,0 mg,0.01 mg,0.50 mg,0 mg,92 g,0 g,0 g,75 mg,35 mg,15 mg,390.40 mg,40 mcg,3 mg,26.40 mg,0 mcg,,7 g,1 g,,,,,,,,,,,,,
1096,Alami,Gula kelapa,Per 100 g BDD (Berat Dapat Dimakan),Berat Dapat Dimakan (100%),386 kkal,10 g,0 mcg,0 mg,0.34 mg,0.50 mg,0 mg,76 g,3 g,0 g,76 mg,37 mg,2 mg,0 mg,0 mcg,2.60 mg,0 mg,0 mcg,,10 g,1 g,,,,,,,,,,,,,
1097,Alami,Gula putih / Gula Pasir,Per 100 g BDD (Berat Dapat Dimakan),Berat Dapat Dimakan (100%),394 kkal,0 g,0 mcg,0 mg,0 mg,0 mg,0 mg,94 g,0 g,0 g,5 mg,1 mg,1 mg,4.75 mg,0 mcg,0.10 mg,0 mg,0 mcg,,5.40 g,0.60 g,,,,,,,,,,,,,
1098,Alami,"Jam, selai",Per 100 g BDD (Berat Dapat Dimakan),Berat Dapat Dimakan (100%),239 kkal,0.60 g,0 mcg,0.01 mg,0.07 mg,0 mg,0 mg,64.50 g,0.50 g,1 g,20 mg,20 mg,30 mg,73.10 mg,90 mcg,1 mg,0 mg,0 mcg,,34 g,0.40 g,,,,,,,,,,,,,
1099,Alami,Kopi bubuk instan,Per 100 g BDD (Berat Dapat Dimakan),Berat Dapat Dimakan (100%),129 kkal,0.50 g,0 mcg,0 mg,0.21 mg,30.60 mg,0 mg,35 g,12.30 g,0 g,179 mg,383 mg,72 mg,3256 mg,140 mcg,5.60 mg,0 mg,0 mcg,,2.60 g,9.70 g,,,,,,,,,,,,,
1100,Alami,Madu,Per 100 g BDD (Berat Dapat Dimakan),Berat Dapat Dimakan (100%),294 kkal,0 g,0 mcg,0 mg,0.04 mg,0.10 mg,4 mg,79.50 g,0.30 g,0.20 g,5 mg,16 mg,6 mg,26.90 mg,40 mcg,0.90 mg,0.20 mg,0 mcg,,20 g,0.20 g,,,,,,,,,,,,,
1101,Alami,Markisa squash,Per 100 g BDD (Berat Dapat Dimakan),,217 kkal,1 g,0 mcg,0.07 mg,0.02 mg,0 mg,14 mg,49.60 g,2.50 g,0 g,6 mg,83 mg,14 mg,65 mg,0 mcg,0.60 mg,0.10 mg,23 mcg,,46.70 g,0.20 g,,,,,,,,,,,,,
1102,Alami,"Markisa squash, BD",Per 100 g BDD (Berat Dapat Dimakan),,104 kkal,0.50 g,0 mcg,0.20 mg,0.02 mg,0 mg,12 mg,23.70 g,1.20 g,0 g,1 mg,88 mg,40 mg,40 mg,0 mcg,0.50 mg,0.10 mg,7 mcg,,74.40 g,0.20 g,,,,,,,,,,,,,
1103,Alami,Malase,Per 100 g BDD (Berat Dapat Dimakan),Berat Dapat Dimakan (100%),276 kkal,0.10 g,0 mcg,0.04 mg,0 mg,0 mg,0 mg,71 g,0 g,0 g,6 mg,83 mg,14 mg,0 mg,0 mcg,0.60 mg,0.30 mg,0 mcg,,21.20 g,7.70 g,,,,,,,,,,,,,
1104,Alami,Sirup,Per 100 g BDD (Berat Dapat Dimakan),Berat Dapat Dimakan (100%),213 kkal,0 g,0 mcg,0 mg,0 mg,0 mg,0 mg,55 g,0 g,0 g,0 mg,0 mg,3 mg,4.20 mg,0 mcg,0 mg,0 mg,0 mcg,,44 g,1 g,,,,,,,,,,,,,
1105,Alami,Sirup pirous,Per 100 g BDD (Berat Dapat Dimakan),,228 kkal,0.40 g,0 mcg,0 mg,0 mg,0 mg,8 mg,55.90 g,0.20 g,0 g,470 mg,93 mg,3 mg,4.20 mg,0 mcg,29.50 mg,0 mg,0 mcg,,43.30 g,0.20 g,,,,,,,,,,,,,
1106,Alami,Teh hijau daun kering,Per 100 g BDD (Berat Dapat Dimakan),Berat Dapat Dimakan (100%),300 kkal,4.80 g,0 mcg,0.38 mg,1.24 mg,4.60 mg,230 mg,53.60 g,28.30 g,9.60 g,245 mg,415 mg,60 mg,5873.90 mg,500 mcg,18.90 mg,0 mg,8400 mcg,,7.70 g,5.60 g,,,,,,,,,,,,,
1107,Alami,Teh hitam daun kering,Per 100 g BDD (Berat Dapat Dimakan),Berat Dapat Dimakan (100%),293 kkal,2.80 g,0 mcg,0.07 mg,0.80 mg,7.60 mg,9 mg,58.80 g,24.50 g,8.70 g,327 mg,313 mg,50 mg,5854.80 mg,0 mcg,24.30 mg,0 mg,2700 mcg,,8 g,5.90 g,,,,,,,,,,,,,
1108,Alami,Teh melati daun kering,Per 100 g BDD (Berat Dapat Dimakan),Berat Dapat Dimakan (100%),299 kkal,3.50 g,0 mcg,0.07 mg,0.79 mg,7.30 mg,85 mg,59 g,24.10 g,9.70 g,320 mg,185 mg,70 mg,5848.40 mg,530 mcg,31.60 mg,0 mg,8400 mcg,,8.10 g,5.30 g,,,,,,,,,,,,,
1109,Alami,"Asam arang coklat, segar",Per 100 g BDD (Berat Dapat Dimakan),,130 kkal,1.10 g,0 mcg,0.01 mg,0.20 mg,0 mg,0 mg,30.90 g,0.50 g,1.50 g,79 mg,113 mg,13 mg,0 mg,0 mcg,4.30 mg,0 mg,745 mcg,,66.10 g,1.40 g,,,,,,,,,,,,,
1110,Alami,"Asam arang merah, segar",Per 100 g BDD (Berat Dapat Dimakan),,99 kkal,1.60 g,0 mcg,0.01 mg,0.34 mg,1.60 mg,0 mg,20.30 g,0.80 g,2.80 g,69 mg,300 mg,2 mg,96 mg,0 mcg,4.60 mg,0.10 mg,529 mcg,,75.90 g,1.40 g,,,,,,,,,,,,,
1111,Alami,Asam kandis kering,Per 100 g BDD (Berat Dapat Dimakan),Berat Dapat Dimakan (100%),261 kkal,1.60 g,0 mcg,0 mg,0 mg,0.40 mg,0 mg,63.30 g,0.90 g,5 g,192 mg,657 mg,26 mg,341 mg,400 mcg,4.40 mg,0.30 mg,0 mcg,,32.20 g,2 g,,,,,,,,,,,,,
1112,Alami,Asam kandis segar,Per 100 g BDD (Berat Dapat Dimakan),,75 kkal,1.10 g,0 mcg,0.01 mg,0 mg,0.10 mg,0 mg,16.10 g,0.20 g,3.40 g,63 mg,139 mg,93 mg,93 mg,100 mcg,2.50 mg,0.10 mg,41 mcg,,81.50 g,1.10 g,,,,,,,,,,,,,
1113,Alami,"Asam masak pohon, segar",Per 100 g BDD (Berat Dapat Dimakan),Berat Dapat Dimakan (48%),267 kkal,0.60 g,0 mcg,0.34 mg,0.04 mg,0.70 mg,2 mg,62.50 g,2.80 g,1.20 g,74 mg,113 mg,9 mg,139 mg,90 mcg,0.60 mg,0.10 mg,9 mcg,,31.40 g,2.70 g,,,,,,,,,,,,,
1114,Alami,"Asam payak, segar",Per 100 g BDD (Berat Dapat Dimakan),,135 kkal,0.40 g,0 mcg,0 mg,0 mg,0 mg,0 mg,32.10 g,0.80 g,10 g,60 mg,39 mg,0 mg,0 mg,0 mcg,5.70 mg,0 mg,0 mcg,,65.10 g,1.60 g,,,,,,,,,,,,,
1115,Alami,"Bawang merah, segar",Per 100 g BDD (Berat Dapat Dimakan),Berat Dapat Dimakan (90%),46 kkal,0.30 g,0 mcg,0.03 mg,0.04 mg,0.20 mg,2 mg,9.20 g,1.50 g,1.70 g,36 mg,40 mg,7 mg,179 mg,60 mcg,0.80 mg,0.20 mg,2 mcg,,88 g,1 g,,,,,,,,,,,,,
1116,Alami,"Bawang putih, segar",Per 100 g BDD (Berat Dapat Dimakan),Berat Dapat Dimakan (88%),112 kkal,0.20 g,0 mcg,0.22 mg,0.07 mg,0.30 mg,15 mg,21.30 g,4.50 g,0.60 g,42 mg,134 mg,46 mg,666 mg,90 mcg,1 mg,0.40 mg,0 mcg,,71 g,1.80 g,,,,,,,,,,,,,
1117,Alami,"Boros kunci, segar",Per 100 g BDD (Berat Dapat Dimakan),Berat Dapat Dimakan (80%),40 kkal,0.80 g,0 mcg,0.08 mg,0.68 mg,1.70 mg,50 mg,7.20 g,1 g,1 g,50 mg,50 mg,33 mg,480 mg,20 mcg,2 mg,0.30 mg,0 mcg,,90 g,1 g,,,,,,,,,,,,,
1118,Alami,"Lengkuas/Boros laja, segar",Per 100 g BDD (Berat Dapat Dimakan),Berat Dapat Dimakan (80%),26 kkal,0.30 g,0 mcg,0.08 mg,0.06 mg,0.30 mg,50 mg,4.70 g,1 g,1.10 g,50 mg,50 mg,24 mg,137 mg,70 mcg,2 mg,0.30 mg,5 mcg,,93 g,1 g,,,,,,,,,,,,,
1119,Alami,"Cabai gembor merah, segar",Per 100 g BDD (Berat Dapat Dimakan),Berat Dapat Dimakan (89%),38 kkal,0.80 g,0 mcg,0.21 mg,0.12 mg,0 mg,16 mg,6.30 g,1.60 g,1.60 g,49 mg,41 mg,7 mg,275 mg,120 mcg,1.10 mg,0.20 mg,5897 mcg,,90.80 g,0.60 g,,,,,,,,,,,,,
1120,Alami,Cabai hijau segar,Per 100 g BDD (Berat Dapat Dimakan),Berat Dapat Dimakan (82%),26 kkal,0.30 g,0 mcg,0.05 mg,0.06 mg,0.40 mg,84 mg,5.20 g,0.70 g,2.60 g,14 mg,23 mg,7 mg,151 mg,80 mcg,0.40 mg,0.20 mg,44 mcg,,93.40 g,0.40 g,,,,,,,,,,,,,
1121,Alami,Cabai merah kering,Per 100 g BDD (Berat Dapat Dimakan),Berat Dapat Dimakan (85%),367 kkal,6.20 g,0 mcg,0.40 mg,1.36 mg,4.40 mg,50 mg,61.80 g,15.90 g,26.90 g,160 mg,370 mg,25 mg,181.50 mg,1200 mcg,2.30 mg,1.80 mg,10955 mcg,,10 g,6.10 g,,,,,,,,,,,,,
1122,Alami,Cabai merah segar,Per 100 g BDD (Berat Dapat Dimakan),Berat Dapat Dimakan (85%),36 kkal,0.30 g,0 mcg,0.05 mg,0.09 mg,3 mg,18 mg,7.30 g,1 g,1.40 g,29 mg,24 mg,23 mg,272.40 mg,120 mcg,0.50 mg,0.20 mg,5833 mcg,,90.90 g,0.50 g,,,,,,,,,,,,,
1123,Alami,Cabai rawit segar,Per 100 g BDD (Berat Dapat Dimakan),Berat Dapat Dimakan (85%),120 kkal,2.40 g,0 mcg,0.24 mg,0.09 mg,1.70 mg,70 mg,19.90 g,4.70 g,15.20 g,45 mg,85 mg,34 mg,706.20 mg,290 mcg,2.50 mg,0.60 mg,1694 mcg,,71.20 g,1.80 g,,,,,,,,,,,,,
1124,Alami,Cengkeh kering,Per 100 g BDD (Berat Dapat Dimakan),Berat Dapat Dimakan (100%),330 kkal,8.90 g,0 mcg,200 mg,0 mg,0 mg,0 mg,57.40 g,5.20 g,10 g,740 mg,100 mg,282 mg,961 mg,300 mcg,4.90 mg,0 mg,265 mcg,,23.30 g,5.20 g,,,,,,,,,,,,,
1125,Alami,Daun salam kering bubuk,Per 100 g BDD (Berat Dapat Dimakan),Berat Dapat Dimakan (100%),301 kkal,10.90 g,0 mcg,0.10 mg,0.32 mg,5 mg,0 mg,49 g,14.20 g,9.40 g,86 mg,250 mg,180 mg,619 mg,1310 mcg,44.10 mg,0.70 mg,5400 mcg,,13.10 g,12.80 g,,,,,,,,,,,,,
1126,Alami,"Jahe, segar",Per 100 g BDD (Berat Dapat Dimakan),Berat Dapat Dimakan (97%),51 kkal,1 g,0 mcg,0.02 mg,0.17 mg,3.30 mg,4 mg,10.10 g,1.50 g,12 g,21 mg,39 mg,12 mg,441.70 mg,480 mcg,1.60 mg,0.70 mg,0 mcg,,55 g,1.20 g,,,,,,,,,,,,,
1127,Alami,Kemiri,Per 100 g BDD (Berat Dapat Dimakan),Berat Dapat Dimakan (100%),675 kkal,63 g,0 mcg,0.06 mg,0.06 mg,0.40 mg,0 mg,8 g,19 g,3 g,80 mg,200 mg,25 mg,430.70 mg,230 mcg,2 mg,0.80 mg,0 mcg,,7 g,3 g,,,,,,,,,,,,,
1128,Alami,"Ketumbar, kering",Per 100 g BDD (Berat Dapat Dimakan),Berat Dapat Dimakan (100%),418 kkal,16.10 g,0 mcg,0.20 mg,0.35 mg,1.80 mg,0 mg,54.20 g,14.10 g,12.30 g,630 mg,370 mg,91 mg,1787 mg,950 mcg,17.90 mg,4.60 mg,75 mcg,,11.20 g,4.40 g,,,,,,,,,,,,,
1129,Alami,Kluwek,Per 100 g BDD (Berat Dapat Dimakan),Berat Dapat Dimakan (80%),310 kkal,24 g,0 mcg,0.15 mg,0 mg,0 mg,30 mg,13.50 g,10 g,0 g,40 mg,100 mg,0 mg,0 mg,0 mcg,2 mg,0 mg,0 mcg,,51 g,1.50 g,,,,,,,,,,,,,
1130,Alami,"Kunyit, segar",Per 100 g BDD (Berat Dapat Dimakan),,69 kkal,2.70 g,0 mcg,0.03 mg,0.02 mg,0.40 mg,1 mg,9.10 g,2 g,0.60 g,24 mg,78 mg,6 mg,406.70 mg,50 mcg,3.30 mg,0.40 mg,12 mcg,,84.90 g,1.30 g,,,,,,,,,,,,,
1131,Alami,"Merica, kering",Per 100 g BDD (Berat Dapat Dimakan),,365 kkal,6.80 g,0 mcg,0.20 mg,0.10 mg,2.50 mg,0 mg,64.40 g,11.50 g,1 g,460 mg,200 mg,4 mg,99.70 mg,890 mcg,16.40 mg,1.10 mg,0 mcg,,12.90 g,4.40 g,,,,,,,,,,,,,
1132,Alami,"Pala biji, kering",Per 100 g BDD (Berat Dapat Dimakan),,518 kkal,36.40 g,0 mcg,0.20 mg,0.02 mg,0.50 mg,0 mg,40.10 g,7.50 g,3.50 g,120 mg,240 mg,2 mg,78.70 mg,940 mcg,4.60 mg,2 mg,7 mcg,,14.30 g,1.70 g,,,,,,,,,,,,,
1133,Alami,Balichong,Per 100 g BDD (Berat Dapat Dimakan),,152 kkal,0.80 g,34 mcg,0.01 mg,0.08 mg,0.20 mg,0 mg,22.90 g,13.20 g,1.50 g,380 mg,210 mg,120 mg,310 mg,800 mcg,2.90 mg,1.10 mg,0 mcg,,59.90 g,3.60 g,,,,,,,,,,,,,
1134,Alami,Bekasam,Per 100 g BDD (Berat Dapat Dimakan),,116 kkal,4.90 g,0 mcg,0 mg,0.03 mg,2.10 mg,0 mg,6.10 g,11.90 g,3.50 g,704 mg,757 mg,711 mg,176 mg,800 mcg,7.50 mg,1.90 mg,0 mcg,,65.50 g,11.60 g,,,,,,,,,,,,,
1135,Alami,Bekasang,Per 100 g BDD (Berat Dapat Dimakan),,78 kkal,2 g,0 mcg,0.15 mg,0.12 mg,0.60 mg,0 mg,3.60 g,11.40 g,0.40 g,54 mg,97 mg,4016 mg,121 mg,200 mcg,2.60 mg,4.80 mg,0 mcg,,67.10 g,15.90 g,,,,,,,,,,,,,
1136,Alami,Cuka,Per 100 g BDD (Berat Dapat Dimakan),Berat Dapat Dimakan (100%),21 kkal,0.10 g,0 mcg,0.24 mg,0 mg,0.70 mg,0 mg,5 g,0.10 g,0 g,7 mg,10 mg,21 mg,37.80 mg,0 mcg,0.50 mg,0 mg,0 mcg,,94.50 g,0.30 g,,,,,,,,,,,,,
1137,Alami,Kecap,Per 100 g BDD (Berat Dapat Dimakan),Berat Dapat Dimakan (100%),71 kkal,1.30 g,0 mcg,0 mg,0 mg,0 mg,0 mg,9 g,5.70 g,0 g,123 mg,96 mg,1114 mg,0 mg,40 mcg,5.70 mg,0 mg,0 mcg,,63 g,21 g,,,,,,,,,,,,,
1138,Alami,Petis ikan,Per 100 g BDD (Berat Dapat Dimakan),Berat Dapat Dimakan (100%),165 kkal,0.20 g,0 mcg,0.01 mg,0.20 mg,0.80 mg,0 mg,20.80 g,20 g,0 g,37 mg,36 mg,0 mg,0 mg,0 mcg,2.80 mg,0 mg,0 mcg,,56 g,3 g,,,,,,,,,,,,,
1139,Alami,Petis udang kering,Per 100 g BDD (Berat Dapat Dimakan),Berat Dapat Dimakan (100%),345 kkal,1.40 g,0 mcg,1.02 mg,0.40 mg,2.20 mg,0 mg,59.30 g,23.80 g,0 g,221 mg,397 mg,11998 mg,462.80 mg,750 mcg,3.80 mg,1.90 mg,0 mcg,,8.30 g,7.10 g,,,,,,,,,,,,,
1140,Alami,Petis udang pasta,Per 100 g BDD (Berat Dapat Dimakan),Berat Dapat Dimakan (100%),220 kkal,0.90 g,0 mcg,0.01 mg,0.13 mg,1.70 mg,0 mg,38 g,15 g,2.30 g,37 mg,36 mg,7981 mg,307.90 mg,500 mcg,2.80 mg,1.30 mg,0 mcg,,39 g,7.10 g,,,,,,,,,,,,,
1141,Alami,Saos tomat,Per 100 g BDD (Berat Dapat Dimakan),Berat Dapat Dimakan (100%),110 kkal,0.40 g,0 mcg,0.09 mg,0.06 mg,1.70 mg,11 mg,24.50 g,2 g,0.90 g,12 mg,18 mg,890 mg,129.60 mg,180 mcg,0.80 mg,0.30 mg,357 mcg,,69.50 g,3.60 g,,,,,,,,,,,,,
1142,Alami,Tempoya,Per 100 g BDD (Berat Dapat Dimakan),Berat Dapat Dimakan (100%),110 kkal,1.30 g,0 mcg,0.30 mg,0.04 mg,1.10 mg,0 mg,21.90 g,1.70 g,2.60 g,190 mg,45 mg,597 mg,486.30 mg,0 mcg,2.90 mg,0 mg,71 mcg,,70.10 g,5 g,,,,,,,,,,,,,
1143,Alami,Terasi,Per 100 g BDD (Berat Dapat Dimakan),Berat Dapat Dimakan (100%),155 kkal,2.90 g,0 mcg,0.24 mg,0 mg,3.30 mg,0 mg,9.90 g,22.30 g,2.70 g,3812 mg,726 mg,1664 mg,821.40 mg,990 mcg,78.50 mg,2.40 mg,0 mcg,,33.80 g,31.10 g,,,,,,,,,,,,,
1144,Alami,Terasi dobo,Per 100 g BDD (Berat Dapat Dimakan),Berat Dapat Dimakan (100%),191 kkal,3.60 g,0 mcg,3.74 mg,0.22 mg,2 mg,0 mg,6.60 g,33.10 g,1.60 g,2250 mg,1130 mg,650 mg,1260 mg,2900 mcg,22.90 mg,5 mg,0 mcg,,58.40 g,11.50 g,,,,,,,,,,,,,
1145,Alami,Terasi merah,Per 100 g BDD (Berat Dapat Dimakan),Berat Dapat Dimakan (100%),174 kkal,3.50 g,0 mcg,0 mg,0.12 mg,1.70 mg,0 mg,5.60 g,30 g,2.20 g,100 mg,150 mg,7850 mg,302.80 mg,490 mcg,3.10 mg,1.20 mg,0 mcg,,40 g,20.40 g,,,,,,,,,,,,,
1146,Alami,"Kelapa muda,air, segar",Per 100 g BDD (Berat Dapat Dimakan),Berat Dapat Dimakan (100%),17 kkal,0.10 g,0 mcg,0 mg,0 mg,0 mg,1 mg,3.80 g,0.20 g,0 g,15 mg,8 mg,1 mg,149 mg,40 mcg,0.20 mg,0.10 mg,0 mcg,,95.50 g,0.40 g,,,,,,,,,,,,,
1147,PT. Nestle Indonesia,Milo Activ-Go 18 gram,,,80 kkal,2 g,,,,,,13 g,2 g,0 g,,,35 mg,,,,,,,,,± 0.50,(14 g),15 kkal,1 g,8 g,0.01 mg,,,,,,,
1148,PT. Karunia Alam Segar,Mie Sedaap Instant Rasa Soto 75 g,,,340 kkal,13 g,,,,,,46 g,8 g,2 g,,,1030 mg,,,,,,,,,1,(75 g),,6 g,3 g,0 mg,,,,,,,
1150,PT. Suntory Garuda Beverage,MYTEA Teh Oolong 450 ml,,,70 kkal,0 g,,,,,,18 g,0 g,,,,20 mg,,,,,,,,,2,(225 ml),0 kkal,,,,0 kkal,,,,,,
1151,PT. Coca-cola bottling indonesia,Sprite 390 ml,,,100 kkal,0 g,,,,,,25 g,0 g,,,,40 mg,,,,,,,,,± 1,(250 ml),0 kkal,0 g,25 g,,,,,,,,
1152,PT. Frisian Flag Indonesia,Frisian Flag kental manis kemasan ekonomis 560 gram,,,140 kkal,40 g,,,,,,23 g,1 g,,,,25 mg,100 mg,,,,,,,,14,(40 g),,1.50 g,19 g,0 mg,,,,,,,
1153,PT. Indofood CBP Sukses Makmur Tbk.,Indomie mi goreng,,,300 kkal,14 g,,,,,,54 g,8 g,2 g,,,1070 mg,,,,,,,,,1,(85 g),130 kkal,7 g,8 g,0 mg,,,,,,,
1154,PT. Indofood CBP Sukses Makmur Tbk.,Indomie mi goreng aceh,,,430 kkal,19 g,,,,,,55 g,9 g,6 g,,,790 mg,,,,,,,,,1,(90 g),170 kkal,9 g,6 g,0 mg,,,,,,,
1155,PT. Indofood CBP Sukses Makmur Tbk.,Indomie rasa kaldu ayam,,,340 kkal,12 g,,,,,,50 g,6 g,4 g,,,980 mg,,,,,,,,,1,(75 g),110 kkal,9 g,0 g,0 mg,,,,,,,
1156,PT. Indofood CBP Sukses Makmur Tbk.,Indomie rasa ayam bawang,,,300 kkal,11 g,,,,,,43 g,7 g,2 g,,,1330 mg,,,,,,,,,1,(69 g),100 kkal,6 g,3 g,0 mg,,,,,,,
1157,PT. Indofood CBP Sukses Makmur Tbk.,Indomie rasa ayam special,,,300 kkal,10 g,,,,,,44 g,7 g,2 g,,,1180 mg,,,,,,,,,1,(68 g),90 kkal,5 g,3 g,0 mg,,,,,,,
1158,PT. Indofood CBP Sukses Makmur Tbk.,Indomie rasa soto lamongan,,,360 kkal,14 g,,,,,,48 g,10 g,6 g,,,1030 mg,,,,,,,,,1,(80 g),130 kkal,7 g,4 g,0 mg,,,,,,,
1159,PT. nissin food indonesia,Gekikara ramen 109 gram,,,500 kkal,18 g,,,,,,74 g,9 g,6 g,,,1200 mg,,,,,,,,,1,(109 g),160 kkal,9 g,4 g,0 mg,,,,,,,
1160,Buatan Sendiri,Nasi Goreng,,,500 kkal,34.40 g,,0 mg,0.10 mg,,0 mg,40.20 g,7 g,0.40 g,10 mg,88 mg,18 mg,86 mg,,0.60 mg,1 mg,,,,,1,(200 g),,,,52 mg,,17.80 g,2 mg,0.10 mg,8 mcg,22 mg,
1161,Alami,"brokoli , matang",Per 100 g BDD (Berat Dapat Dimakan),,23.20 kkal,0.20 g,137 mcg,0.10 mg,0.10 mg,,61.10 mg,1.90 g,3.20 g,3 g,112 mg,,15 mg,298 mg,,1.20 mg,0.60 mg,,,90.50 g,,,,,,,,,,,,,,
1162,PT. Tirta Alam Segar,Teh Javana,,,110 kkal,0 g,,,,,,28 g,0 g,,,,75 mg,,,,,,,,,1,(350 ml),0 kkal,,28 g,,,,,,,,
1164,PT. Mayora Indah Tbk.,Permen KIS mini assorted,,,30 kkal,0 g,,,,,,7 g,0 g,,,,0 mg,,,,,,,,,15,(7.50 g),,,5 g,,,,,,,,
1166,Ever Delicious Food Industries SDN.BHD,Naraya Coklat Cookies,,,50 kkal,3 g,,,,,,6 g,1 g,,,,45 mg,,,,,,,,,28,(10 g),,,,,,,,,,,
1167,PT. nissin biscuit indonesia,Butter cookies Monde,,,160 kkal,8 g,,,,,,20 g,2 g,,,,0 mg,,,,,,,,,5,(30 g),70 kkal,,7 g,,,,,,,,
1168,PT. ABC kogyn dairy,Kin bulgarian style yogurt strawberry,,,170 kkal,3.50 g,,,,,,29 g,4 g,,,,50 mg,170 mg,,,,,,,,1,(200 ml),35 kkal,0 g,27 g,0 mg,,,,,,,
1169,PT Mayora Indah,Roma Sandwich,,,140 kkal,7 g,,,,,,17 g,2 g,,,,80 mg,,,,,,,,,8,(27 g),,,6 g,,,,,,,,
1171,Alami,kurma,Per 100 g BDD (Berat Dapat Dimakan),,282 kkal,0.39 g,10 mcg,0.05 mg,0.07 mg,1.27 mg,0.40 mg,75.03 g,2.45 g,7.99 g,39 mg,62 mg,2 mg,656 mg,0 mcg,1.05 mg,0.29 mg,0 mcg,,20.53 g,,,,,,,,,,,,,,
1173,PT. Asahi Indofood Beverage Makmur,Ichi ocha,,,100 kkal,0 g,,,,,,26 g,0 g,,,,35 mg,,,,,,,,,± 1,(330 ml),0 kkal,,24 g,,,,,,,,
1176,PT ARNOTT'S INDONESIA,Good Time Cookies,,,140 kkal,6 g,,,,,,21 g,2 g,1 g,,,220 mg,,,,,,,,,± 6,(30 g),50 kkal,4 g,10 g,0 mg,,,,,,,0 g
1179,PT TORABIKA EKA SEMESTA,"Sereal ENERGEN ""Kacang Hijau""",,,130 kkal,3 g,,,,,,24 g,2 g,1 g,,,70 mg,,,,,,,,,± 1,(30 g),25 kkal,1 g,16 g,0 mg,,,,,,,
1181,PT.Nestle Indonesia,Susu dancow rasa coklat,,,160 kkal,6 g,,,,,,23 g,5 g,,,,100 mg,,,,,,,,,± 1,(39 g),,,,,,,,,,,
1183,Alami,air putih / air mineral / air minum,Per 100 g BDD (Berat Dapat Dimakan),Berat Dapat Dimakan (100%),0 kkal,0 g,0 mcg,0 mg,0 mg,0 mg,0 mg,0 g,0 g,0 g,0 mg,0 mg,0 mg,0 mg,0 mcg,0 mg,0 mg,0 mcg,,100 g,0 g,,,,,,,,,,,,,
1184,Buatan Sendiri,lontong,,,144 kkal,0.23 g,,,,,,31.76 g,2.76 g,1.20 g,,,0 mg,,,,,,,,,1,(90 gram),,0.04 g,0.12 g,0 mg,,,,,,,
1185,Buatan Sendiri,"Telur ayam, rebus",,,155 kkal,11 g,,,,,,1.10 g,13 g,,,,124 mg,,,,,,,,,1,(50 gram),,3.25 g,1.12 g,422 mg,,,,,,,
1187,Alami,Ikan salmon,Per 100 g BDD (Berat Dapat Dimakan),,179 kkal,10.43 g,136 mcg,0.05 mg,0.11 mg,8.42 mg,4 mg,0 g,19.93 g,0 g,26 mg,0 mg,47 mg,394 mg,40 mcg,0.25 mg,0.44 mg,0 mcg,,71.64 g,1.33 g,,,,,,,,,,,,,
1188,Alami,Ikan tuna,Per 100 g BDD (Berat Dapat Dimakan),,144 kkal,4.90 g,655 mcg,0.24 mg,0.25 mg,8.65 mg,0 mg,0 g,23.33 g,0 g,8 mg,254 mg,39 mg,252 mg,80 mcg,1.02 mg,0.60 mg,0 mcg,,68.09 g,1.18 g,,,,,,,,,,,,,
1189,Alami,ikan lele,Per 100 g BDD (Berat Dapat Dimakan),Berat Dapat Dimakan (80%),92 kkal,2.82 g,70 mcg,,,,,0 g,16.20 g,0 g,14 mg,,42 mg,,,0.25 mg,,,,,,,,,,,,,,,,,,
1190,Alami,buah pir / pear,Per 100 g BDD (Berat Dapat Dimakan),,57 kkal,0.14 g,1 mcg,0.01 mg,0.02 mg,0.16 mg,4.30 mg,15.23 g,0.36 g,3.10 g,9 mg,12 mg,1 mg,116 mg,80 mcg,0.18 mg,0.10 mg,14 mcg,,83.96 g,,,,,,,,,,,,,,
1191,Buatan Sendiri,"Telur goreng, telur ceplok",,,196 kkal,15 g,77.70 mcg,,,,0 mg,0.90 g,14 g,0 g,27.10 mg,,207 mg,,,0.85 mg,,,,,,1,(50 gram),,3.16 g,0.17 g,181 mg,,,,,,,
1192,Buatan Sendiri,Roti gandum,,,267 kkal,3.24 g,0 mcg,,,,0 mg,48.68 g,10.72 g,4 g,133 mg,,508 mg,,,3.49 mg,,,,,,1,(100 g),,0.77 g,5.91 g,0 mg,,,,,,,
1193,Alami,"kiwi, segar",Per 100 g BDD (Berat Dapat Dimakan),,61 kkal,0.52 g,4 mcg,0.02 mg,0.02 mg,0.34 mg,92.70 mg,14.66 g,1.14 g,3 g,34 mg,34 mg,3 mg,312 mg,130 mcg,0.31 mg,0.14 mg,52 mcg,,83.07 g,,,,,,,,,,,,,,
1194,LUCCHETTI,Tepung Panir,,,333 kkal,0 g,0 mcg,,,,0 mg,73.33 g,10 g,0 g,0 mg,,283 mg,,,3.60 mg,,,,,,1,(100 g),,0 g,0 g,0 mg,,,,,,,
1195,Alami,"Almond, kacang Almond",Per 100 g BDD (Berat Dapat Dimakan),,613 kkal,54.84 g,0 mcg,,,,0 mg,16.13 g,19.30 g,9.70 g,258 mg,,710 mg,,,3.48 mg,,,,,,,,,,,,,,,,,,
1196,Buatan Sendiri,kentang rebus,,,76 kkal,0.14 g,787 mcg,,,,12.80 mg,17.72 g,1.37 g,2.50 g,27 mg,,27 mg,,,0.72 mg,,,,,,1,(150 gram),,0.03 g,5.74 g,0 mg,,,,,,,
1197,Alami,Lobster,Per 100 g BDD (Berat Dapat Dimakan),,77 kkal,0.75 g,1 mcg,0.02 mg,0.01 mg,1.59 mg,0 mg,0 g,16.52 g,0 g,84 mg,161 mg,423 mg,200 mg,1340 mcg,0.26 mg,3.53 mg,0 mcg,,80.95 g,1.88 g,,,,,,,,,,,,,
1198,Alami,Ikan Nila,Per 100 g BDD (Berat Dapat Dimakan),,96 kkal,1.70 g,,,,,,0 g,20.08 g,0 g,,,,302 mg,,,,,,,,,,,,,,,,,,,,
1199,PT. Indofood CBP Sukses Makmur Tbk.,Indomie goreng Jumbo,,,560 kkal,13 g,,,,,,80 g,21 g,31 g,,,0 mg,,,,,,,,,1,(129 g),,,13 g,,,,,,,,
1200,PT. Indofood CBP Sukses Makmur Tbk.,Indomie goreng,,,380 kkal,14 g,,,,,,54 g,8 g,2 g,,,0 mg,,,,,,,,,1,(300 gram),,,8 g,,,,,,,,
1201,PT. Indofood CBP Sukses Makmur Tbk.,Indomie mi kuah,,,300 kkal,11 g,,,,,,43 g,7 g,2 g,,,0 mg,,,,,,,,,1,(69 g),,,3 g,,,,,,,,
1202,Samyang Foods Co.Ltd Korea,Samyang,,,530 kkal,16 g,,,,,,85 g,12 g,1 g,,,0 mg,,,,,,,,,± 1,(140 g),,,7 g,,,,,,,,
1203,PT.Wings food,Mie sedap goreng,,,420 kkal,16 g,,,,,,60 g,8 g,8 g,,,0 mg,,,,,,,,,± 1,(91 g),,,7 g,,,,,,,,
1204,PT. Mayora Indah Tbk.,Bakmi Mewah,,,450 kkal,23 g,,,,,,47 g,13 g,,,,0 mg,,,,,,,,,± 1,(110 g),,,1 g,,,,,,,,
1205,PT. Indofood CBP Sukses Makmur Tbk.,Pop mie kuah pedes dower,,,360 kkal,16 g,,,,,,46 g,6 g,3 g,,,0 mg,,,,,,,,,± 1,(75 g),,,4 g,,,,,,,,
1206,PT. Indofood CBP Sukses Makmur Tbk.,Pop mie mie goreng pedas,,,370 kkal,17 g,,,,,,49 g,6 g,6 g,,,0 mg,,,,,,,,,± 1,(80 g),,,4 g,,,,,,,,
1207,PT. Indofood CBP Sukses Makmur Tbk.,Pop mie rasa kari ayam,,,360 kkal,17 g,,,,,,44 g,7 g,3 g,,,1450 mg,,,,,,,,,± 1,,150 kkal,9 g,4 g,,,,,,,,
1208,PT. Heinz ABC Indonesia,ABC Selera pedas hot gulai chicken,,,270 kkal,12 g,,,,,,34 g,7 g,21 g,,,0 mg,,,,,,,,,± 1,(60 g),,,1 g,,,,,,,,
1211,Chatime,Chatime pearl milk tea,,,374 kkal,11 g,,,,,,67 g,1 g,,,,0 mg,,,,,,,,,1,(500 ml),,,39.50 g,,,,,,,,
1212,Chatime,Chatime milk tea,,,302 kkal,13 g,,,,,,44.50 g,1.50 g,,,,0 mg,,,,,,,,,1,(500 ml),,,39.50 g,,,,,,,,
1213,Chatime,Chatime mango smoothie,,,228 kkal,0.50 g,,,,,,55.50 g,0.50 g,,,,0 mg,,,,,,,,,1,(500 ml),,,54 g,,,,,,,,
1214,Chatime,Chatime matcha red bean smoothie,,,384 kkal,10.50 g,,,,,,67 g,4.50 g,,,,0 mg,,,,,,,,,1,(500 g),,,58 g,,,,,,,,
1215,Chatime,Matcha Tea Latte,,,190 kkal,4 g,,,,,,31.50 g,6.50 g,,,,0 mg,,,,,,,,,1,(500 ml),,,30 g,,,,,,,,
1216,Chatime,Chatime taro milk tea,,,399 kkal,12 g,,,,,,70 g,2 g,,,,0 mg,,,,,,,,,11,(500 ml),,,54.50 g,,,,,,,,
1217,PT. Sarimelati kencana Tbk,Pizza hut meat lover's,,,470 kkal,28 g,,,,,,36 g,19 g,2 g,,,0 mg,,,,,,,,,± 6,(175 g),,,1 g,,,,,,,,
1218,PT. Sarimelati kencana Tbk,Pizza hut meat lovers,,,210 kkal,12 g,,,,,,17 g,8 g,1 g,,,0 mg,,,,,,,,,6,(81 g),,,2 g,,,,,,,,
1219,PT. Sarimelati kencana Tbk,Pizza hut super supreme,,,410 kkal,22 g,,,,,,37 g,16 g,3 g,,,0 mg,,,,,,,,,± 7,(172 g),,,2 g,,,,,,,,
1220,PT. Sarimelati kencana Tbk,Pizza hut super supreme personal,,,170 kkal,9 g,,,,,,17 g,7 g,1 g,,,0 mg,,,,,,,,,± 7,(77 g),,,2 g,,,,,,,,
1221,PT. Sarimelati kencana Tbk,Pizza hut deluxe cheese,,,380 kkal,19 g,,,,,,37 g,16 g,3 g,,,0 mg,,,,,,,,,± 8,(150 g),,,1 g,,,,,,,,
1222,PT. Sarimelati kencana Tbk,Pizza hut deluxe cheeses,,,150 kkal,6 g,,,,,,17 g,6 g,1 g,,,0 mg,,,,,,,,,± 8,(65 g),,,2 g,,,,,,,,
1223,PT. Nippon Indosari corporindo Tbk,Sariroti Roti tawar,,,200 kkal,3 g,,,,,,37 g,7 g,1 g,,,280 mg,,,,,,,,,± 11,(74 g),,,2 g,,,,,,,,
1224,PT. Nippon Indosari corporindo Tbk,Sariroti sandwich coklat,,,150 kkal,6 g,,,,,,21 g,3 g,2 g,,,125 mg,,,,,,,,,± 1,(42 g),,,4 g,,,,,,,,
1225,PT. Nippon Indosari corporindo Tbk,Sariroti Sandwich krim keju,,,130 kkal,6 g,,,,,,17 g,3 g,1 g,,,260 mg,,,,,,,,,± 1,(42 g),,,3 g,,,,,,,,
1226,PT. Nippon Indosari corporindo Tbk,Sariroti Sandwich kacang,,,140 kkal,6 g,,,,,,18 g,5 g,2 g,,,135 mg,,,,,,,,,1,(42 g),,,2 g,,,,,,,,
1227,PT. Nippon Indosari corporindo Tbk,Sariroti Sandwich pandan sarikaya,,,110 kkal,2.50 g,,,,,,19 g,2 g,1 g,,,180 mg,,,,,,,,,1,(40 g),,,4 g,,,,,,,,
1228,PT. Nippon Indosari corporindo Tbk,Sariroti roti tawar kupas,,,110 kkal,2 g,,,,,,19 g,3 g,1 g,,,170 mg,,,,,,,,,± 11,(40 g),,,1 g,,,,,,,,
1229,PT. Gumindo Bogamanis,Kuaci Rebo origial,,,110 kkal,9 g,,,,,,3 g,5 g,3 g,,,130 mg,,,,,,,,,± 1,(18 g),,,0 g,,,,,,,,
1230,PT. Gumindo Bogamanis,Kuaci Rebo green tea,,,110 kkal,9 g,,,,,,2 g,6 g,2 g,,,180 mg,,,,,,,,,± 1,(18 g),,,1 g,,,,,,,,
1231,PT. Gumindo Bogamanis,Kuaci Rebo milk,,,40 kkal,3 g,,,,,,1 g,2 g,,,,120 mg,,,,,,,,,± 1,(6 g),,,,,,,,,,,
1232,PT. Gumindo Bogamanis,Kuaci Rebo salted caramel,,,50 kkal,4 g,,,,,,1 g,2 g,1 g,,,90 mg,,,,,,,,,± 1,(8 g),,,,,,,,,,,
1233,PT. Interfood sukses jasindo,Naraya melon seed,,,130 kkal,10 g,,,,,,2 g,6 g,,,,180 mg,,,,,,,,,± 1,(20 g),,,,,,,,,,,
1234,PT. Indomarco Prismatama,Kuaci Indomaret,,,80 kkal,7 g,,,,,,2 g,4 g,,,,180 mg,,,,,,,,,± 1,(13 g),,,,,,,,,,,
1235,PT.Rekso Nasional Food,Mcdonald Big mac burger,,,540 kkal,28 g,,,,,,46 g,25 g,3 g,,,0 mg,,,,,,,,,1,(215 g),,,9 g,,,,,,,,
1236,PT.Rekso Nasional Food,Mcdonald Mc double,,,380 kkal,18 g,,,,,,34 g,23 g,2 g,,,0 mg,,,,,,,,,1,(0 g),,,7 g,,,,,,,,
1237,PT.Rekso Nasional Food,Mcdonald Hamburge,,,250 kkal,8 g,,,,,,31 g,13 g,1 g,,,0 mg,,,,,,,,,1,(0 g),,,6 g,,,,,,,,
1238,PT.Rekso Nasional Food,Mcdonald Triple cheeseburger,,,520 kkal,28 g,,,,,,36 g,32 g,2 g,,,0 mg,,,,,,,,,1,(0 g),,,7 g,,,,,,,,
1239,PT.Rekso Nasional Food,Mcdonald Double cheeseburger,,,430 kkal,21 g,,,,,,35 g,25 g,2 g,,,0 mg,,,,,,,,,1,(0 g),,,7 g,,,,,,,,
1240,PT.Rekso Nasional Food,Mcdonald Cheeseburger,,,300 kkal,12 g,,,,,,33 g,15 g,2 g,,,0 mg,,,,,,,,,1,(0 g),,,7 g,,,,,,,,
1241,Buatan Sendiri,Susu murni,,,62 kkal,3.35 g,,,,,,4.66 g,3.32 g,,,,0 mg,,,,,,,,,1,(100 ml),,,,,,,,,,,
1242,Buatan Sendiri,Keju cheddar,,,404 kkal,33.31 g,,,,,,3.09 g,22.87 g,,,,0 mg,,,,,,,,,1,(100 g),,,,,,,,,,,
1243,Buatan Sendiri,Keju parmesan,,,420 kkal,27.84 g,,,,,,13.91 g,28.42 g,,,,0 mg,,,,,,,,,1,(100 g),,,,,,,,,,,
1244,Buatan Sendiri,Keju mozzarella,,,280 kkal,17.10 g,,,,,,3.10 g,27.50 g,,,,0 mg,,,,,,,,,1,(100 g),,,,,,,,,,,
1245,Buatan Sendiri,Bakmi,,,138 kkal,2.10 g,,,,,,25.20 g,4.50 g,,,,0 mg,,,,,,,,,1,(100 g),,,,,,,,,,,
1246,Buatan Sendiri,Nasi coklat,,,112 kkal,0.80 g,,,,,,23.50 g,2.30 g,,,,0 mg,,,,,,,,,1,(100 g),,,,,,,,,,,
1247,Buatan Sendiri,Es teh tawar,,,2 kkal,0 g,,,,,,0.67 g,0.02 g,,,,0 mg,,,,,,,,,1,(240 ml),,,,,,,,,,,
1248,Buatan Sendiri,Kopi hitam tanpa gula,,,2 kkal,0.05 g,,,,,,0.09 g,0.28 g,,,,0 mg,,,,,,,,,1,(240 ml),,,,,,,,,,,
1249,Buatan Sendiri,Es teh manis,,,90 kkal,0 g,,,,,,23.44 g,0.02 g,,,,0 mg,,,,,,,,,1,(240 ml),,,,,,,,,,,
1250,Buatan Sendiri,Coca cola,,,136 kkal,0.07 g,,,,,,35.18 g,0.26 g,,,,0 mg,,,,,,,,,1,(355 ml),,,,,,,,,,,
1251,Buatan Sendiri,Bir,,,153 kkal,0 g,,,,,,12.65 g,1.64 g,,,,0 mg,,,,,,,,,1,(355 g),,,,,,,,,,,
1252,Alami,Tanderloin,Per 100 g BDD (Berat Dapat Dimakan),,151 kkal,7.63 g,,,,,,0.01 g,20.53 g,,,,,,,,,,,,,,,,,,,,,,,,,
1253,Alami,Ribeye,Per 100 g BDD (Berat Dapat Dimakan),,217 kkal,15.21 g,,,,,,0.11 g,19.80 g,,,,,,,,,,,,,,,,,,,,,,,,,
1254,Alami,Top sirloin,Per 100 g BDD (Berat Dapat Dimakan),,127 kkal,4.45 g,,,,,,0.01 g,21.77 g,,,,,,,,,,,,,,,,,,,,,,,,,
1255,Alami,Pork loin,Per 100 g BDD (Berat Dapat Dimakan),,198 kkal,12.58 g,,,,,,0 g,19.74 g,,,,,,,,,,,,,,,,,,,,,,,,,
1256,Alami,Pork Belly,Per 100 g BDD (Berat Dapat Dimakan),,518 kkal,53.01 g,,,,,,0 g,9.34 g,,,,,,,,,,,,,,,,,,,,,,,,,
1257,Alami,Pork rib,Per 100 g BDD (Berat Dapat Dimakan),,211 kkal,12.01 g,,,,,,0 g,19.90 g,,,,,,,,,,,,,,,,,,,,,,,,,
1258,Nuttela indonesia,Selai Nutella,,,200 kkal,12 g,,,,,,23 g,2 g,,,,0 mg,,,,,,,,,1,(37 g),,,,,,,,,,,
1259,PT. Nestle Indonesia,Nestle corn flakes,,,110 kkal,0.50 g,,,,,,24 g,2 g,,,,0 mg,,,,,,,,,1,(30 g),,,,,,,,,,,
1260,Skippy Indonesia,Selai kacang skippy chunky,,,210 kkal,17 g,,,,,,7 g,7 g,,,,0 mg,,,,,,,,,1,(32 g),,,,,,,,,,,
1261,Quaker indonesia,quaker instan oatmeal,,,140 kkal,3.50 g,,,,,,24 g,4 g,,,,0 mg,,,,,,,,,1,(35 g),,,,,,,,,,,
1263,Alami,Hazelnut,Per 100 g BDD (Berat Dapat Dimakan),,628 kkal,60.75 g,,,,,,16.70 g,14.95 g,9.70 g,,,,,,,,,,,,,,,,,,,,,,,,
1264,Alami,Peanut,Per 100 g BDD (Berat Dapat Dimakan),,567 kkal,49.24 g,,,,,,16.13 g,25.80 g,8.50 g,,,,,,,,,,,,,,,,,,,,,,,,
1265,Alami,Cashew,Per 100 g BDD (Berat Dapat Dimakan),,553 kkal,43.85 g,,,,,,30.19 g,18.22 g,3.30 g,,,,,,,,,,,,,,,,,,,,,,,,
1266,Alami,Pistachio,Per 100 g BDD (Berat Dapat Dimakan),,560 kkal,45.32 g,,,,,,27.17 g,20.16 g,10.60 g,,,,,,,,,,,,,,,,,,,,,,,,
1267,Buatan Sendiri,Saus sambal,,,27 kkal,0 g,,,,,,6.70 g,0 g,,,,0 mg,,,,,,,,,1,(15 g),,,6.50 g,,,,,,,,
1268,Buatan Sendiri,Kecap manis,,,45 kkal,0.10 g,,,,,,11 g,1 g,,,,0 mg,,,,,,,,,1,(22 g),,,10 g,,,,,,,,
1269,Buatan Sendiri,Mayonnaise,,,103 kkal,11.67 g,,,,,,0.04 g,0 g,,,,0 mg,,,,,,,,,1,(15 g),,,0.04 g,,,,,,,,
1270,Buatan Sendiri,Saus tomat,,,17 kkal,0.02 g,,,,,,4.66 g,0.18 g,,,,0 mg,,,,,,,,,1,(17 g),,,3.62 g,,,,,,,,
1271,Buatan Sendiri,Kecap asin,,,8 kkal,0.09 g,,,,,,0.79 g,1.30 g,0.10 g,,,0 mg,,,,,,,,,1,(16 g),,,0.06 g,,,,,,,,
1272,Buatan Sendiri,Mustard,,,9 kkal,0.50 g,,,,,,0.87 g,0.56 g,0.60 g,,,0 mg,,,,,,,,,1,(15 g),,,0.14 g,,,,,,,,
1273,Alami,Kacang walnut,Per 100 g BDD (Berat Dapat Dimakan),,654 kkal,65.21 g,,,,,,13.71 g,15.23 g,6.70 g,,,0 mg,,,,,,,,,,,,,,,,,,,,,
1274,Starbucks,Starbucks caffe americano,,,15 kkal,0 g,,,,,,3 g,1 g,,,,0 mg,,,,,,,,,1,(0 ml),,,,,,,,,,,
1275,Starbucks,Starbucks iced caffe latte (wholemilk),,,120 kkal,7 g,,,,,,13 g,8 g,,,,0 mg,,,,,,,,,1,(0 ml),,,,,,,,,,,
1276,Starbucks,Starbucks cappuccino (nonfat milk),,,80 kkal,0 g,,,,,,12 g,8 g,,,,0 mg,,,,,,,,,1,(0 ml),,,,,,,,,,,
1277,Starbucks,Starbucks hot caffe mocha (whole milk),,,330 kkal,12 g,,,,,,42 g,13 g,,,,0 mg,,,,,,,,,1,(0 ml),,,,,,,,,,,
1278,Starbucks,Starbucks hot caffe mocha (whole milk + whipped),,,400 kkal,19 g,,,,,,44 g,13 g,,,,0 mg,,,,,,,,,1,(0 ml),,,,,,,,,,,
1279,Starbucks,Starbucks Iced caffe mocha (notfat milk),,,200 kkal,2.50 g,,,,,,36 g,9 g,,,,0 mg,,,,,,,,,1,(0 ml),,,,,,,,,,,
1280,Starbucks,Starbucks Iced caffe mocha (notfat milk + whipped),,,320 kkal,14 g,,,,,,40 g,10 g,,,,0 mg,,,,,,,,,1,(0 ml),,,,,,,,,,,
1281,Starbucks,Starbucks hot caffe latte (whole milk),,,230 kkal,12 g,,,,,,19 g,12 g,,,,0 mg,,,,,,,,,1,,,,,,,,,,,,
1282,Starbucks,Starbucks hot caffe latte (notfat milk),,,130 kkal,0 g,,,,,,20 g,13 g,,,,0 mg,,,,,,,,,1,(0 ml),,,,,,,,,,,
1283,Starbucks,Starbucks iced caffe latte (notfat milk),,,90 kkal,0 g,,,,,,13 g,8 g,,,,0 mg,,,,,,,,,1,(0 g),,,,,,,,,,,
1284,Starbucks,Starbucks hot caramel macchiato (wholemilk),,,280 kkal,11 g,,,,,,35 g,10 g,,,,0 mg,,,,,,,,,1,(0 ml),,,,,,,,,,,
1285,Starbucks,Starbucks hot caramel macchiato (nonfat milk),,,200 kkal,1.50 g,,,,,,36 g,11 g,,,,0 mg,,,,,,,,,1,(0 ml),,,,,,,,,,,
1286,Starbucks,Starbucks hot caffe mocha (notfat milk),,,250 kkal,2.50 g,,,,,,42 g,13 g,,,,0 mg,,,,,,,,,1,(0 ml),,,,,,,,,,,
1287,Starbucks,Starbucks hot caffe mocha (notfat milk + whipped),,,320 kkal,10 g,,,,,,320 g,14 g,,,,0 mg,,,,,,,,,1,(0 ml),,,,,,,,,,,
1288,Starbucks,Starbucks green tea frappuccino (whole milk + whipped),,,430 kkal,16 g,,,,,,68 g,6 g,,,,0 mg,,,,,,,,,1,(0 ml),,,,,,,,,,,
1289,Starbucks,Starbucks green tea frappuccino (whole milk),,,320 kkal,4.50 g,,,,,,64 g,5 g,,,,0 mg,,,,,,,,,1,(0 ml),,,,,,,,,,,
1290,Starbucks,Starbucks cappuccino (wholemilk),,,140 kkal,7 g,,,,,,12 g,7 g,,,,0 mg,,,,,,,,,1,(0 ml),,,,,,,,,,,
1291,Starbucks,Starbucks java chip frappuccino (wholemilk),,,350 kkal,5 g,,,,,,68 g,7 g,,,,0 mg,,,,,,,,,1,(0 ml),,,,,,,,,,,
1292,Starbucks,Starbucks java chip frappuccino (wholemilk+whipped),,,470 kkal,18 g,,,,,,72 g,6 g,,,,0 mg,,,,,,,,,1,(0 ml),,,,,,,,,,,
1293,Starbucks,Starbucks iced caffe mocha (whole milk),,,250 kkal,8 g,,,,,,36 g,9 g,,,,0 mg,,,,,,,,,1,(0 ml),,,,,,,,,,,
1294,Starbucks,Starbucks iced caffe mocha (whole milk + whipped),,,360 kkal,19 g,,,,,,39 g,9 g,,,,0 mg,,,,,,,,,1,(0 ml),,,,,,,,,,,
1314,PT. Fast food indonesia,KFC extra crispy dada,,,530 kkal,35 g,,,,,,18 g,35 g,,,,0 mg,,,,,,,,,1,(178 g),,,,,,,,,,,
1315,PT. Fast food indonesia,KFC extra crispy paha bawah,,,170 kkal,12 g,,,,,,5 g,10 g,,,,0 mg,,,,,,,,,1,(55 g),,,,,,,,,,,
1316,PT. Fast food indonesia,KFC extra crispy paha atas,,,330 kkal,23 g,,,,,,9 g,22 g,,,,0 mg,,,,,,,,,1,(112 g),,,,,,,,,,,
1317,PT. Fast food indonesia,KFC extra crispy sayap,,,170 kkal,13 g,,,,,,5 g,10 g,,,,0 mg,,,,,,,,,1,(48 g),,,,,,,,,,,
1318,PT. Fast food indonesia,KFC Original recipe dada,,,390 kkal,21 g,,,,,,11 g,39 g,,,,0 mg,,,,,,,,,1,(172 g),,,,,,,,,,,
1319,PT. Fast food indonesia,KFC Original recipe paha bawah,,,130 kkal,8 g,,,,,,4 g,12 g,,,,0 mg,,,,,,,,,1,(53 g),,,,,,,,,,,
1320,PT. Fast food indonesia,KFC Original recipe paha atas,,,280 kkal,19 g,,,,,,8 g,19 g,,,,0 mg,,,,,,,,,1,(104 g),,,,,,,,,,,
1321,PT. Fast food indonesia,KFC Original recipe sayap,,,130 kkal,8 g,,,,,,3 g,10 g,,,,0 mg,,,,,,,,,1,(43 g),,,,,,,,,,,
1322,Buatan Sendiri,Pasta (matang),,,158 kkal,0.93 g,,,,,,30.86 g,5.80 g,,,,0 mg,,,,,,,,,1,(100 g),,,,,,,,,,,
1326,Buatan Sendiri,Vodka,,,43 kkal,0 g,,,,,,3.55 g,0.46 g,,,,0 mg,,,,,,,,,1,(100 g),,,,,,,,,,,
1327,Buatan Sendiri,Soju,,,143 kkal,0 g,,,,,,4.55 g,0.45 g,,,,0 mg,,,,,,,,,1,(100 g),,,,,,,,,,,
1328,Buatan Sendiri,Wine,,,83 kkal,0 g,,,,,,2.72 g,0.07 g,,,,0 mg,,,,,,,,,1,(100 g),,,,,,,,,,,
1329,Buatan Sendiri,Whiskey,,,250 kkal,0 g,,,,,,0.10 g,0 g,,,,0 mg,,,,,,,,,1,(100 g),,,,,,,,,,,
1330,Buatan Sendiri,Sake,,,134 kkal,0 g,,,,,,5 g,0.50 g,,,,0 mg,,,,,,,,,1,(100 g),,,,,,,,,,,
1334,Alami,Flax seeds,Per 100 g BDD (Berat Dapat Dimakan),,534 kkal,42.16 g,,,,,,28.88 g,18.29 g,,,,,,,,,,,,,,,,,,,,,,,,,
1335,Alami,Kuaci bunga matahari,Per 100 g BDD (Berat Dapat Dimakan),,584 kkal,51.46 g,,,,,,20 g,20.78 g,,,,,,,,,,,,,,,,,,,,,,,,,
1336,Alami,Biji wijen,Per 100 g BDD (Berat Dapat Dimakan),,573 kkal,49.67 g,,,,,,23.45 g,17.73 g,,,,,,,,,,,,,,,,,,,,,,,,,
1337,Alami,Granola (matang),Per 100 g BDD (Berat Dapat Dimakan),,471 kkal,19.80 g,,,,,,64.40 g,10.10 g,,,,,,,,,,,,,,,,,,,,,,,,,
1338,Alami,Beetroot (mentah),Per 100 g BDD (Berat Dapat Dimakan),,43 kkal,0.17 g,,,,,,9.56 g,1.61 g,,,,,,,,,,,,,,,,,,,,,,,,,
1339,Alami,Goji berry (kering),Per 100 g BDD (Berat Dapat Dimakan),,349 kkal,0.39 g,,,,,,77.06 g,14.26 g,,,,,,,,,,,,,,,,,,,,,,,,,
1340,Alami,Bubuk coklat,Per 100 g BDD (Berat Dapat Dimakan),,228 kkal,13.70 g,,,,,,57.90 g,19.60 g,,,,,,,,,,,,,,,,,,,,,,,,,
1341,Alami,Buah zaitun,Per 100 g BDD (Berat Dapat Dimakan),,116 kkal,10.90 g,,,,,,6.04 g,0.84 g,,,,,,,,,,,,,,,,,,,,,,,,,
1342,Alami,Quinoa,Per 100 g BDD (Berat Dapat Dimakan),,120 kkal,1.92 g,,,,,,21.30 g,4.40 g,,,,,,,,,,,,,,,,,,,,,,,,,
1343,Alami,Bubuk kayu manis,Per 100 g BDD (Berat Dapat Dimakan),,247 kkal,1.24 g,,,,,,80.59 g,3.99 g,,,,,,,,,,,,,,,,,,,,,,,,,
1344,Alami,Prunes (kering),Per 100 g BDD (Berat Dapat Dimakan),,240 kkal,0.38 g,,,,,,63.88 g,2.18 g,7.10 g,,,,,,,,,,,,,,,,,,,,,,,,
1345,Alami,Kismis kering),Per 100 g BDD (Berat Dapat Dimakan),,299 kkal,0.25 g,,,,,,79.32 g,3.30 g,4.50 g,,,,,,,,,,,,,,,,,,,,,,,,
1346,Alami,Bluberry,Per 100 g BDD (Berat Dapat Dimakan),,317 kkal,2.50 g,,,,,,80 g,2.50 g,7.50 g,,,,,,,,,,,,,,,,,,,,,,,,
1347,Alami,Apricot,Per 100 g BDD (Berat Dapat Dimakan),,241 kkal,0.51 g,,,,,,62.64 g,3.39 g,7.30 g,,,,,,,,,,,,,,,,,,,,,,,,
1348,Alami,Cranberry,Per 100 g BDD (Berat Dapat Dimakan),,308 kkal,1.09 g,,,,,,82.80 g,0.17 g,5.30 g,,,,,,,,,,,,,,,,,,,,,,,,
1351,wing,Mi sedap cup  mi kuah baso,,,350 kkal,15 g,,,,,,45 g,8 g,6 g,,,0 mg,,,,,,,,,1,(77 g),,,2 g,,,,,,,,
1353,PT.Wings food,Mi ABC cup mi ayam jamur,,,390 kkal,20 g,,,,,,45 g,7 g,6 g,,,0 mg,,,,,,,,,1,(80 g),,,8 g,,,,,,,,
1354,PT.Wings food,Mi ABC cup soto ayam,,,280 kkal,13 g,,,,,,34 g,7 g,4 g,,,0 mg,,,,,,,,,1,(60 g),,,2 g,,,,,,,,
1355,PT.Wings food,Mi ABC cup baso sapi,,,290 kkal,13 g,,,,,,34 g,7 g,4 g,,,0 mg,,,,,,,,,1,(60 g),,,3 g,,,,,,,,
1356,PT.Danone Indonesia,Aqua,,,0 kkal,0 g,,,,,,0 g,0 g,,,,0 mg,,,,,,,,,1,(600 ml),,,,,,,,,,,
1357,PT. Nestle Indonesia,Nestle air minum,,,0 kkal,0 g,,,,,,0 g,0 g,,,,0 mg,,,,,,,,,1,(600 ml),,,,,,,,,,,
1358,PT.Tirta Investama,VIT,,,0 kkal,0 g,,,,,,0 g,0 g,,,,0 mg,,,,,,,,,1,(600 ml),,,,,,,,,,,
1359,PT. Tirta fresindo jaya,Le mineral,,,0 kkal,0 g,,,,,,0 g,0 g,,,,0 mg,,,,,,,,,1,(600 ml),,,,,,,,,,,
1360,PT. Tirta bahagia,Club,,,0 kkal,0 g,,,,,,0 g,0 g,,,,0 mg,,,,,,,,,1,(600 ml),,,,,,,,,,,
1361,PT. Akasha wira internasional Tbk,Ades,,,0 kkal,0 g,,,,,,0 g,0 g,,,,0 mg,,,,,,,,,1,(600 ml),,,,,,,,,,,
1362,Alami,Biji kopi,Per 100 g BDD (Berat Dapat Dimakan),,399 kkal,15.40 g,,,,,,62.70 g,12.40 g,,,,,,,,,,,,,,,,,,,,,,,,,
1363,Buatan Sendiri,Espresso,,,3 kkal,0.05 g,,,,,,0.49 g,0.04 g,,,,0 mg,,,,,,,,,1,(29.60 g),,,,,,,,,,,
1364,Buatan Sendiri,kopi seduh,,,5 kkal,0 g,,,,,,0.42 g,0.74 g,,,,0 mg,,,,,,,,,1,(248 g),,,,,,,,,,,
1365,PT.Frisian Flag Indonesia,Frisian flag full cream,,,140 kkal,7 g,,,,,,13 g,7 g,,,,100 mg,,,,,,,,,1,(225 ml),,,11 g,,,,,,,,
1366,PT. Frisian Flag Indonesia,Frisian flag coconut delight,,,160 kkal,5 g,,,,,,25 g,6 g,,,,95 mg,,,,,,,,,1,(225 ml),,,14 g,,,,,,,,
1367,PT. Frisian Flag Indonesia,Frisian flag sweet delight,,,150 kkal,6 g,,,,,,20 g,6 g,,,,75 mg,,,,,,,,,1,(225 ml),,,18 g,,,,,,,,
1368,PT. Frisian Flag Indonesia,Frisian flag french vanilla low fat,,,110 kkal,2.50 g,,,,,,16 g,7 g,,,,110 mg,,,,,,,,,1,(225 ml),,,16 g,,,,,,,,
1369,PT. Frisian Flag Indonesia,Frisian flag belgian chocolate low fat,,,150 kkal,2.50 g,,,,,,25 g,7 g,,,,100 mg,,,,,,,,,1,(225 ml),,,19 g,,,,,,,,
1370,PT. Frisian Flag Indonesia,Frisian flag california strawberry low fat,,,150 kkal,2.50 g,,,,,,24 g,7 g,,,,125 mg,,,,,,,,,1,(225 ml),,,22 g,,,,,,,,
1371,Nuttela indonesia,Nuttela,,,80 kkal,4.50 g,,,,,,9 g,1 g,,,,5 mg,,,,,,,,,1,(15 g),,,8 g,,,,,,,,
1372,Jules drestrooper speculoos,Jules drestrooper speculoos,,,545 kkal,35 g,,,,,,53 g,3 g,,,,600 mg,,,,,,,,,1,(100 g),,,41 g,,,,,,,,
1373,Hershey's Spreads,Hershey's Spreads,,,190 kkal,12 g,,,,,,20 g,3 g,1 g,,,50 mg,,,,,,,,,1,(37 g),,,19 g,,,,,,,,
1374,Ovomaltine,Ovomaltine,,,109 kkal,6.40 g,,,,,,11.90 g,0.80 g,,,,50 mg,,,,,,,,,1,(20 g),,,10.90 g,,,,,,,,
1375,Lotus Biscoff,Lotus Biscoff,,,584 kkal,38.10 g,,,,,,57 g,2.90 g,0.80 g,,,540 mg,,,,,,,,,1,(100 g),,,36.80 g,,,,,,,,
1376,Caotina,Caotina,,,114 kkal,7.40 g,,,,,,10.40 g,1 g,,,,20 mg,,,,,,,,,1,(20 g),,,10 g,,,,,,,,
1377,PT.Sanghiang perkasa,Fitbar,,,90 kkal,2.50 g,,,,,,14 g,3 g,1 g,,,0 mg,,,,,,,,,1,(24 g),,,4 g,,,,,,,,
1378,PT.Heavenly Blush,.Heavenly Blush,,,90 kkal,2.50 g,,,,,,15 g,2 g,4 g,,,0 mg,,,,,,,,,1,(25 g),,,5 g,,,,,,,,
1379,Mars Incorporated,Snickers,,,175 kkal,8.75 g,,,,,,21 g,3.50 g,1 g,,,0 mg,,,,,,,,,1,(35 g),,,16 g,,,,,,,,
1380,PT.Nutrifood indonesia,WRP truil bar,,,80 kkal,3.50 g,,,,,,14 g,1 g,2 g,,,0 mg,,,,,,,,,1,(20 g),,,7 g,,,,,,,,
1381,PT. Amerta indah otsuka,Soyjoy,,,150 kkal,9 g,,,,,,12 g,5 g,5 g,,,0 mg,,,,,,,,,1,(30 g),,,7 g,,,,,,,,
1382,PT. Nestle Indonesia,Koko krunch,,,110 kkal,1 g,,,,,,23 g,2 g,1 g,,,0 mg,,,,,,,,,1,(30 g),,,9 g,,,,,,,,
1383,PT. Nestle Indonesia,Honey Stars,,,110 kkal,0.50 g,,,,,,25 g,1 g,1 g,,,0 mg,,,,,,,,,1,(30 g),,,8 g,,,,,,,,
1384,PT. Nestle Indonesia,MILO cereal,,,110 kkal,1 g,,,,,,23 g,2 g,2 g,,,0 mg,,,,,,,,,1,(30 g),,,9 g,,,,,,,,
1385,Kelloog company,Corn flakes,,,110 kkal,0 g,,,,,,26 g,2 g,1 g,,,0 mg,,,,,,,,,1,(30 g),,,3 g,,,,,,,,
1386,Kelloog company,Froot Loops,,,120 kkal,0.50 g,,,,,,26 g,2 g,3 g,,,0 mg,,,,,,,,,1,(30 g),,,11 g,,,,,,,,
1387,Coca cola company,Coco pops,,,120 kkal,0.50 g,,,,,,26 g,2 g,1 g,,,0 mg,,,,,,,,,1,(30 g),,,12 g,,,,,,,,
1388,PT. Sukanda djaya,Biokul natural set yogurt,,,70 kkal,1 g,,,,,,10 g,5 g,,,,0 mg,,,,,,,,,1,(100 g),,,3 g,,,,,,,,
1389,PT. Sukanda djaya,Biokul plain yogurt,,,90 kkal,0.50 g,,,,,,15 g,5 g,,,,0 mg,,,,,,,,,1,(100 g),,,7 g,,,,,,,,
1390,PT. Sukanda djaya,Biokul greek  yogurt,,,160 kkal,12 g,,,,,,6 g,6 g,,,,0 mg,,,,,,,,,1,(100 g),,,2 g,,,,,,,,
1391,PT. Cisaura mountain dairy,Cimory yogurt set,,,100 kkal,2.50 g,,,,,,16 g,3 g,,,,0 mg,,,,,,,,,1,(100 g),,,11 g,,,,,,,,
1392,PT. Sukanda djaya,Elle vire yogurt,,,90 kkal,3.10 g,,,,,,13 g,2.30 g,0.40 g,,,0 mg,,,,,,,,,1,(100 g),,,11 g,,,,,,,,
1393,PT. Heavenly nutrition indonesia,Heavenly blush greek yogurt,,,170 kkal,9 g,,,,,,16 g,6 g,3 g,,,0 mg,,,,,,,,,1,(100 g),,,9 g,,,,,,,,
1394,PT. Kalbe Nutritional,Milna beras merah,,,210 kkal,5 g,,,,,,36 g,6 g,,,,35 mg,,,,,,,,,1,(50 g),,,,,,,,,,,
1395,PT. Kalbe Nutritional,Milna pisang,,,210 kkal,4.50 g,,,,,,36 g,6 g,,,,50 mg,,,,,,,,,1,(50 g),,,,,,,,,,,
1396,PT. Kalbe Nutritional,Milna kacang hijau,,,210 kkal,5 g,,,,,,36 g,6 g,,,,55 mg,,,,,,,,,1,(50 g),,,,,,,,,,,
1397,PT. Indofood CBP Sukses Makmur Tbk.,Promina milky beras merah,,,210 kkal,4.50 g,,,,,,35 g,8 g,,,,150 mg,,,,,,,,,1,(50 g),,,,,,,,,,,
1398,PT. Indofood CBP Sukses Makmur Tbk.,Promina pisang susu,,,210 kkal,4.50 g,,,,,,35 g,8 g,,,,150 mg,,,,,,,,,1,(50 g),,,,,,,,,,,
1399,PT. Indofood CBP Sukses Makmur Tbk.,Promina smooth kacang hijau,,,210 kkal,4.50 g,,,,,,35 g,8 g,,,,150 mg,,,,,,,,,1,(50 g),,,,,,,,,,,
1400,PT. Arrnott's Indonesia,Tim tam chocolate,,,150 kkal,7 g,,,,,,21 g,2 g,,,,0 mg,,,,,,,,,1,(30 g),,,,,,,,,,,
1401,PT. Petra food indonesia,Loacker chocolate,,,511 kkal,26 g,,,,,,59 g,7.70 g,,,,0 mg,,,,,,,,,1,(100 g),,,,,,,,,,,
1402,PT.Nissin Foods Indonesia,Nissin wafer,,,140 kkal,9 g,,,,,,14 g,2 g,,,,0 mg,,,,,,,,,1,(25 g),,,,,,,,,,,
1403,PT. nissin biscuit indonesia,Walens choco soes,,,140 kkal,8 g,,,,,,14 g,2 g,,,,0 mg,,,,,,,,,1,(25 g),,,,,,,,,,,
1404,PT. Orang Tua (OT),Tango chocolate,,,100 kkal,4 g,,,,,,14 g,1 g,,,,0 mg,,,,,,,,,1,(20 g),,,,,,,,,,,
1405,PT. Jenindo prakarsa,Selamat wafer,,,160 kkal,8 g,,,,,,19 g,2 g,,,,0 mg,,,,,,,,,1,(30 g),,,,,,,,,,,
1406,PT. Indofood CBP Sukses Makmur Tbk.,Chitato fresh potato,,,110 kkal,6 g,,,,,,12 g,1 g,,,,0 mg,,,,,,,,,1,(20 g),,,,,,,,,,,
1407,PT. Indofoodd fretolay makmur,Cheetos jagung bakar,,,50 kkal,3 g,,,,,,6 g,1 g,,,,0 mg,,,,,,,,,1,(10 g),,,,,,,,,,,
1408,PT. Indofoodd fretolay makmur,Lays krim dan bawang,,,110 kkal,6 g,,,,,,11 g,2 g,,,,0 mg,,,,,,,,,1,(20 g),,,,,,,,,,,
1409,PT. Indofood indonesia,WRP deli chips,,,210 kkal,11 g,,,,,,26 g,1 g,3 g,,,0 mg,,,,,,,,,1,(40 g),,,1 g,,,,,,,,
1410,PT. Indofoodd fretolay makmur,Doritos barbeque,,,100 kkal,4.50 g,,,,,,13 g,2 g,,,,0 mg,,,,,,,,,1,(20 g),,,1 g,,,,,,,,
1411,Buatan Sendiri,Es batu,,,0 kkal,0 g,,,,,,0 g,0 g,,,,0 mg,,,,,,,,,1,(100 g),,,,,,,,,,,
1412,PT.Kraft foods,Oreo,,,140 kkal,6 g,,,,,,21 g,1 g,1 g,,,0 mg,,,,,,,,,1,(29.40 g),,,11 g,,,,,,,,
1413,PT. Nestle Indonesia,Milo bubuk,,,80 kkal,2 g,,,,,,13 g,2 g,,,,0 mg,,,,,,,,,1,(18 g),,,8 g,,,,,,,,
1414,Ceres,Meises coklat,,,120 kkal,4 g,,,,,,20 g,0 g,2 g,,,0 mg,,,,,,,,,1,(25 g),,,16 g,,,,,,,,
1415,PT. Greenfield Indonesia,Susu greenfields skimmed milk,,,80 kkal,0 g,,,,,,11 g,10 g,,,,0 mg,,,,,,,,,1,(250 ml),,,8 g,,,,,,,,
1416,PT. Greenfield Indonesia,Susu greenfields low fat,,,110 kkal,3 g,,,,,,12 g,9 g,,,,0 mg,,,,,,,,,1,(250 ml),,,12 g,,,,,,,,
1417,PT. Greenfield Indonesia,Susu greenfields full cream,,,160 kkal,9 g,,,,,,12 g,8 g,1 g,,,0 mg,,,,,,,,,1,(250 ml),,,7 g,,,,,,,,
1418,PT. Frisian Flag Indonesia,Frisian flag putih (kental manis),,,140 kkal,4 g,,,,,,23 g,1 g,,,,0 mg,,,,,,,,,1,(40 g),,,19 g,,,,,,,,
1419,PT. Frisian Flag Indonesia,Frisian flag gold (kental manis),,,130 kkal,3.50 g,,,,,,22 g,3 g,,,,0 mg,,,,,,,,,1,(40 g),,,21 g,,,,,,,,
1420,PT. Frisian Flag Indonesia,Frisian flag cokelat (kental manis),,,135 kkal,4.50 g,,,,,,23 g,1 g,,,,0 mg,,,,,,,,,1,(40 g),,,19 g,,,,,,,,
1421,PT. Nestle Indonesia,Nestle Carnation (kental manis),,,100 kkal,3 g,,,,,,17 g,1 g,,,,0 mg,,,,,,,,,1,(29 g),,,16 g,,,,,,,,
1422,PT. Indolakto,Indomilk (kental manis),,,120 kkal,3.50 g,,,,,,21 g,1 g,2 g,,,0 mg,,,,,,,,,1,(37 g),,,19 g,,,,,,,,
1423,PT. Indofood indonesia,Indofood cap enak (kental manis),,,120 kkal,4 g,,,,,,21 g,1 g,2 g,,,0 mg,,,,,,,,,1,(37 g),,,19 g,,,,,,,,
1424,PT. Ayam brand Indonesia,Ayam brand tuna dalam air,,,50 kkal,0 g,,,,,,0 g,13 g,,,,0 mg,,,,,,,,,3,(43 g),,,,,,,,,,,
1425,PT. Ayam brand Indonesia,Ayam brand tuna dalam minyak,,,70 kkal,3.50 g,,,,,,0 g,0 g,,,,0 mg,,,,,,,,,3,(43 g),,,,,,,,,,,
1426,PT. Ayam brand Indonesia,Ayam brand chilli tuna,,,100 kkal,6 g,,,,,,3 g,8 g,,,,0 mg,,,,,,,,,3,(46 g),,,2 g,,,,,,,,
1427,PT. Amerta indah otsuka,Pocari sweat,,,70 kkal,0 g,,,,,,17 g,0 g,,,,0 mg,,,,,,,,,1,(250 ml),,,16 g,,,,,,,,
1428,PT.Danone Indonesia,Mizone,,,45 kkal,0 g,,,,,,11 g,0 g,,,,0 mg,,,,,,,,,1,(250 ml),,,11 g,,,,,,,,
1430,PT. Kalbe Nutritional,Hydro coco,,,60 kkal,0 g,,,,,,18 g,0 g,7 g,,,0 mg,,,,,,,,,1,(250 ml),,,10 g,,,,,,,,
1431,PT. Sari Enesis Indonesia,Coolant minuman,,,100 kkal,0 g,,,,,,25 g,0 g,,,,0 mg,,,,,,,,,1,(250 ml),,,23 g,,,,,,,,
1432,PT. ABC president indonesia,Nu Oceana,,,60 kkal,0 g,,,,,,19 g,0 g,,,,0 mg,,,,,,,,,1,(250 ml),,,18 g,,,,,,,,
1433,PT. Indomarco Prismatama,L-MEN 2 GO,,,90 kkal,2 g,,,,,,10 g,8 g,,,,0 mg,,,,,,,,,1,(200 ml),,,9 g,,,,,,,,
1434,PT. Kalbe Nutritional,Entrasol (coklat),,,140 kkal,2.50 g,,,,,,24 g,5 g,1 g,,,0 mg,,,,,,,,,1,(200 ml),,,11 g,,,,,,,,
1435,PT. Nestle Indonesia,Milo cair (coklat),,,120 kkal,4 g,,,,,,17 g,3 g,,,,0 mg,,,,,,,,,1,(190 ml),,,15 g,,,,,,,,
1436,PT.Nutrifood indonesia,WRP on the go (cokelat),,,150 kkal,3 g,,,,,,24 g,7 g,6 g,,,0 mg,,,,,,,,,1,(200 ml),,,16 g,,,,,,,,
1437,PT. Kalbe Nutritional,Diabetasol (vanilla malt),,,170 kkal,4 g,,,,,,26 g,8 g,3 g,,,0 mg,,,,,,,,,1,(200 g),,,,,,,,,,,
1438,PT. Fonterra brands,Anlene (cokelat),,,135 kkal,3 g,,,,,,21 g,7 g,,,,0 mg,,,,,,,,,1,(175 ml),,,20 g,,,,,,,,0 g
1439,PT. Indofood CBP Sukses Makmur Tbk.,Indomie ayam geprek,,,410 kkal,20 g,,,,,,49 g,9 g,3 g,,,0 mg,,,,,,,,,1,(85 g),,,6 g,,,,,,,,
1440,PT. Indofood CBP Sukses Makmur Tbk.,Indomie mi rendang,,,420 kkal,16 g,,,,,,59 g,9 g,3 g,,,0 mg,,,,,,,,,1,(91 g),,,9 g,,,,,,,,
1441,PT. Indofood CBP Sukses Makmur Tbk.,Indomie tengkleng,,,350 kkal,14 g,,,,,,45 g,9 g,7 g,,,0 mg,,,,,,,,,1,(75 g),,,2 g,,,,,,,,
1442,PT. Indofood CBP Sukses Makmur Tbk.,Indomie soto spesial,,,330 kkal,14 g,,,,,,44 g,7 g,5 g,,,0 mg,,,,,,,,,1,(75 g),,,2 g,,,,,,,,
1443,PT. Indofood CBP Sukses Makmur Tbk.,Indomie kari ayam,,,320 kkal,12 g,,,,,,46 g,7 g,2 g,,,0 mg,,,,,,,,,1,(72 g),,,4 g,,,,,,,,
1444,PT. Canning Indonesia,Pronas kornet ayam,,,70 kkal,3 g,,,,,,5 g,5 g,2 g,,,0 mg,,,,,,,,,4,(50 g),,,,,,,,,,,
1445,PT. Canning Indonesia,Pronas kornet sapi,,,80 kkal,3.50 g,,,,,,5 g,6 g,3 g,,,0 mg,,,,,,,,,1,(50 g),,,1 g,,,,,,,,
1446,PT. Canning Indonesia,Pronas chicken luncheon,,,80 kkal,6 g,,,,,,3 g,4 g,3 g,,,0 mg,,,,,,,,,4,(50 g),,,,,,,,,,,
1447,Charsiu,Saus Char siu (chinese BBQ),,,60 kkal,0 g,,,,,,14 g,0 g,,,,0 mg,,,,,,,,,1,(22 g),,,13 g,,,,,,,,
1448,Teriyaki,Saus Teriyaki,,,15 kkal,0 g,,,,,,4 g,0 g,,,,0 mg,,,,,,,,,1,(19 g),,,3 g,,,,,,,,
1449,Curry,Saus Curry,,,70 kkal,4.50 g,,,,,,7 g,1 g,1 g,,,0 mg,,,,,,,,,1,(29 g),,,5 g,,,,,,,,
1450,Black pepper,Saus Black pepper,,,25 kkal,0.50 g,,,,,,5 g,0 g,0 g,,,0 mg,,,,,,,,,1,(18 g),,,3 g,,,,,,,,
1451,Black bean,Saus Black bean,,,15 kkal,0.50 g,,,,,,2 g,0 g,,,,0 mg,,,,,,,,,1,(9 g),,,1 g,,,,,,,,
1452,Hoisin,Saus Hoisin,,,100 kkal,0.50 g,,,,,,22 g,1 g,1 g,,,0 mg,,,,,,,,,1,(42 g),,,21 g,,,,,,,,
1453,Hoka hoka bento,Hokben Bento special 1,,,612 kkal,23.60 g,,,,,,74.80 g,24.20 g,,,,0 mg,,,,,,,,,1,(0 g),,,,,,,,,,,
1454,Hoka hoka bento,Hokben paket B,,,522 kkal,22.40 g,,,,,,52.80 g,26.30 g,,,,0 mg,,,,,,,,,1,(0 g),,,,,,,,,,,
1455,Hoka hoka bento,Hokben Chicken karaage,,,340 kkal,20.50 g,,,,,,15 g,25 g,,,,0 mg,,,,,,,,,1,(0 g),,,,,,,,,,,
1456,Hoka hoka bento,Hoka hemat 4,,,413 kkal,15.30 g,,,,,,47.20 g,20.30 g,,,,0 mg,,,,,,,,,1,(0 g),,,,,,,,,,,
1457,Hoka hoka bento,Hokben Paket C,,,625 kkal,24.10 g,,,,,,64 g,35.40 g,,,,0 mg,,,,,,,,,1,(0 g),,,,,,,,,,,
1458,Hoka hoka bento,Hokben Tori Ball,,,250 kkal,14 g,,,,,,15 g,7 g,,,,0 mg,,,,,,,,,1,(0 g),,,,,,,,,,,
1459,PT. So Good Food Manufacturing,Sonice Chicken nugget,,,250 kkal,14 g,,,,,,14 g,16 g,,,,0 mg,,,,,,,,,± 2,(100 g),,,,,,,,,,,
1460,PT. So Good Food Manufacturing,Sonice Chicken Stick,,,250 kkal,17 g,,,,,,13 g,13 g,,,,0 mg,,,,,,,,,± 15,(100 g),,,,,,,,,,,
1461,PT. So Good Food Manufacturing,Sonice Chicken karage,,,300 kkal,18 g,,,,,,21 g,12 g,,,,0 mg,,,,,,,,,± 15,(100 g),,,,,,,,,,,
1462,PT. So Good Food Manufacturing,Sonice Chicken wing,,,220 kkal,14 g,,,,,,4 g,20 g,,,,0 mg,,,,,,,,,± 15,(100 g),,,,,,,,,,,
1463,PT. So Good Food Manufacturing,Sonice Chicken sausage,,,110 kkal,7 g,,,,,,2 g,9 g,,,,0 mg,,,,,,,,,± 20,(60 g),,,,,,,,,,,
1464,PT. So Good Food Manufacturing,Sonice Bakso kuah sapi,,,160 kkal,5 g,,,,,,20 g,8 g,,,,0 mg,,,,,,,,,± 15,(120 g),,,,,,,,,,,
1465,PT. Nestle Indonesia,Nescafe black,,,60 kkal,0 g,,,,,,15 g,0 g,,,,0 mg,,,,,,,,,1,(200 ml),,,12 g,,,,,,,,
1466,PT. Java prima abadi,Luwak white coffe,,,130 kkal,2 g,,,,,,23 g,4 g,,,,0 mg,,,,,,,,,1,(240 ml),,,,,,,,,,,
1467,PT. Santos jaya abadi,Good day cappuccino,,,170 kkal,3.50 g,,,,,,32 g,1 g,1 g,,,0 mg,,,,,,,,,1,(250 ml),,,25 g,,,,,,,,
1468,PT. Nestle Indonesia,Nescafe latte,,,130 kkal,3.50 g,,,,,,22 g,4 g,,,,0 mg,,,,,,,,,1,(240 ml),,,18 g,,,,,,,,
1469,PT. Mayora Indah Tbk.,Kopiko 78'C coffe latte,,,160 kkal,3 g,,,,,,28 g,4 g,,,,0 mg,,,,,,,,,1,(240 ml),,,24 g,,,,,,,,
1470,PT. ABC president indonesia,ABC EXO milk coffe,,,160 kkal,24 g,,,,,,24 g,8 g,2 g,,,0 mg,,,,,,,,,1,(230 ml),,,22 g,,,,,,,,
1472,Coca cola company,Coca cola zero sugar,,,0 kkal,0 g,,,,,,0 g,0 g,,,,0 mg,,,,,,,,,1,(330 ml),,,,,,,,,,,
1473,Coca cola company,Sprite (kaleng),,,100 kkal,0 g,,,,,,25 g,0 g,,,,0 mg,,,,,,,,,1,(250 ml),,,25 g,,,,,,,,
1474,Kratingdaeng Indonesia,Kratingdaeng Pro,,,120 kkal,0 g,,,,,,27 g,0 g,,,,0 mg,,,,,,,,,1,(240 ml),,,27 g,,,,,,,,
1475,Coca cola company,A&W,,,170 kkal,0 g,,,,,,43 g,0 g,,,,0 mg,,,,,,,,,1,(330 ml),,,43 g,,,,,,,,
1476,Red Bull,Red Bull,,,112 kkal,0 g,,,,,,28 g,0 g,,,,0 mg,,,,,,,,,1,(250 g),,,,,,,,,,,
1477,PT. Mayora Indah Tbk.,Kopiko coffe candy,,,40 kkal,1 g,,,,,,8 g,0 g,,,,0 mg,,,,,,,,,± 50,(9 g),,,6 g,,,,,,,,
1478,PT. Jaya Utama Santika,Fox's Fruits,,,15 kkal,0 g,,,,,,4 g,0 g,,,,0 mg,,,,,,,,,± 50,(4.50 g),,,3 g,,,,,,,,
1479,PT. UHA Mikakuto Indonesia,UHA Milk Candy,,,15 kkal,0 g,,,,,,3 g,0 g,,,,0 mg,,,,,,,,,± 50,(3 g),,,2 g,,,,,,,,
1480,PT. Aggel Langgeng,Permen RELAXA,,,10 kkal,0 g,,,,,,2 g,0 g,,,,0 mg,,,,,,,,,± 50,(2.50 g),,,2 g,,,,,,,,
1481,Ricola,Ricola herb canndy,,,60 kkal,0 g,,,,,,15 g,0 g,,,,0 mg,,,,,,,,,± 50,(15 g),,,,,,,,,,,
1482,Fishermans's,Permen Fisherman's friend original,,,0 kkal,0 g,,,,,,0 g,0 g,,,,0 mg,,,,,,,,,± 50,(1.15 g),,,,,,,,,,,
1483,PT. Kacang dua kelincii,Dua kelinci kacang garing,,,160 kkal,12 g,,,,,,4 g,8 g,3 g,,,0 mg,,,,,,,,,1,(25 g),,,1 g,,,,,,,,
1484,PT. Kacang dua kelincii,Dua kelinci sukro,,,130 kkal,7 g,,,,,,15 g,2 g,2 g,,,0 mg,,,,,,,,,1,(25 g),,,1 g,,,,,,,,
1485,PT. Kacang dua kelincii,Dua kelinci kacang polong,,,120 kkal,5 g,,,,,,15 g,3 g,5 g,,,0 mg,,,,,,,,,1,(25 g),,,,,,,,,,,
1486,PT. Mitrasatrya Perkasautama,MR.P Garlic peanut,,,240 kkal,17 g,,,,,,14 g,6 g,,,,0 mg,,,,,,,,,1,(40 g),,,,,,,,,,,
1487,PT. Mitrasatrya Perkasautama,MR.P Cashewnuts,,,250 kkal,19 g,,,,,,11 g,7 g,,,,0 mg,,,,,,,,,1,(40 g),,,,,,,,,,,
1488,PT. Mitrasatrya Perkasautama,MR. P Honey Peanuts,,,150 kkal,12 g,,,,,,5 g,7 g,,,,0 mg,,,,,,,,,1,(25 g),,,3 g,,,,,,,,
1489,Saladstop!,Saladstop Jai Ho,,,324.90 kkal,14.30 g,,,,,,28.30 g,22.30 g,7.10 g,,,355.30 mg,,,,,,,,,1,(0 g),,,8.40 g,47.70 mg,,,,,,,
1490,Saladstop!,Saladstop bold bulgogi,,,411.80 kkal,25.70 g,,,,,,30.60 g,17.70 g,6 g,,,695.40 mg,,,,,,,,,1,(0 g),,,13.30 g,33.40 mg,,,,,,,
1491,Saladstop!,Saladstop Sunshine jakarta,,,556.60 kkal,26.60 g,,,,,,50.70 g,45.20 g,15.10 g,,,988.80 mg,,,,,,,,,1,(0 g),,,18.10 g,70.40 mg,,,,,,,
1492,Saladstop!,Saladstop Cobb,,,538 kkal,35.30 g,,,,,,20.10 g,34 g,6.40 g,,,785.60 mg,,,,,,,,,1,(0 g),,,6.40 g,265.20 mg,,,,,,,
1493,Saladstop!,Saladstop tingtong,,,843.40 kkal,46.20 g,,,,,,83.30 g,30.60 g,13.50 g,,,1004.60 mg,,,,,,,,,1,(0 g),,,14.50 g,50.40 mg,,,,,,,
1494,Saladstop!,Saladstop Sea Breeze,,,379.30 kkal,23 g,,,,,,17.40 g,29.50 g,6.20 g,,,2032.30 mg,,,,,,,,,1,(0 g),,,7.90 g,21.10 mg,,,,,,,
1495,Yoshinoya,Yoshinoya Beef bowl (Reguler bowl),,,730 kkal,27 g,,,,,,91 g,30 g,3 g,,,0 mg,,,,,,,,,1,(425 g),,,5 g,,,,,,,,
1496,Yoshinoya,Yoshinoya Beef bowl (Large bowl),,,1040 kkal,38 g,,,,,,131 g,43 g,5 g,,,0 mg,,,,,,,,,1,(610 g),,,8 g,,,,,,,,
1497,Yoshinoya,Yoshinoya Teriyaki (Reguler bowl),,,790 kkal,18 g,,,,,,110 g,48 g,5 g,,,0 mg,,,,,,,,,1,(572 g),,,16 g,,,,,,,,
1498,Yoshinoya,Yoshinoya Teriyaki (Large bowl),,,1140 kkal,25 g,,,,,,165 g,66 g,9 g,,,0 mg,,,,,,,,,1,(903 g),,,25 g,,,,,,,,
1499,Yoshinoya,Yoshinoya Veggie beef bowl (Reguler bowl),,,650 kkal,20 g,,,,,,95 g,24 g,5 g,,,0 mg,,,,,,,,,1,(496 g),,,4 g,,,,,,,,
1500,Yoshinoya,Yoshinoya Veggie beef bowl (Large bowl),,,960 kkal,29 g,,,,,,141 g,35 g,9 g,,,0 mg,,,,,,,,,1,(808 g),,,8 g,,,,,,,,
1501,PT. Andrawina Darma Manunggal Mulya,Es krim Wall's double dutch,,,150 kkal,7 g,,,,,,18 g,3 g,1 g,,,0 mg,,,,,,,,,1,(100 ml),,,9 g,,,,,,,,
1502,PT. Andrawina Darma Manunggal Mulya,Es krim Wall's oreo cookies cream,,,140 kkal,7 g,,,,,,17 g,2 g,1 g,,,0 mg,,,,,,,,,1,(100 ml),,,11 g,,,,,,,,
1503,PT. Andrawina Darma Manunggal Mulya,Es krim Wall's oreo chocolate,,,140 kkal,4 g,,,,,,21 g,2 g,1 g,,,0 mg,,,,,,,,,1,(100 ml),,,15 g,,,,,,,,
1504,PT. Sukanda djaya,Es krim Diamond durian,,,100 kkal,6 g,,,,,,12 g,2 g,,,,0 mg,,,,,,,,,1,(100 ml),,,9 g,,,,,,,,
1505,PT. Sukanda djaya,Es krim Diamond vanilla,,,110 kkal,6 g,,,,,,12 g,2 g,,,,0 mg,,,,,,,,,1,(100 ml),,,9 g,,,,,,,,
1506,PT. Sukanda djaya,Es krim Diamond kacang hijau,,,220 kkal,11 g,,,,,,12 g,4 g,,,,0 mg,,,,,,,,,1,(100 ml),,,8 g,,,,,,,,
1507,PT. Astaguna Wisesa,Jif extra crunchy,,,190 kkal,16 g,,,,,,8 g,7 g,2 g,,,0 mg,,,,,,,,,1,(32 g),,,3 g,,,,,,,,
1508,PT. Sonton Food Indonesia,Selai Smucker's Strawberry,,,50 kkal,0 g,,,,,,13 g,0 g,,,,0 mg,,,,,,,,,1,(20 g),,,,,,,,,,,
1509,PT. Sonton Food Indonesia,Selai Smucker's Blueberry,,,50 kkal,0 g,,,,,,13 g,0 g,,,,0 mg,,,,,,,,,1,(20 g),,,12 g,,,,,,,,
1510,Skippy Indonesia,Selai Skippy Chunky,,,210 kkal,17 g,,,,,,7 g,7 g,2 g,,,0 mg,,,,,,,,,1,(32 g),,,3 g,,,,,,,,
1511,PT. Heavenly nutrition indonesia,Yogurt greek yummy original,,,140 kkal,4 g,,,,,,17 g,7 g,,,,0 mg,,,,,,,,,1,(100 g),,,8 g,,,,,,,,
1512,PT. Heavenly nutrition indonesia,Yogurt greek yummy blueberry,,,140 kkal,3.50 g,,,,,,19 g,8 g,,,,65 mg,,,,,,,,,1,(100 g),,,10 g,,,,,,,,
1513,PT. Heavenly nutrition indonesia,Yogurt greek heavenly blush honey,,,180 kkal,10 g,,,,,,18 g,5 g,2 g,,,40 mg,,,,,,,,,1,(100 g),,,9 g,,,,,,,,
1514,PT. Heavenly nutrition indonesia,Yogurt greek yummy strawberry,,,120 kkal,3 g,,,,,,16 g,8 g,,,,70 mg,,,,,,,,,1,(100 g),,,9 g,,,,,,,,
1515,PT. Heavenly nutrition indonesia,Yogurt greek heavenly blush strawberrt,,,170 kkal,9 g,,,,,,18 g,5 g,4 g,,,45 mg,,,,,,,,,1,(100 g),,,10 g,,,,,,,,
1516,PT. Nestle Indonesia,Nescafe original 3 in 1,,,80 kkal,2 g,,,,,,15 g,1 g,,,,0 mg,,,,,,,,,1,(17.50 g),,,11 g,,,,,,,,
1517,PT. Santos jaya abadi,Kopi Good day the original,,,90 kkal,2.50 g,,,,,,16 g,1 g,1 g,,,0 mg,,,,,,,,,1,(20 g),,,13 g,,,,,,,,
1518,PT. Santos jaya abadi,Kopi Kapal api grande white coffe,,,90 kkal,2 g,,,,,,17 g,1 g,1 g,,,0 mg,,,,,,,,,1,(20 g),,,12 g,,,,,,,,
1519,PT. Sari Incofood,Kopi Indocafe coffemix 3 in 1,,,90 kkal,2 g,,,,,,17 g,1 g,,,,0 mg,,,,,,,,,1,(20 g),,,13 g,,,,,,,,
1520,PT. Sari Incofood,Kopi Indocafe cappuccino,,,110 kkal,3 g,,,,,,19 g,2 g,,,,0 mg,,,,,,,,,1,(25 g),,,14 g,,,,,,,,
1521,PT. Java prima abadi,Kopi luwak white koffie,,,90 kkal,2 g,,,,,,17 g,1 g,2 g,,,0 mg,,,,,,,,,1,(20 g),,,12 g,,,,,,,,
1522,PT. . Indosnack Makmur Abadi,Krupuk Bocah Tua (mentah),,,340 kkal,0 g,,,,,,84 g,1 g,,,,1570 mg,,,,,,,,,1,(100 g),,,,,,,,,,,
1523,NY. SIOK,Krupuk udang Ny. Siok (mentah),,,70 kkal,0 g,,,,,,16 g,2 g,,,,260 mg,,,,,,,,,1,(20 g),,,2 g,,,,,,,,
1524,PT. Glico Indonesia,Pocky Chocolate,,,220 kkal,8 g,,,,,,32 g,4 g,2 g,,,90 mg,,,,,,,,,1,,35 kkal,7 g,14 g,,,,,,,,
1527,PT. Glico Indonesia,Pocky Strawberry,,,220 kkal,10 g,,,,,,31 g,3 g,,,,0 mg,,,,,,,,,1,(45 g),,,9 g,,,,,,,,
1528,PT. Glico Indonesia,Pocky Choco banana,,,220 kkal,10 g,,,,,,28 g,3 g,,,,0 mg,,,,,,,,,1,(42 g),,,12 g,,,,,,,,
1530,PT. Sukanda djaya,san remo pasta sauce spaghetti (mentah),,,457 kkal,2.50 g,,,,,,90 g,15 g,3.80 g,,,0 mg,,,,,,,,,1,(125 g),,,3.10 g,,,,,,,,
1531,PT. Sukanda djaya,san remo pasta sauce wholemeal (mentah),,,452 kkal,4 g,,,,,,78 g,19 g,11 g,,,0 mg,,,,,,,,,1,(125 g),,,4 g,,,,,,,,
1532,PT. Sukanda djaya,san remo pasta sauce spinach fettuccine(mentah),,,457 kkal,2.50 g,,,,,,89 g,15 g,6 g,,,0 mg,,,,,,,,,1,(125 g),,,4 g,,,,,,,,
1533,PT. Sukanda djaya,san remo pasta sauce bolognese mushroom,,,77 kkal,3.60 g,,,,,,8.60 g,2.10 g,,,,0 mg,,,,,,,,,1,(125 g),,,4.80 g,,,,,,,,
1534,PT. Sukanda djaya,san remo sauce tomato basil,,,96 kkal,4.60 g,,,,,,11.50 g,2 g,,,,0 mg,,,,,,,,,1,(125 g),,,7.40 g,,,,,,,,
1535,PT. Sukanda djaya,san remo sauce napolitana,,,72 kkal,3.50 g,,,,,,8.60 g,1.40 g,,,,0 mg,,,,,,,,,1,(125 g),,,6.50 g,,,,,,,,
1536,Lotte Indonesia,Permen Xylitol fresh mint,,,10 kkal,0 g,,,,,,3 g,0 g,,,,0 mg,,,,,,,,,± 10,(2.90 g),,,,,,,,,,,
1537,Lotte Indonesia,Permen mentos peppermint,,,5 kkal,0 g,,,,,,1 g,0 g,,,,0 mg,,,,,,,,,± 10,(1.40 g),,,,,,,,,,,
1538,PT. Konimex,Permen frozz mint,,,0 kkal,0 g,,,,,,1 g,0 g,,,,0 mg,,,,,,,,,± 10,(1.10 g),,,,,,,,,,,
1539,PT. Konimex,Permen frozz lime mint,,,0 kkal,0 g,,,,,,1 g,0 g,,,,0 mg,,,,,,,,,± 10,(1.10 g),,,,,,,,,,,
1540,Lotte Indonesia,permen xylitol jeruk nipis,,,10 kkal,0 g,,,,,,2 g,0 g,,,,0 mg,,,,,,,,,± 10,(2.90 g),,,,,,,,,,,
1541,PT. Perfetti van melle,Permen mentos spearmint,,,5 kkal,0 g,,,,,,1 g,0 g,,,,0 mg,,,,,,,,,± 10,(1.40 g),,,,,,,,,,,
1542,Buatan Sendiri,Hati kambing (mentah),,,139 kkal,5.02 g,,,,,,1.78 g,20.38 g,0 g,,,0 mg,,,,,,,,,0,(100 g),,,0 g,371 mg,,,,,,,
1543,Buatan Sendiri,Ginjal kambing (mentah),,,97 kkal,2.95 g,,,,,,0.82 g,15.74 g,0 g,,,0 mg,,,,,,,,,0,(100 g),,,0 g,337 mg,,,,,,,
1544,Buatan Sendiri,Otak kambing (mentah),,,122 kkal,8.58 g,,,,,,0 g,10.40 g,0 g,,,0 mg,,,,,,,,,± 0,(100 g),,,0 g,1352 mg,,,,,,,
1545,Buatan Sendiri,Jantung kambing (mentah),,,122 kkal,5.68 g,,,,,,0.21 g,16.47 g,0 g,,,0 mg,,,,,,,,,0,(100 g),,,0 g,135 mg,,,,,,,
1546,Buatan Sendiri,Pankreas kambing (mentah),,,152 kkal,9.82 g,,,,,,0 g,14.84 g,0 g,,,0 mg,,,,,,,,,0,(100 g),,,0 g,260 mg,,,,,,,
1547,Krispy kreme,donat Krispy kreme original glazed,,,190 kkal,11 g,,,,,,21 g,3 g,1 g,,,0 mg,,,,,,,,,1,(49 g),,,10 g,,,,,,,,
1548,Krispy kreme,donat Krispy kreme classic cinnamon,,,190 kkal,11 g,,,,,,21 g,3 g,1 g,,,0 mg,,,,,,,,,1,(45 g),,,8 g,,,,,,,,
1549,Krispy kreme,donat Krispy kreme mini original glazed,,,83.30 kkal,4.30 g,,,,,,10 g,1 g,0.30 g,,,0 mg,,,,,,,,,1,(23.30 g),,,4.70 g,,,,,,,,
1550,Krispy kreme,donat Krispy kreme chocolate iced,,,240 kkal,11 g,,,,,,33 g,3 g,1 g,,,0 mg,,,,,,,,,1,(63 g),,,20 g,,,,,,,,
1551,Krispy kreme,donat Krispy kreme oreo chocolate cream,,,390 kkal,21 g,,,,,,49 g,4 g,1 g,,,0 mg,,,,,,,,,1,(96 g),,,27 g,,,,,,,,
1552,Krispy kreme,donat Krispy kreme glazed chocolate cake,,,250 kkal,10 g,,,,,,38 g,3 g,1 g,,,0 mg,,,,,,,,,1,(71 g),,,24 g,,,,,,,,
1553,PT.Sinar Sosro,Teh botol sosro original,,,140 kkal,0 g,,,,,,34 g,0 g,,,,0 mg,,,,,,,,,1,(450 ml),,,32 g,,,,,,,,
1554,PT.Sinar Sosro,Teh botol sosro less sugar,,,90 kkal,0 g,,,,,,22 g,0 g,,,,0 mg,,,,,,,,,1,(450 ml),,,22 g,,,,,,,,
1555,PT.Sinar Sosro,Teh botol tawar,,,0 kkal,0 g,,,,,,0 g,0 g,,,,0 mg,,,,,,,,,1,(350 ml),,,0 g,,,,,,,,
1556,PT. Mayora Indah Tbk.,Teh botol sosro tawar,,,0 kkal,0 g,,,,,,0 g,0 g,,,,0 mg,,,,,,,,,1,(350 g),,,0 g,,,,,,,,
1557,PT. Mayora Indah Tbk.,Teh pucuk harum,,,140 kkal,0 g,,,,,,36 g,0 g,,,,0 mg,,,,,,,,,1,(500 ml),,,36 g,,,,,,,,
1558,Coca cola company,Teh frestea,,,160 kkal,0 g,,,,,,40 g,0 g,,,,0 mg,,,,,,,,,1,(500 ml),,,36 g,,,,,,,,
1559,PT. Orang Tua (OT),Teh gelas,,,175 kkal,0 g,,,,,,45 g,0 g,,,,0 mg,,,,,,,,,1,(500 ml),,,40 g,,,,,,,,
1560,PT. Andrawina Darma Manunggal Mulya,Eskrim Magnum classic,,,240 kkal,13 g,,,,,,30 g,3 g,4 g,,,0 mg,,,,,,,,,1,(90 ml),,,18 g,,,,,,,,
1561,PT. Andrawina Darma Manunggal Mulya,Eskrim magnum white almond,,,230 kkal,14 g,,,,,,23 g,3 g,3 g,,,0 mg,,,,,,,,,1,(80 ml),,,13 g,,,,,,,,
1562,PT. Andrawina Darma Manunggal Mulya,Eskrim paddle pop choco magma,,,70 kkal,2.50 g,,,,,,12 g,1 g,1 g,,,0 mg,,,,,,,,,1,(55 ml),,,8 g,,,,,,,,
1563,PT. Andrawina Darma Manunggal Mulya,Eskrim walls feast vanila,,,140 kkal,8 g,,,,,,15 g,2 g,1 g,,,0 mg,,,,,,,,,1,(65 ml),,,13 g,,,,,,,,
1564,PT. Andrawina Darma Manunggal Mulya,Eskrim cornetto chocolate,,,260 kkal,12 g,,,,,,34 g,3 g,2 g,,,0 mg,,,,,,,,,1,(120 ml),,,22 g,,,,,,,,
1565,PT. Andrawina Darma Manunggal Mulya,Eskrim cornetto oreo,,,240 kkal,11 g,,,,,,33 g,2 g,2 g,,,0 mg,,,,,,,,,1,(110 ml),,,20 g,,,,,,,,
1566,PT. Mayora Indah Tbk.,Roma Malkist,,,120 kkal,4.50 g,,,,,,19 g,2 g,,,,0 mg,,,,,,,,,± 12,(27 g),,,3 g,,,,,,,,
1567,PT. nissin biscuit indonesia,Nissin crispy crackers,,,150 kkal,6 g,,,,,,21 g,2 g,,,,0 mg,,,,,,,,,± 20,(30 g),,,3 g,,,,,,,,
1568,PT. Garudafood Putra Putri Jaya Tbk,Gery Saluut Malkist,,,130 kkal,5 g,,,,,,19 g,2 g,,,,0 mg,,,,,,,,,± 12,(28 g),,,5 g,,,,,,,,
1569,PT. KHONG GUAN,Khong Guan Malkist abon,,,80 kkal,3 g,,,,,,13 g,2 g,,,,0 mg,,,,,,,,,± 12,(18 g),,,3 g,,,,,,,,
1570,PT Khong Guan Biscuit Factory Indonesia Ltd,Khong guan Saltcheese,,,80 kkal,4 g,,,,,,10 g,1 g,0 g,,,0 mg,,,,,,,,,± 20,(16 g),,,2 g,,,,,,,,
1571,PT Khong Guan Biscuit Factory Indonesia Ltd,Khong guan malkist seaweed,,,90 kkal,3.50 g,,,,,,12 g,1 g,,,,0 mg,,,,,,,,,± 20,(18 g),,,2 g,,,,,,,,
1572,PT. Petra food indonesia,Coklat silverqueen almond,,,170 kkal,11 g,,,,,,14 g,4 g,,,,0 mg,,,,,,,,,± 1,(30 g),,,11 g,,,,,,,,
1573,PT. Cadbury Indonesia,Cadbury Dairy Milk,,,160 kkal,2 g,,,,,,18 g,2 g,,,,0 mg,,,,,,,,,± 1,(30 g),,,15 g,,,,,,,,
1574,PT. Petra food indonesia,Coklat silverqueen chunky almond bar,,,170 kkal,11 g,,,,,,15 g,3 g,,,,0 mg,,,,,,,,,± 3,(30 g),,,12 g,,,,,,,,
1575,PT. Nirwana Lestari,Coklat Ritter Sport Whole Almonds,,,140 kkal,9 g,,,,,,13 g,3 g,,,,0 mg,,,,,,,,,± 2,(25 g),,,9 g,,,,,,,,
1576,PT. Petra Food,Coklat Delfi dairy milk,,,150 kkal,9 g,,,,,,15 g,2 g,,,,0 mg,,,,,,,,,± 8,(27 g),,,12 g,,,,,,,,
1577,PT. Nirwana Lestari,Coklat Toblerone,,,130 kkal,7 g,,,,,,15 g,1 g,,,,0 mg,,,,,,,,,± 12,(25 g),,,15 g,,,,,,,,
1578,"PT. Ultrajaya Milk Industry, Tbk",Buavita Apple,,,110 kkal,0 g,,,,,,25 g,0 g,0 g,,,0 mg,,,,,,,,,1,(250 ml),,,23 g,,,,,,,,
1579,"PT. Ultrajaya Milk Industry, Tbk",Buavita Orange,,,120 kkal,0 g,,,,,,28 g,0 g,0.50 g,,,0 mg,,,,,,,,,1,(250 ml),,,23 g,,,,,,,,
1580,"PT. Ultrajaya Milk Industry, Tbk",Buavita royale sunshine carrot,,,120 kkal,0 g,,,,,,28 g,0 g,2 g,,,0 mg,,,,,,,,,1,(250 ml),,,25 g,,,,,,,,
1581,"PT. Ultrajaya Milk Industry, Tbk",Buavita royale chloro broccoli,,,120 kkal,0 g,,,,,,29 g,0 g,0 g,,,0 mg,,,,,,,,,1,(250 ml),,,27 g,,,,,,,,
1582,"PT. Ultrajaya Milk Industry, Tbk",Buavita Guava,,,130 kkal,0 g,,,,,,30 g,1 g,4 g,,,0 mg,,,,,,,,,1,(250 ml),,,20 g,,,,,,,,
1583,"PT. Ultrajaya Milk Industry, Tbk",Buavita Mango,,,130 kkal,0 g,,,,,,30 g,0 g,0 g,,,0 mg,,,,,,,,,1,(250 ml),,,23 g,,,,,,,,
1584,PT.Nutrifood indonesia,Susu tropicana slim high fiber milk cokelat,,,170 kkal,0 g,,,,,,31 g,10 g,6 g,,,0 mg,,,,,,,,,1,(45 g),,,12 g,,,,,,,,
1585,PT. Nutrifood Indonesia,Susu tropicana slim high fiber milk vanilla,,,150 kkal,1 g,,,,,,25 g,10 g,6 g,,,0 mg,,,,,,,,,1,(40 g),,,12 g,,,,,,,,
1586,PT. Kalbe Nutritional,Susu Slim dan fit coklat,,,200 kkal,3 g,,,,,,30 g,15 g,5 g,,,0 mg,,,,,,,,,1,(54 g),,,12 g,,,,,,,,
1587,PT. Kalbe Nutritional,Susu Slim dan fit vanila,,,200 kkal,2.50 g,,,,,,30 g,15 g,5 g,,,0 mg,,,,,,,,,1,(54 g),,,13 g,,,,,,,,
1588,PT. Nutrifood Indonesia,Susu WRP loses weight coklat,,,220 kkal,6 g,,,,,,27 g,14 g,2 g,,,0 mg,,,,,,,,,1,(50 g),,,20 g,,,,,,,,
1589,PT.Nutrifood indonesia,Susu WRP Lose weight stroberi,,,220 kkal,6 g,,,,,,25 g,14 g,2 g,,,0 mg,,,,,,,,,1,(50 g),,,21 g,,,,,,,,
1590,PT. Kraft foods Indonesia,Keju kraft cheddar,,,70 kkal,5 g,,,,,,2 g,4 g,,,,0 mg,,,,,,,,,1,(20 g),,,,,,,,,,,
1591,PT. Kraft foods Indonesia,Keju kraft quick melt,,,100 kkal,7 g,,,,,,4 g,5 g,,,,0 mg,,,,,,,,,1,(30 g),,,1 g,,,,,,,,
1592,PT. Greenfield Indonesia,Keju greenfileds mozzarella,,,90 kkal,6 g,,,,,,2 g,7 g,,,,0 mg,,,,,,,,,1,(20 g),,,,,,,,,,,
1593,PT. Greenfield Indonesia,Keju greenfields ricotta,,,110 kkal,9 g,,,,,,2 g,4 g,0 g,,,0 mg,,,,,,,,,1,(50 g),,,1 g,,,,,,,,
1594,PT. Megmilk Snow Brand Indonesia,Keju Meg cheddar,,,90 kkal,7 g,,,,,,2 g,6 g,,,,0 mg,,,,,,,,,1,(30 g),,,,,,,,,,,
1595,PT. Sukanda djaya,Keju Diamond cheddar,,,70 kkal,2 g,,,,,,8 g,5 g,,,,0 mg,,,,,,,,,1,(30 g),,,,,,,,,,,
1596,PT. Lotte Indonesia,biskuit Lotte choco pie,,,120 kkal,4.50 g,,,,,,19 g,1 g,,,,0 mg,,,,,,,,,± 8,(28 g),,,10 g,,,,,,,,
1597,PT. Monde Mahkota Biskuit,Biskuit serena egg rolls chocolate,,,80 kkal,4.50 g,,,,,,8 g,1 g,1 g,,,0 mg,,,,,,,,,1,(14 g),,,4 g,,,,,,,,
1598,PT. Arrnott's Indonesia,Timtam,,,150 kkal,7 g,,,,,,21 g,2 g,2 g,,,0 mg,,,,,,,,,± 10,(30 g),,,11 g,,,,,,,,
1600,PT. Natural Nusantara,Susu My protein impact whey protein,,,105 kkal,1.80 g,,,,,,3 g,20 g,0.50 g,,,0 mg,,,,,,,,,1,(25 g),,,1.60 g,,,,,,,,
1601,BSN,Susu BSN syntha-6,,,200 kkal,6 g,,,,,,14 g,22 g,5 g,,,0 mg,,,,,,,,,1,(47.20 g),,,2 g,,,,,,,,
1602,PT. Optimum Nutrition,Susu On gold standard whey,,,120 kkal,1.80 g,,,,,,3 g,20 g,0.50 g,,,0 mg,,,,,,,,,1,(30.40 g),,,1.60 g,,,,,,,,
1603,PT. nissin biscuit indonesia,Nissin Kukis Sagu Keju,,,150 kkal,6 g,,,,,,21 g,1 g,,,,90 mg,,,,,,,,,± 4,(30 g),,,6 g,,,,,,,,
1604,Sansai grill,Sushi ngiri salmon,,,45 kkal,2 g,,,,,,3 g,3 g,0.50 g,,,0 mg,,,,,,,,,1,(28.50 g),,,0 g,,,,,,,,
1605,Sansai grill,Sushi ngiri tuna,,,31 kkal,1 g,,,,,,3 g,4 g,0.50 g,,,0 mg,,,,,,,,,1,(28.50 g),,,0 g,,,,,,,,
1606,Sansai grill,Sushi hand roll unagi,,,152 kkal,6 g,,,,,,14 g,9 g,1 g,,,0 mg,,,,,,,,,1,(116 g),,,1 g,,,,,,,,
1607,Sansai grill,Sushi hand roll shrimp,,,90 kkal,2 g,,,,,,9 g,8 g,1 g,,,0 mg,,,,,,,,,1,(102 g),,,0.50 g,,,,,,,,
1608,Sansai grill,Sushi dragon roll,,,373 kkal,8 g,,,,,,65.50 g,12 g,3 g,,,0 mg,,,,,,,,,1,(342 g),,,12 g,,,,,,,,
1609,Sansai grill,Sushi red bull roll,,,484 kkal,7.50 g,,,,,,72 g,28 g,1 g,,,0 mg,,,,,,,,,1,(337.50 g),,,28 g,,,,,,,,
1610,BURGER KING,Burger whopper,,,660 kkal,40 g,,,,,,49 g,28 g,2 g,,,0 mg,,,,,,,,,1,(270 g),,,11 g,,,,,,,,
1611,BURGER KING,Burger double whopper,,,900 kkal,58 g,,,,,,49 g,48 g,2 g,,,0 mg,,,,,,,,,1,(354 g),,,11 g,,,,,,,,
1612,BURGER KING,Burger cheeseburger,,,280 kkal,13 g,,,,,,27 g,15 g,1 g,,,0 mg,,,,,,,,,1,(111 g),,,7 g,,,,,,,,
1613,BURGER KING,French fries,,,380 kkal,17 g,,,,,,53 g,5 g,4 g,,,0 mg,,,,,,,,,1,(153 g),,,0 g,,,,,,,,
1614,BURGER KING,Onion rings,,,410 kkal,21 g,,,,,,53 g,4 g,4 g,,,0 mg,,,,,,,,,1,(117 g),,,5 g,,,,,,,,
1615,BURGER KING,Ice Cone,,,190 kkal,4.50 g,,,,,,32 g,5 g,0 g,,,0 mg,,,,,,,,,1,(120 g),,,24 g,,,,,,,,
1616,PT. Unilever Indonesia,Royco kaldu ayam,,,0 kkal,0 g,,,,,,0 g,0 g,,,,0 mg,,,,,,,,,1,(2 g),,,,,,,,,,,
1617,PT. Unilever Indonesia,Royco kaldu sapi,,,0 kkal,0 g,,,,,,0 g,0 g,,,,0 mg,,,,,,,,,1,(2 g),,,,,,,,,,,
1618,PT. KOBE,Boncabe level 15,,,10 kkal,0 g,,,,,,1 g,0 g,,,,0 mg,,,,,,,,,1,(2.50 g),,,,,,,,,,,
1619,PT. Kobe Boga Utama,Boncabe level 10,,,10 kkal,0 g,,,,,,1 g,0 g,,,,0 mg,,,,,,,,,1,(2.50 g),,,,,,,,,,,
1620,PT. Unilever Indonesia,Royco ayam bumbu rujak,,,10 kkal,0 g,,,,,,2 g,0 g,,,,0 mg,,,,,,,,,1,(3.70 g),,,2 g,,,,,,,,
1621,PT. Unilever Indonesia,Royco nasi goreng,,,15 kkal,0 g,,,,,,2 g,0 g,,,,0 mg,,,,,,,,,1,(4.50 g),,,2 g,,,,,,,,
1622,Dairy queen,Dairy queen Vanilla cone,,,330 kkal,9 g,,,,,,52 g,9 g,0 g,,,0 mg,,,,,,,,,1,(199 g),,,36 g,,,,,,,,
1623,Dairy queen,Dairy queen chocolate dipped cone,,,460 kkal,22 g,,,,,,59 g,9 g,1 g,,,0 mg,,,,,,,,,1,(220 g),,,43 g,,,,,,,,
1624,Dairy queen,Dairy queen mocha moolatte,,,580 kkal,22 g,,,,,,88 g,10 g,1 g,,,0 mg,,,,,,,,,1,(489 g),,,77 g,,,,,,,,
1625,Dairy queen,Dairy queen oreo cookie blizzard,,,780 kkal,29 g,,,,,,117 g,15 g,1 g,,,0 mg,,,,,,,,,1,(358 g),,,84 g,,,,,,,,
1626,Dairy queen,Dairy queen hot fudge sundae,,,430 kkal,15 g,,,,,,66 g,9 g,1 g,,,0 mg,,,,,,,,,1,(234 g),,,52 g,,,,,,,,
1627,Dairy queen,Dairy queen banana split,,,520 kkal,14 g,,,,,,92 g,9 g,4 g,,,0 mg,,,,,,,,,1,(374 g),,,72 g,,,,,,,,
1628,PT. Arira Pangindo,Kusuka keripik singkong,,,100 kkal,4.50 g,,,,,,14 g,0 g,1 g,,,0 mg,,,,,,,,,1,(20 g),,,1 g,,,,,,,,
1629,PT. Arira Pangindo,Kusuka keripik ubi,,,110 kkal,7 g,,,,,,12 g,1 g,1 g,,,0 mg,,,,,,,,,1,(20 g),,,3 g,,,,,,,,
1630,PT. Arira Pangindo,Kusuka keripik emping,,,140 kkal,9 g,,,,,,13 g,2 g,1 g,,,0 mg,,,,,,,,,1,(25 g),,,1 g,,,,,,,,
1631,PT. Arira Pangindo,keripik Qtela singkong,,,100 kkal,5 g,,,,,,14 g,0 g,,,,0 mg,,,,,,,,,1,(20 g),,,1 g,,,,,,,,
1632,PT. Indofood CBP Sukses Makmur Tbk.,Keripik Qtela ubi ungu,,,100 kkal,5 g,,,,,,14 g,0 g,,,,0 mg,,,,,,,,,1,(20 g),,,3 g,,,,,,,,
1633,PT. Indofood CBP Sukses Makmur Tbk.,Qtela Tempe,,,110 kkal,7 g,,,,,,8 g,4 g,,,,0 mg,,,,,,,,,1,(20 g),,,0 g,,,,,,,,
1634,Pinkberry,Yogurt frozen pinkberry (Besar),,,390 kkal,1 g,,,,,,81 g,15 g,0 g,,,0 mg,,,,,,,,,1,(369 g),,,77 g,,,,,,,,
1635,Pinkberry,Yogurt frozen pinkberry (Medium),,,240 kkal,0 g,,,,,,50 g,9 g,0 g,,,0 mg,,,,,,,,,1,(227 g),,,47 g,,,,,,,,
1636,Pinkberry,Yogurt frozen pinkberry (Kecil),,,150 kkal,0 g,,,,,,31 g,6 g,0 g,,,0 mg,,,,,,,,,1,(142 g),,,30 g,,,,,,,,
1637,Wingstop,Garlic parmesan (classic wings),,,206 kkal,15 g,,,,,,1 g,16 g,1 g,,,0 mg,,,,,,,,,1,(0 g),,,0 g,,,,,,,,
1638,Wingstop,Lemon pepper (classic wings),,,180 kkal,13 g,,,,,,1 g,15 g,1 g,,,0 mg,,,,,,,,,1,(0 g),,,0 g,,,,,,,,
1639,Wingstop,Red Hot Cajun  (classic wings),,,142 kkal,8 g,,,,,,1 g,15 g,1 g,,,0 mg,,,,,,,,,1,(0 g),,,0 g,,,,,,,,
1640,Wingstop,Lousiana rub (classic wings),,,171 kkal,12 g,,,,,,1 g,15 g,1 g,,,0 mg,,,,,,,,,1,(0 g),,,0 g,,,,,,,,
1641,Wingstop,Hickory smoked BBQ  (classic wings),,,171 kkal,8 g,,,,,,8 g,15 g,1 g,,,0 mg,,,,,,,,,1,(0 g),,,7 g,,,,,,,,
1642,Wingstop,Atomic blast,,,144 kkal,9 g,,,,,,2 g,15 g,1 g,,,0 mg,,,,,,,,,1,(0 g),,,0 g,,,,,,,,
1643,Mooncake,Baked lotus paste mooncake,,,191 kkal,8.66 g,,,,,,25.38 g,2.78 g,1.34 g,,,0 mg,,,,,,,,,1,(50 g),,,,,,,,,,,
1644,Mooncake,Baked lotus paste mooncake with one egg yolk,,,197 kkal,11.21 g,,,,,,20.79 g,3.20 g,0.97 g,,,0 mg,,,,,,,,,1,(47 g),,,,,,,,,,,
1645,Mooncake,Snow skin lotus paste mooncake,,,187 kkal,8.04 g,,,,,,26.36 g,2.12 g,1.16 g,,,0 mg,,,,,,,,,1,(50 g),,,,,,,,,,,
1646,Mooncake,Red Bean Paste Mooncake,,,185 kkal,7.18 g,,,,,,27.14 g,2.76 g,2.48 g,,,0 mg,,,,,,,,,1,(50 g),,,,,,,,,,,
1647,Mooncake,Baked lotus paste mooncake with two egg yolks,,,223 kkal,13.79 g,,,,,,20.50 g,4.05 g,0.85 g,,,0 mg,,,,,,,,,1,(48 g),,,,,,,,,,,
1648,Mooncake,Mixed nut and Ham Mooncake,,,245 kkal,15.30 g,,,,,,21.38 g,5.40 g,2.08 g,,,0 mg,,,,,,,,,1,(50 g),,,,,,,,,,,
1649,PT. Yellow Pages,Quaker 3 in 1,,,120 kkal,3 g,,,,,,22 g,1 g,1 g,,,0 mg,,,,,,,,,1,(29 g),,,11 g,,,,,,,,
1650,PT. Yellow Pages,Quaker kari ayam,,,110 kkal,2.50 g,,,,,,18 g,4 g,2 g,,,0 mg,,,,,,,,,1,(28 g),,,,,,,,,,,
1651,PT. Mayora Indah Tbk.,Energen Oat milk,,,100 kkal,2 g,,,,,,16 g,3 g,2 g,,,0 mg,,,,,,,,,1,(24 g),,,1 g,,,,,,,,
1652,PT. Mayora Indah Tbk.,Energen sereal cokelat,,,130 kkal,3.50 g,,,,,,23 g,1 g,1 g,,,0 mg,,,,,,,,,1,(29 g),,,17 g,,,,,,,,
1653,PT. Nestle Indonesia,Nestle nestum,,,130 kkal,1.50 g,,,,,,27 g,3 g,1 g,,,0 mg,,,,,,,,,1,(32 g),,,9 g,,,,,,,,
1654,PT. Yakult Indonesia,Yakult,,,50 kkal,0 g,,,,,,11 g,1 g,,,,0 mg,,,,,,,,,1,(65 ml),,,10 g,,,,,,,,
1655,PT. Kalbe Nutritional,Nutrive Benecol,,,60 kkal,2 g,,,,,,9 g,1 g,0 g,,,0 mg,,,,,,,,,1,(100 ml),,,4 g,,,,,,,,
1656,PT. Prima Laktosa,Yoforia Berry smooth,,,130 kkal,2 g,,,,,,24 g,4 g,,,,0 mg,,,,,,,,,1,(200 ml),,,20 g,,,,,,,,
1657,PT. Lotte Mart Indonesia,Montou Plain,,,120 kkal,1 g,,,,,,24 g,2 g,,,,0 mg,,,,,,,,,± 12,(40 g),,,4 g,,,,,,,,
1658,PT. Lotte Indonesia,Montou rasa coklat,,,120 kkal,1.50 g,,,,,,24 g,3 g,,,,0 mg,,,,,,,,,± 12,(40 g),,,6 g,,,,,,,,
1659,PT. Sorin Mahasa,Mini pau kacang merah,,,80 kkal,1.50 g,,,,,,13 g,2 g,,,,0 mg,,,,,,,,,± 12,(25 g),,,2 g,,,,,,,,
1660,Buatan Sendiri,Pancake original,,,160 kkal,7 g,,,,,,22 g,4 g,,,,0 mg,,,,,,,,,1,(55 g),,,8 g,,,,,,,,
1661,Buatan Sendiri,Puff pastry sheet,,,200 kkal,13 g,,,,,,18 g,3 g,,,,0 mg,,,,,,,,,1,(50 g),,,1 g,,,,,,,,
1662,PT. Diamond Cold Storage,Pizza Base,,,110 kkal,1 g,,,,,,22 g,3 g,,,,0 mg,,,,,,,,,1,(40 g),,,0 g,,,,,,,,
1663,PT. Lemonilo Indonesia Sehat,Granola creation dark chocolate,,,236 kkal,7 g,,,,,,38 g,7 g,2 g,,,0 mg,,,,,,,,,1,(60 g),,,10 g,,,,,,,,
1664,PT. Lemonilo Indonesia Sehat,Granola creation tropical fruit and nuts,,,162 kkal,5 g,,,,,,23 g,7 g,2 g,,,0 mg,,,,,,,,,1,(60 g),,,5 g,,,,,,,,
1665,PT. Lemonilo Indonesia Sehat,Granola Bites chocolate vanilla,,,159 kkal,8 g,,,,,,21 g,3 g,2 g,,,0 mg,,,,,,,,,1,(30 g),,,7 g,,,,,,,,
1666,PT. Lemonilo Indonesia Sehat,Granola creation cinnamon and raisin,,,225 kkal,5 g,,,,,,36 g,7 g,2 g,,,0 mg,,,,,,,,,1,(60 g),,,10 g,,,,,,,,
1667,PT. Lemonilo Indonesia Sehat,Granola creation honey and mango,,,222 kkal,5 g,,,,,,38 g,7 g,2 g,,,0 mg,,,,,,,,,1,(60 g),,,10 g,,,,,,,,
1668,PT. Lemonilo Indonesia Sehat,Granola bites coconut banana,,,129 kkal,6 g,,,,,,17 g,2 g,2 g,,,0 mg,,,,,,,,,1,(330 g),,,8 g,,,,,,,,
1669,CV. SAMBAL CUK,Sambal cuk original cabe,,,160 kkal,13 g,,,,,,9 g,1 g,4 g,,,0 mg,,,,,,,,,1,(40 g),,,3 g,,,,,,,,
1670,CV. SAMBAL CUK,Sambal cuk ikan roa asap,,,220 kkal,20 g,,,,,,7 g,4 g,3 g,,,0 mg,,,,,,,,,1,(40 g),,,4 g,,,,,,,,
1671,CV. SAMBAL CUK,Sambal cuk korek bebek madura,,,170 kkal,14 g,,,,,,10 g,2 g,7 g,,,0 mg,,,,,,,,,1,(40 g),,,3 g,,,,,,,,
1672,CV. SAMBAL CUK,Sambal cuk ijo teri medan,,,190 kkal,17 g,,,,,,9 g,2 g,,,,0 mg,,,,,,,,,1,(40 g),,,,,,,,,,,
1673,PT. ABC Heinz Indonesia,Saus sambal ABC,,,28 kkal,0 g,,,,,,6 g,0 g,,,,0 mg,,,,,,,,,1,(9 g),,,5 g,,,,,,,,
1674,PT. Sekar Laut Tbk,Sambal Terasi Kokita,,,30 kkal,1 g,,,,,,5 g,1 g,,,,0 mg,,,,,,,,,1,(15 g),,,1 g,,,,,,,,
1675,PT. Sarani tani pratama,Sarden maya sardines saus tomat,,,80 kkal,1 g,,,,,,4 g,13 g,,,,0 mg,,,,,,,,,1,(100 g),,,,,,,,,,,
1676,PT. Sarani tani pratama,Mackerel Maya saus tomat,,,100 kkal,3 g,,,,,,4 g,16 g,,,,0 mg,,,,,,,,,1,(100 g),,,,,,,,,,,
1677,AYAM BRAND,Mackerel ayam brand saus tomat,,,130 kkal,8 g,,,,,,1 g,13 g,,,,0 mg,,,,,,,,,1,(70 g),,,1 g,,,,,,,,
1678,PT. ABC Heinz Indonesia,Sarden ABC saus tomat,,,100 kkal,2 g,,,,,,9 g,12 g,,,,0 mg,,,,,,,,,1,(70 g),,,2 g,,,,,,,,
1679,PT. Bali Maya Permai Food Canning Industry,King's Fisher sarden sambal bangkok,,,70 kkal,2 g,,,,,,6 g,8 g,,,,0 mg,,,,,,,,,1,(60 g),,,,,,,,,,,
1680,PT. Bali Maya Permai Food Canning Industry,King's Fisher sarden goreng balado,,,120 kkal,8 g,,,,,,4 g,8 g,,,,0 mg,,,,,,,,,1,(60 g),,,,,,,,,,,
1681,PT. Indofood CBP Sukses Makmur Tbk.,Indomie salted Egg,,,480 kkal,25 g,,,,,,53 g,11 g,2 g,,,0 mg,,,,,,,,,1,(100 g),,,6 g,,,,,,,,
1682,PT. Indofood CBP Sukses Makmur Tbk.,Indomie goreng sambal rica rica,,,420 kkal,22 g,,,,,,49 g,8 g,7 g,,,0 mg,,,,,,,,,1,(85 g),,,3 g,,,,,,,,
1683,PT. Indofood CBP Sukses Makmur Tbk.,Indomie goreng sambal matah,,,410 kkal,20 g,,,,,,51 g,8 g,6 g,,,0 mg,,,,,,,,,1,(85 g),,,2 g,,,,,,,,
1684,Samyang Foods Co.Ltd Korea,Samyang buldak cheese,,,550 kkal,18 g,,,,,,84 g,13 g,1 g,,,0 mg,,,,,,,,,1,(140 g),,,7 g,,,,,,,,
1685,Samyang Foods Co.Ltd Korea,Samyang Buldak extra hot,,,530 kkal,16 g,,,,,,85 g,12 g,1 g,,,0 mg,,,,,,,,,1,(140 g),,,7 g,,,,,,,,
1686,Samyang Foods Co.Ltd Korea,Samyang buldak stew,,,540 kkal,16 g,,,,,,69 g,10 g,1 g,,,0 mg,,,,,,,,,1,(145 g),,,7 g,,,,,,,,
1687,McDonald's,Mcdonald Sausage Mcmuffin,,,400 kkal,25 g,,,,,,29 g,14 g,2 g,,,0 mg,,,,,,,,,1,(114 g),,,3 g,,,,,,,,
1688,Mc,Mcdonald kentang gorengg / french fries,,,340 kkal,16 g,,,,,,44 g,4 g,4 g,,,0 mg,,,,,,,,,1,(117 g),,,0 g,,,,,,,,
1689,McDonald's,Mcdonald Apple pie,,,230 kkal,10 g,,,,,,32 g,2 g,4 g,,,0 mg,,,,,,,,,1,(77 g),,,13 g,,,,,,,,
1690,McDonald's,Mcdonald Eeg  mcmuffin,,,300 kkal,12 g,,,,,,30 g,18 g,2 g,,,0 mg,,,,,,,,,1,(138 g),,,3 g,,,,,,,,
1691,McDonald's,Mcdonald Mcnugget,,,270 kkal,16 g,,,,,,16 g,15 g,1 g,,,0 mg,,,,,,,,,1,(97 g),,,0 g,,,,,,,,
1692,McDonald's,Mcdonald Hotcakes,,,600 kkal,16 g,,,,,,102 g,9 g,2 g,,,0 mg,,,,,,,,,1,(151 g),,,45 g,,,,,,,,
1693,Cheesecake Factory,Cheesecake Factory original cheesecake,,,830 kkal,58 g,,,,,,64 g,12 g,1 g,,,0 mg,,,,,,,,,1,(0 g),,,52 g,,,,,,,,
1694,Cheesecake Factory,Cheesecake Factory Oreo dream extreme cheesecake,,,1620 kkal,99 g,,,,,,178 g,17 g,7 g,,,0 mg,,,,,,,,,1,(0 g),,,134 g,,,,,,,,
1695,Cheesecake Factory,Cheesecake Factory ultimate red velvet cake cheesecake,,,1570 kkal,116 g,,,,,,125 g,14 g,1 g,,,0 mg,,,,,,,,,1,(0 g),,,105 g,,,,,,,,
1696,Cheesecake Factory,Cheesecake Factory Hot fudge sundae,,,1310 kkal,86 g,,,,,,116 g,20 g,6 g,,,0 mg,,,,,,,,,1,(0 g),,,94 g,,,,,,,,
1697,Cheesecake Factory,Cheesecake Factory oreo milkshake,,,1680 kkal,94 g,,,,,,183 g,27 g,3 g,,,0 mg,,,,,,,,,1,(0 g),,,131 g,,,,,,,,
1698,Cheesecake Factory,Cheesecake Factory carrot cake,,,1710 kkal,122 g,,,,,,146 g,15 g,5 g,,,0 mg,,,,,,,,,1,(0 g),,,117 g,,,,,,,,
1699,PT. Nippon Indosari corporindo Tbk,Sariroti roti tawar double soft,,,140 kkal,3 g,,,,,,23 g,4 g,3 g,,,105 mg,,,,,,,,,1,(45 g),,,1 g,,,,,,,,
1700,PT. Nippon Indosari corporindo Tbk,Sariroti roti isi cokelat keju,,,230 kkal,9 g,,,,,,32 g,6 g,2 g,,,220 mg,,,,,,,,,1,(69 g),,,6 g,,,,,,,,
1701,PT. Nippon Indosari corporindo Tbk,Sariroti roti krim keju,,,210 kkal,7 g,,,,,,30 g,5 g,1 g,,,220 mg,,,,,,,,,1,(60 g),,,7 g,,,,,,,,
1702,PT. Nippon Indosari corporindo Tbk,Sariroti roti tawar gandum,,,190 kkal,3.50 g,,,,,,32 g,6 g,6 g,,,290 mg,,,,,,,,,1,(70 g),,,2 g,,,,,,,,
1703,PT. Nippon Indosari corporindo Tbk,Sariroti roti isi cokelat,,,240 kkal,8 g,,,,,,36 g,5 g,2 g,,,0 mg,,,,,,,,,1,(66 g),,,8 g,,,,,,,,
1704,PT. Nippon Indosari corporindo Tbk,Sariroti roti krim cokelat,,,220 kkal,8 g,,,,,,52 g,4 g,2 g,,,230 mg,,,,,,,,,1,(60 g),,,10 g,,,,,,,,
1705,KEWPIE,Kewpie mayonais original,,,100 kkal,11 g,,,,,,0 g,1 g,,,,70 mg,,,,,,,,,1,(15 g),,,,,,,,,,,
1706,KEWPIE,Kewpie Thousand island,,,70 kkal,6 g,,,,,,4 g,1 g,,,,260 mg,,,,,,,,,1,(25 ml),,,,,,,,,,,
1707,KEWPIE,Kewpie Tomat pedas,,,80 kkal,6 g,,,,,,5 g,1 g,,,,350 mg,,,,,,,,,1,(25 ml),,,,,,,,,,,
1708,KEWPIE,Kewpie Wijen sangrai,,,90 kkal,7 g,,,,,,5 g,1 g,,,,190 mg,,,,,,,,,1,(25 ml),,,,,,,,,,,
1709,KEWPIE,Kewpie Caesar,,,70 kkal,6 g,,,,,,3 g,1 g,,,,190 mg,,,,,,,,,1,(25 ml),,,,,,,,,,,
1710,KEWPIE,Kewpie Kecap Jepang,,,60 kkal,5 g,,,,,,3 g,1 g,,,,260 mg,,,,,,,,,1,(25 ml),,,,,,,,,,,
1711,KEWPIE,Kewpie Original,,,70 kkal,6 g,,,,,,4 g,0 g,,,,85 mg,,,,,,,,,1,(15 g),,,,,,,,,,,
1712,KEWPIE,Kewpie cokelat pisang,,,90 kkal,6 g,,,,,,8 g,1 g,,,,0 mg,,,,,,,,,1,(15 g),,,,,,,,,,,
1713,KEWPIE,Kewpie Vanila Matcha,,,80 kkal,5 g,,,,,,9 g,0 g,,,,90 mg,,,,,,,,,1,(15 g),,,,,,,,,,,
1714,KEWPIE,Kewpie keju,,,60 kkal,4.50 g,,,,,,4 g,0 g,,,,115 mg,,,,,,,,,1,(15 g),,,,,,,,,,,
1715,KEWPIE,Kewpie cokelat kopi,,,90 kkal,5 g,,,,,,5 g,1 g,,,,0 mg,,,,,,,,,1,(15 g),,,,,,,,,,,
1716,KEWPIE,Kewpie Vanila Stroberi,,,90 kkal,6 g,,,,,,9 g,6 g,,,,0 mg,,,,,,,,,1,(15 g),,,,,,,,,,,
1717,PT. Kuala Pangan,Super bihun kuah,,,190 kkal,2.50 g,,,,,,36 g,4 g,3 g,,,1190 mg,,,,,,,,,1,,,2.50 g,0 g,0 mg,,,,,,,
1718,PT. Kuala Pangan,Super bihun goreng,,,250 kkal,5 g,,,,,,46 g,4 g,4 g,,,0 mg,,,,,,,,,1,(65 g),,,3 g,,,,,,,,
1719,PT. Tiga Pilar Sejahtera Food Tbk,Bihunku white curry,,,220 kkal,6 g,,,,,,38 g,2 g,,,,0 mg,,,,,,,,,1,(55 g),,,4 g,,,,,,,,
1720,PT. Tiga Pilar Sejahtera Food Tbk,Bihunku goreng spesial,,,230 kkal,4 g,,,,,,47 g,2 g,,,,0 mg,,,,,,,,,1,(60 g),,,6 g,,,,,,,,
1721,PT. Sungan Budi,Rose brand bihun rasa ayam bawang,,,190 kkal,1 g,,,,,,44 g,1 g,6 g,,,0 mg,,,,,,,,,1,(55 g),,,1 g,,,,,,,,
1722,PT. Sungan Budi,Rose brand bihun rasa ayam pedas,,,190 kkal,1.50 g,,,,,,43 g,1 g,6 g,,,0 mg,,,,,,,,,1,(55 g),,,2 g,,,,,,,,
1723,PT. Mayora Indah Tbk.,Roma Marie Gold,,,90 kkal,3 g,,,,,,15 g,2 g,,,,0 mg,,,,,,,,,1,(20 g),,,4 g,,,,,,,,
1724,PT. Mayora Indah Tbk.,Roma sari gandum,,,100 kkal,4 g,,,,,,13 g,2 g,,,,0 mg,,,,,,,,,1,(19.50 g),,,3 g,,,,,,,,
1725,PT. Mondelez Indonesia,Belvita madu dan cokelat,,,180 kkal,6 g,,,,,,28 g,3 g,1 g,,,0 mg,,,,,,,,,1,(40 g),,,11 g,,,,,,,,
1726,PT. Mondelez Indonesia,Belvita susu dan sereal,,,180 kkal,6 g,,,,,,28 g,3 g,1 g,,,0 mg,,,,,,,,,1,(40 g),,,10 g,,,,,,,,
1727,PT. Fastrata Buana,Oat 8 Almond,,,150 kkal,7 g,,,,,,17 g,3 g,1 g,,,0 mg,,,,,,,,,1,(28.50 g),,,7 g,,,,,,,,
1728,PT. Fastrata Buana,Oat 8 Kacang ijo,,,130 kkal,4 g,,,,,,19 g,3 g,1 g,,,0 mg,,,,,,,,,1,(28.50 g),,,9 g,,,,,,,,
1730,PT. Nestle Indonesia,Susu Bear brand gold malt putih,,,120 kkal,1.50 g,,,,,,19 g,4 g,,,,0 mg,,,,,,,,,1,(140 ml),,,,,,,,,,,
1731,PT. Nestle Indonesia,Susu Bear brand gold teh putih,,,70 kkal,2 g,,,,,,10 g,4 g,,,,0 mg,,,,,,,,,1,(140 ml),,,,,,,,,,,
1732,"PT. Ultrajaya Milk Industry, Tbk",Susu Ultra Milk Full cream (kotak),,,150 kkal,8 g,,,,,,12 g,8 g,,,,0 mg,,,,,,,,,1,(250 ml),,,,,,,,,,,
1733,Saladstop!,Saladstop Hail caesar w/o chicken,,,471.90 kkal,34.30 g,,,,,,19 g,22.80 g,3.90 g,,,0 mg,,,,,,,,,1,(0 g),,,3.50 g,,,,,,,,
1734,Saladstop!,Saladstop Tuna San,,,327.80 kkal,18.90 g,,,,,,25.10 g,19.50 g,8.80 g,,,0 mg,,,,,,,,,1,(0 g),,,14.70 g,,,,,,,,
1735,Saladstop!,"Saladstop Iron ""wo"" man",,,442 kkal,32.30 g,,,,,,30.20 g,13.20 g,5.50 g,,,0 mg,,,,,,,,,1,(0 g),,,18.70 g,,,,,,,,
1736,Saladstop!,Saladstop Oh Crab Lah,,,435.30 kkal,19.60 g,,,,,,24.90 g,18.60 g,5 g,,,0 mg,,,,,,,,,1,(0 g),,,6.30 g,,,,,,,,
1737,Saladstop!,Saladstop Omega 3 baby,,,391.30 kkal,28.70 g,,,,,,18.60 g,17.30 g,6.70 g,,,0 mg,,,,,,,,,1,(0 g),,,9.60 g,,,,,,,,
1738,Saladstop!,Saladstop Go Geisha,,,259.20 kkal,9.60 g,,,,,,31.20 g,13.60 g,5.80 g,,,0 mg,,,,,,,,,1,(0 g),,,15.90 g,,,,,,,,
1739,Outback steackhouse,Outback steackhouse outback special,,,280 kkal,9 g,,,,,,0 g,51 g,,,,0 mg,,,,,,,,,1,(226 g),,,,,,,,,,,
1740,Outback steackhouse,Outback steackhouse new york strip,,,810 kkal,62 g,,,,,,0 g,63 g,,,,0 mg,,,,,,,,,1,(340 g),,,,,,,,,,,
1741,Outback steackhouse,Outback steackhouse Ribeye,,,540 kkal,35 g,,,,,,0 g,58 g,,,,0 mg,,,,,,,,,1,(284 g),,,,,,,,,,,
1742,Outback steackhouse,Outback steackhouse slow roasted prime rib,,,700 kkal,57 g,,,,,,0 g,46 g,,,,0 mg,,,,,,,,,1,(226 g),,,,,,,,,,,
1743,Outback steackhouse,Outback steackhouse Victoria's Filet,,,320 kkal,12 g,,,,,,0 g,53 g,,,,0 mg,,,,,,,,,1,(226 g),,,,,,,,,,,
1744,Outback steackhouse,Outback steackhouse T-Bone,,,910 kkal,64 g,,,,,,4 g,79 g,,,,0 mg,,,,,,,,,1,(510 g),,,,,,,,,,,
1745,Tony roma's,Tony roma's potato skin,,,751 kkal,51 g,,,,,,41 g,35 g,0 g,,,0 mg,,,,,,,,,1,(0 g),,,2 g,,,,,,,,
1746,Tony roma's,Tony roma's the original baby back ribs,,,563 kkal,25 g,,,,,,55 g,30 g,0 g,,,0 mg,,,,,,,,,1,(454 g),,,50 g,,,,,,,,
1747,Tony roma's,"Tony roma's onion loaf (full, with bbq sauce)",,,1200 kkal,23 g,,,,,,205 g,23 g,,,,0 mg,,,,,,,,,1,(0 g),,,12 g,,,,,,,,
1748,Tony roma's,Tony roma's,,,1001 kkal,76 g,,,,,,1 g,72 g,,,,0 mg,,,,,,,,,1,(340 g),,,,,,,,,,,
1749,Go Natural,Go Natural fruit and nut delight,,,230 kkal,13.50 g,,,,,,20.70 g,6.20 g,5.40 g,,,0 mg,,,,,,,,,1,(50 g),,,12.10 g,,,,,,,,
1750,Go Natural,Go Natural nut delight,,,206 kkal,15.40 g,,,,,,11 g,6.20 g,3.10 g,,,0 mg,,,,,,,,,1,(40 g),,,5.40 g,,,,,,,,
1751,Omni Bar,Omni Bar dark chocolate,,,160 kkal,5 g,,,,,,23 g,3 g,3 g,,,0 mg,,,,,,,,,1,(35 g),,,6 g,,,,,,,,
1752,Omni Bar,Omni Bar,,,160 kkal,6 g,,,,,,21 g,5 g,3 g,,,0 mg,,,,,,,,,1,(35 g),,,7 g,,,,,,,,
1753,Carman's,Carman's fruit and nut,,,183 kkal,6.70 g,,,,,,25.10 g,4.10 g,3.10 g,,,0 mg,,,,,,,,,1,(45 g),,,7.80 g,,,,,,,,
1754,Carman's,Carman's fruit free,,,190 kkal,7.40 g,,,,,,24.80 g,4.50 g,3.30 g,,,0 mg,,,,,,,,,1,(45 g),,,6.10 g,,,,,,,,
1755,PT.Nutrifood indonesia,Biskuit WRP Everyday chocolate chip,,,100 kkal,5 g,,,,,,11 g,1 g,2 g,,,0 mg,,,,,,,,,1,(20 g),,,,,,,,,,,
1756,PT. Serena Land,Biskuit Serena broniz,,,100 kkal,5 g,,,,,,13 g,2 g,1 g,,,0 mg,,,,,,,,,1,(20 g),,,7 g,,,,,,,,
1757,PT. Agel Langgeng,Lovy cookies chocobutter,,,150 kkal,8 g,,,,,,20 g,2 g,,,,0 mg,,,,,,,,,1,(30 g),,,8 g,,,,,,,,
1758,PT. Agel Langgeng,Lovy cookies coffeeccino,,,150 kkal,7 g,,,,,,20 g,2 g,,,,0 mg,,,,,,,,,1,(30 g),,,7 g,,,,,,,,
1759,PT. Munchy's Indonesia,Cookies Oat krunch coklat gelap,,,120 kkal,4.50 g,,,,,,18 g,2 g,2 g,,,0 mg,,,,,,,,,1,(26 g),,,6 g,,,,,,,,
1760,PT. Konimex,Biskuit choco mania,,,100 kkal,4.50 g,,,,,,14 g,1 g,,,,0 mg,,,,,,,,,1,(21 g),,,7 g,,,,,,,,
1761,PT. Sukanda djaya,Golden Farm french fries,,,170 kkal,4.50 g,,,,,,29 g,3 g,,,,0 mg,,,,,,,,,1,(100 g),,,0 g,,,,,,,,
1762,PT. Sukanda djaya,Golden Farm frozen pea,,,90 kkal,1 g,,,,,,12 g,7 g,,,,0 mg,,,,,,,,,1,(100 g),,,3 g,,,,,,,,
1763,PT. Sukanda djaya,Golden Farm corn kernel,,,70 kkal,1 g,,,,,,14 g,3 g,,,,0 mg,,,,,,,,,1,(100 g),,,3 g,,,,,,,,
1764,PT. Sukanda djaya,Golden Farm mixed vegetable,,,70 kkal,1 g,,,,,,14 g,3 g,,,,0 mg,,,,,,,,,1,(100 g),,,4 g,,,,,,,,
1765,PT.Etira Champimer Indonesia,Etira singkong stik,,,170 kkal,1 g,,,,,,40 g,1 g,3 g,,,0 mg,,,,,,,,,1,(100 g),,,,,,,,,,,
1766,PT. Mitratani dua tujuh,Mitratani edamame,,,100 kkal,4 g,,,,,,8 g,10 g,8 g,,,0 mg,,,,,,,,,1,(100 g),,,,,,,,,,,
1767,PT.Nutrifood indonesia,kopi tropicana slim white coffe,,,80 kkal,3 g,,,,,,14 g,2 g,,,,0 mg,,,,,,,,,1,(20 g),,,7 g,,,,,,,,
1768,CV. Esprecielo International,Esprecielo caramel macchiato,,,110 kkal,4 g,,,,,,17 g,1 g,0 g,,,0 mg,,,,,,,,,1,(23 g),,,10 g,,,,,,,,
1769,PT. Nestle Indonesia,kopi Nescafe green coffe,,,90 kkal,2.50 g,,,,,,15 g,0 g,,,,0 mg,,,,,,,,,1,(20 g),,,11 g,,,,,,,,
1770,PT. SIF,kopi Indocafe white,,,60 kkal,3.50 g,,,,,,7 g,1 g,1 g,,,0 mg,,,,,,,,,1,(12 g),,,,,,,,,,,
1771,PT. KARNIEL PACIFIC INDONESIA,kopi Karniel coffee7 caramel macchiato,,,100 kkal,4 g,,,,,,15 g,2 g,,,,0 mg,,,,,,,,,1,(22.50 g),,,10 g,,,,,,,,
1772,PT. Nestle Indonesia,kopi Nescafe 3in1 creamy,,,80 kkal,2 g,,,,,,15 g,0 g,,,,0 mg,,,,,,,,,1,(18 g),,,13 g,,,,,,,,
1773,Familia,Familia Choco crunch,,,461 kkal,19 g,,,,,,63 g,8 g,6 g,,,0 mg,,,,,,,,,1,(100 g),,,31 g,,,,,,,,
1774,Familia,Familia knusper cruch,,,464 kkal,20 g,,,,,,60 g,8 g,6 g,,,0 mg,,,,,,,,,1,(100 g),,,22 g,,,,,,,,
1775,Carman's,Carman's fruit free muesli,,,451 kkal,19.20 g,,,,,,50.60 g,14.60 g,9.60 g,,,0 mg,,,,,,,,,1,(100 g),,,8 g,,,,,,,,
1776,Carman's,Carman's bircher muesli,,,421 kkal,17.10 g,,,,,,48.10 g,14.70 g,7.90 g,,,0 mg,,,,,,,,,1,(100 g),,,16 g,,,,,,,,
1777,Monster,Monster sports muesli,,,359 kkal,8.30 g,,,,,,56.20 g,11.70 g,12.20 g,,,0 mg,,,,,,,,,1,(100 g),,,10.20 g,,,,,,,,
1778,Monster,Monster  tropical muesli,,,355 kkal,8.20 g,,,,,,62 g,9 g,10.40 g,,,0 mg,,,,,,,,,1,(100 g),,,18.70 g,,,,,,,,
1779,Carl's Jr,Burger Carl's Jr famous star with cheese,,,670 kkal,28 g,,,,,,57 g,28 g,3 g,,,0 mg,,,,,,,,,1,(284 g),,,12 g,,,,,,,,
1780,Carl's Jr,Burger Carl's Jr super star with cheese,,,920 kkal,56 g,,,,,,59 g,48 g,4 g,,,0 mg,,,,,,,,,1,(390 g),,,13 g,,,,,,,,
1781,Carl's Jr,Burger Carl's Jr double western bacon cheeseburger,,,1010 kkal,55 g,,,,,,76 g,55 g,4 g,,,0 mg,,,,,,,,,1,(332 g),,,16 g,,,,,,,,
1782,Carl's Jr,Burger Carl's Jr western bacon cheeseburger,,,750 kkal,35 g,,,,,,75 g,36 g,4 g,,,0 mg,,,,,,,,,1,(250 g),,,16 g,,,,,,,,
1783,Carl's Jr,Burger Carl's Jr california classic double cheeseburger,,,600 kkal,39 g,,,,,,41 g,23 g,2 g,,,0 mg,,,,,,,,,1,(283 g),,,11 g,,,,,,,,
1784,Carl's Jr,Burger Carl's Jr the big carl,,,920 kkal,58 g,,,,,,56 g,47 g,3 g,,,0 mg,,,,,,,,,1,(321 g),,,12 g,,,,,,,,
1785,PT. Nutrifood Indonesia,Sirup Tropicana sirup slim sirup orange,,,5 kkal,0 g,,,,,,0 g,0 g,,,,0 mg,,,,,,,,,1,(25 ml),,,,,,,,,,,
1786,PT.Nutrifood indonesia,Sirup Tropicana sirup lychee,,,5 kkal,0 g,,,,,,2 g,0 g,,,,0 mg,,,,,,,,,1,(25 ml),,,,,,,,,,,
1787,PT.Nutrifood indonesia,Sirup Tropicana sirup cocopandan,,,5 kkal,0 g,,,,,,2 g,0 g,,,,0 mg,,,,,,,,,1,(25 ml),,,,,,,,,,,
1788,PT.Lasallefood,Sirup Sunquick Orange,,,45 kkal,0 g,,,,,,11 g,0 g,,,,0 mg,,,,,,,,,1,(17 ml),,,11 g,,,,,,,,
1789,PT.Lasallefood,Sirup Sunquick Mango,,,45 kkal,0 g,,,,,,10 g,0 g,,,,0 mg,,,,,,,,,1,(17 ml),,,9 g,,,,,,,,
1790,PT.Lasallefood,Sirup Sunquick Exotic,,,45 kkal,0 g,,,,,,11 g,0 g,,,,0 mg,,,,,,,,,1,(17 ml),,,11 g,,,,,,,,
1791,PT. Indofood CBP Sukses Makmur Tbk.,Pasta La fonte spaghetti with bolognese sauce,,,420 kkal,0 g,,,,,,93 g,10 g,6 g,,,0 mg,,,,,,,,,1,(117 g),,,,,,,,,,,
1792,PT. Indofood CBP Sukses Makmur Tbk.,Pasta La fonte spaghetti with mushroom sauce,,,340 kkal,4 g,,,,,,60 g,8 g,3 g,,,0 mg,,,,,,,,,1,(117 g),,,7 g,,,,,,,,
1793,PT. Indofood CBP Sukses Makmur Tbk.,Pasta La fonte spaghetti with chicken sauce,,,340 kkal,8 g,,,,,,57 g,10 g,4 g,,,0 mg,,,,,,,,,1,(117 g),,,,,,,,,,,
1794,PT. Indofood CBP Sukses Makmur Tbk.,Pasta La fonte macaroni with cheese,,,230 kkal,3 g,,,,,,45 g,8 g,7 g,,,0 mg,,,,,,,,,1,(63 g),,,5 g,,,,,,,,
1795,PT. Bogasari,La pasta royale cheese bolognese,,,340 kkal,6 g,,,,,,64 g,10 g,8 g,,,0 mg,,,,,,,,,1,(102 g),,,10 g,,,,,,,,
1796,PT. Bogasari,La pasta royale hot and spicy,,,330 kkal,7 g,,,,,,58 g,9 g,7 g,,,0 mg,,,,,,,,,1,(90 g),,,22 g,,,,,,,,
1797,Subway,Subway Turkey breast sandwich,,,280 kkal,3.50 g,,,,,,46 g,18 g,5 g,,,0 mg,,,,,,,,,1,(219 g),,,7 g,,,,,,,,
1798,Subway,Subway classic tuna sandwich,,,470 kkal,25 g,,,,,,41 g,20 g,2 g,,,0 mg,,,,,,,,,1,(230 g),,,5 g,,,,,,,,
1799,Subway,Subway sweet onion chicken teriyaki sandwich,,,370 kkal,4.50 g,,,,,,58 g,25 g,5 g,,,0 mg,,,,,,,,,1,(276 g),,,16 g,,,,,,,,
1800,Subway,Subway black forest ham sandwich,,,290 kkal,4.50 g,,,,,,46 g,18 g,5 g,,,0 mg,,,,,,,,,1,(226 g),,,8 g,,,,,,,,
1801,Subway,Subway spicy italian sandwich,,,470 kkal,24 g,,,,,,43 g,19 g,3 g,,,0 mg,,,,,,,,,1,(214 g),,,6 g,,,,,,,,
1802,Subway,Subway steak and cheese sandwich,,,360 kkal,10 g,,,,,,43 g,24 g,2 g,,,0 mg,,,,,,,,,1,(167 g),,,5 g,,,,,,,,
1803,PT. Indofood CBP Sukses Makmur Tbk.,Indomie soto padang,,,330 kkal,14 g,,,,,,44 g,8 g,6 g,,,0 mg,,,,,,,,,1,(75 g),,,0 g,,,,,,,,
1804,PT. Indofood Sukses Makmur,Mie Sedaap baso spesial,,,340 kkal,13 g,,,,,,47 g,9 g,6 g,,,0 mg,,,,,,,,,1,(77 g),,,2 g,,,,,,,,
1805,PT. Indofood Sukses Makmur,Mie sedaap kari spesial,,,340 kkal,13 g,,,,,,48 g,8 g,3 g,,,0 mg,,,,,,,,,1,(76 g),,,2 g,,,,,,,,
1806,PT. SARIMI ASLI JAYA,Sarimi isi tongseng ayam,,,560 kkal,23 g,,,,,,76 g,11 g,6 g,,,0 mg,,,,,,,,,1,(120 g),,,5 g,,,,,,,,
1807,PT. SARIMI ASLI JAYA,Sarimi isi 2 ayam bawang,,,510 kkal,20 g,,,,,,70 g,13 g,3 g,,,0 mg,,,,,,,,,1,(115 g),,,3 g,,,,,,,,
1808,PT. Nutrifood Indonesia,Tropicana slim classic,,,5 kkal,0 g,,,,,,2 g,0 g,,,,0 mg,,,,,,,,,1,(2.50 g),,,0 g,,,,,,,,
1809,PT.Nutrifood indonesia,Tropicana Slim DIABTX,,,0 kkal,0 g,,,,,,2 g,0 g,,,,0 mg,,,,,,,,,1,(2 g),,,0 g,,,,,,,,
1810,PT. Indofood indonesia,Tropinana Slim Stevia,,,0 kkal,0 g,,,,,,3 g,0 g,,,,0 mg,,,,,,,,,1,(2.60 g),,,0 g,,,,,,,,
1811,PT. Kalbe Nutritional,Nulife sweetener,,,5 kkal,0 g,,,,,,1 g,0 g,,,,0 mg,,,,,,,,,1,(1.50 g),,,0 g,,,,,,,,
1812,PT. Kalbe Nutritional,Diabetasol sweetener,,,0 kkal,0 g,,,,,,1 g,0 g,,,,0 mg,,,,,,,,,1,(1 g),,,0 g,,,,,,,,
1813,PT. Konimex,Konimex Diasweet,,,0 kkal,0 g,,,,,,1 g,0 g,,,,0 mg,,,,,,,,,1,(1 g),,,0 g,,,,,,,,
1814,The coffe bean & tea leaf,The coffe bean & tea leaf pure chocolate ice blended drink,,,390 kkal,7 g,,,,,,72 g,15 g,,,,0 mg,,,,,,,,,1,(0 g),,,59 g,,,,,,,,
1815,The coffe bean & tea leaf,The coffe bean & tea leaf pure vanilla ice blended drink,,,410 kkal,9 g,,,,,,70 g,15 g,,,,0 mg,,,,,,,,,1,(0 g),,,63 g,,,,,,,,
1816,The coffe bean & tea leaf,The coffe bean & tea leaf matcha ice blended drink,,,410 kkal,9 g,,,,,,67 g,16 g,,,,0 mg,,,,,,,,,1,(0 g),,,59 g,,,,,,,,
1817,The coffe bean & tea leaf,The coffe bean & tea leaf mocha ice blended drink,,,350 kkal,7 g,,,,,,67 g,11 g,,,,0 mg,,,,,,,,,1,(0 g),,,55 g,,,,,,,,
1818,The coffe bean & tea leaf,The coffe bean & tea leaf cramel ice blended drink,,,520 kkal,11 g,,,,,,98 g,12 g,,,,0 mg,,,,,,,,,1,(0 g),,,85 g,,,,,,,,
1819,The coffe bean & tea leaf,The coffe bean & tea leaf black forest ice blended drink,,,490 kkal,10 g,,,,,,89 g,12 g,,,,0 mg,,,,,,,,,1,(0 g),,,76 g,,,,,,,,
1820,Quiznos,Quiznos peppercorn steak,,,840 kkal,42 g,,,,,,76 g,20 g,4 g,,,0 mg,,,,,,,,,1,(0 g),,,6 g,,,,,,,,
1821,Quiznos,Quiznos chicken carbonara,,,890 kkal,42 g,,,,,,73 g,54 g,3 g,,,0 mg,,,,,,,,,1,(0 g),,,7 g,,,,,,,,
1822,Quiznos,Quiznos classic italian,,,920 kkal,50 g,,,,,,77 g,41 g,4 g,,,0 mg,,,,,,,,,1,(0 g),,,11 g,,,,,,,,
1823,Quiznos,Quiznos Black angus steakhouse,,,780 kkal,27 g,,,,,,88 g,47 g,4 g,,,0 mg,,,,,,,,,1,(0 g),,,19 g,,,,,,,,
1824,Quiznos,Quiznos honey mustard chicken,,,850 kkal,36 g,,,,,,80 g,53 g,4 g,,,0 mg,,,,,,,,,1,(0 g),,,12 g,,,,,,,,
1825,Quiznos,Quiznos tuna melt,,,660 kkal,22 g,,,,,,76 g,44 g,3 g,,,0 mg,,,,,,,,,1,(0 g),,,6 g,,,,,,,,
1826,Auntie anne's,Auntie anne original pretzel,,,340 kkal,5 g,,,,,,65 g,8 g,2 g,,,0 mg,,,,,,,,,1,(123 g),,,10 g,,,,,,,,
1827,Auntie anne's,Auntie anne cinnamon sugar pretzel,,,470 kkal,12 g,,,,,,84 g,8 g,2 g,,,0 mg,,,,,,,,,1,(147 g),,,29 g,,,,,,,,
1828,Auntie anne's,Auntie anne sweet almond pretzel,,,390 kkal,6 g,,,,,,74 g,8 g,2 g,,,0 mg,,,,,,,,,1,(131 g),,,17 g,,,,,,,,
1829,Auntie anne's,Auntie anne garlic pretzel,,,350 kkal,5 g,,,,,,65 g,8 g,2 g,,,0 mg,,,,,,,,,1,(123 g),,,10 g,,,,,,,,
1830,Auntie anne's,Auntie anne sour cream and onion pretzel,,,360 kkal,5 g,,,,,,68 g,9 g,2 g,,,0 mg,,,,,,,,,1,(127 g),,,12 g,,,,,,,,
1831,Auntie anne's,Auntie anne pepperoni pretzel,,,480 kkal,16 g,,,,,,65 g,15 g,2 g,,,0 mg,,,,,,,,,1,(149 g),,,10 g,,,,,,,,
1832,PT. Indofood CBP Sukses Makmur Tbk.,Mie telur cap 3 ayam,,,230 kkal,0 g,,,,,,49 g,8 g,6 g,,,0 mg,,,,,,,,,1,(67 g),,,2 g,,,,,,,,
1833,PT. Suprama,Mie telur urai original pipih cap burung dara,,,510 kkal,2 g,,,,,,103 g,21 g,4 g,,,0 mg,,,,,,,,,1,(140 g),,,1 g,,,,,,,,
1834,PT. Suprama,Mie telur urai pipih cap burung dara,,,510 kkal,2 g,,,,,,102 g,21 g,4 g,,,0 mg,,,,,,,,,1,(140 g),,,1 g,,,,,,,,
1835,PB. Sumber Alam,Bihun cap dua burung (mentah),,,220 kkal,0 g,,,,,,52 g,3 g,5 g,,,0 mg,,,,,,,,,1,(60 g),,,0 g,,,,,,,,
1836,PT. Indofood indonesia,Sohun superindo (mentah),,,169 kkal,0 g,,,,,,42 g,0 g,,,,0 mg,,,,,,,,,1,(50 g),,,1 g,,,,,,,,
1837,Mie Ikan Paus,Misoa cap ikan paus (mentah),,,220 kkal,1.50 g,,,,,,45 g,7 g,1 g,,,0 mg,,,,,,,,,1,(60 g),,,0 g,,,,,,,,
1838,CV. Gloria Wijaya Kusuma,Abon sapi gloria,,,130 kkal,6 g,,,,,,12 g,12 g,,,,0 mg,,,,,,,,,1,(25 g),,,,,,,,,,,
1839,CV. Gloria Wijaya Kusuma,Abon ayam gloria,,,110 kkal,5 g,,,,,,10 g,7 g,,,,0 mg,,,,,,,,,1,(25 g),,,,,,,,,,,
1840,PT. Indofood indonesia,Abon sapi superindo,,,140 kkal,17 g,,,,,,60 g,14 g,3 g,,,0 mg,,,,,,,,,1,(100 g),,,20 g,,,,,,,,
1841,Jerky Jack Link's,Beef original jerky Jack link's,,,80 kkal,1 g,,,,,,6 g,10 g,,,,0 mg,,,,,,,,,1,(24 g),,,6 g,,,,,,,,
1842,PT. Indofood indonesia,Abon sapi super pedas superindo,,,510 kkal,27 g,,,,,,40 g,26 g,6 g,,,0 mg,,,,,,,,,1,(100 g),,,33 g,,,,,,,,
1843,PT. Sumber Selera,Dendeng sapi sumber  selera,,,190 kkal,4.50 g,,,,,,21 g,17 g,,,,0 mg,,,,,,,,,1,(50 g),,,8 g,,,,,,,,
1844,PT. Unilever Indonesia,Teh sariwangi,,,0 kkal,0 g,,,,,,0 g,0 g,0 g,,,0 mg,,,,,,,,,50,(1.85 g),,,0 g,,,,,,,,
1845,PT. Sinar Sosro,Teh celup sosro,,,0 kkal,0 g,,,,,,0 g,0 g,0 g,,,0 mg,,,,,,,,,± 50,(2 g),,,0 g,,,,,,,,
1846,PT. Gopek Cipta Utama,Teh gopek,,,0 kkal,0 g,,,,,,0 g,0 g,0 g,,,0 mg,,,,,,,,,± 50,(2 g),,,0 g,,,,,,,,
1847,PT. Kartini  teh nasional,Blacktea cap dandang,,,0 kkal,0 g,,,,,,0 g,0 g,0 g,,,0 mg,,,,,,,,,± 50,(2 g),,,0 g,,,,,,,,
1848,PT. Sari Incofood,Maxtea lemon tea,,,100 kkal,0 g,,,,,,25 g,0 g,,,,0 mg,,,,,,,,,± 50,(25 g),,,24 g,,,,,,,,
1849,PT. Sari Incofood,Maxtea tarik,,,120 kkal,3 g,,,,,,21 g,1 g,2 g,,,0 mg,,,,,,,,,± 50,(2 g),,,13 g,,,,,,,,
1850,PT. Sari Enesis Indonesia,Ademsari chingku herbal tea,,,90 kkal,0 g,,,,,,21 g,0 g,,,,0 mg,,,,,,,,,1,(325 ml),,,21 g,,,,,,,,
